# Blender v2.71 (sub 0) OBJ File: 'maze.blend'
# www.blender.org
v -0.049999 1.230085 -2.000002
v 0.000001 0.000000 -2.000001
v -0.000003 1.230085 -4.000001
v 0.000001 1.230085 -2.000001
v -0.049999 0.000000 -2.000001
v -0.050002 1.230085 -4.000002
v -0.000002 0.000000 -4.000001
v 0.000000 1.230085 0.000000
v -0.050002 0.000000 -4.000001
v 2.000000 0.000000 0.050000
v 0.000000 0.000000 0.050000
v 0.000000 0.000000 -0.000000
v 0.949998 0.000000 -3.000001
v 1.999999 1.230085 0.050000
v -0.000000 1.230085 0.050000
v 0.999998 0.000000 -3.000001
v 0.949998 1.230085 -3.000002
v 2.000000 0.000000 -0.950000
v 0.000000 0.000000 -0.950000
v 0.000000 0.000000 -1.000000
v 0.950001 0.000000 -1.000001
v 1.999999 1.230085 -0.950000
v -0.000000 1.230085 -0.950000
v 0.000000 1.230085 -1.000000
v 1.000001 1.230085 -1.000001
v 3.049998 0.000000 -3.000000
v 3.050000 0.000000 -1.000000
v 3.000000 0.000000 -1.000000
v 0.999997 1.230085 -3.000001
v 1.000001 0.000000 -1.000001
v 0.950001 1.230085 -1.000002
v -1.000000 1.230085 -5.050001
v 2.999998 0.000000 -3.000000
v -1.000001 0.000000 -5.000001
v -1.000001 1.230085 -5.000001
v -1.000001 0.000000 -5.050001
v 3.049998 1.230085 -3.000000
v 3.050000 1.230085 -1.000000
v 3.000000 1.230085 -1.000000
v 1.999998 0.000000 -2.999999
v 2.049998 0.000000 -3.000000
v 2.050000 0.000000 -0.999999
v 2.000000 0.000000 -1.000000
v 1.999998 1.230085 -3.000000
v 2.049998 1.230085 -2.999999
v 2.050000 1.230085 -0.999999
v 2.000000 1.230085 -0.999999
v 3.049998 0.000000 0.000000
v 2.999998 0.000000 2.000000
v 3.049998 1.230085 0.000001
v 2.999999 0.000000 -5.050003
v 2.999998 1.230085 2.000000
v 2.999998 0.000000 0.000000
v 3.028571 0.000000 2.000000
v 3.000000 1.230085 -5.050003
v 2.999998 1.230085 -0.000000
v 0.999999 0.000000 -5.050001
v 3.028571 1.230085 2.000000
v 0.999999 1.230085 -5.000001
v 1.999998 0.000000 0.000001
v 2.049998 0.000000 0.000001
v 2.050000 0.000000 2.000001
v 2.000000 0.000000 2.000000
v 1.999998 1.230085 0.000001
v 2.049998 1.230085 0.000002
v 2.050000 1.230085 2.000001
v 2.000000 1.230085 2.000001
v 3.049998 0.000000 -5.000000
v 0.999999 0.000000 -5.000001
v 0.999999 1.230085 -5.050001
v 2.999998 1.230085 -5.000000
v 0.999999 1.230085 -4.050001
v 0.999999 0.000000 -4.000001
v 3.000000 1.230085 -3.000000
v 2.999998 0.000000 -5.000000
v 2.999999 1.230085 -4.000004
v 0.999999 1.230085 -4.000001
v 0.999999 0.000000 -4.050001
v 3.000000 1.230085 -4.050002
v 3.049998 1.230085 -5.000000
v 2.999999 0.000000 -4.000002
v 2.999999 0.000000 -4.050002
v -1.049999 1.230085 -2.000002
v -0.999999 0.000000 -2.000001
v -1.000003 1.230085 -4.000001
v -0.999999 1.230085 -2.000001
v -1.049999 0.000000 -2.000001
v -1.050002 1.230085 -4.000002
v -1.000002 0.000000 -4.000001
v -1.050002 0.000000 -4.000001
v -1.049999 1.230085 -0.000002
v -0.999999 0.000000 -0.000001
v -0.999999 1.230085 -0.000001
v -1.049999 0.000000 -0.000001
v -1.049999 1.230085 1.999998
v -0.999999 1.230085 1.999999
v -0.999999 0.000000 1.999999
v -1.049999 0.000000 1.999999
v 0.974999 1.230085 1.024996
v 0.975000 0.000000 0.974996
v -1.025001 1.230085 0.975003
v 0.975000 1.230085 0.974996
v 0.975000 0.000000 1.024996
v -1.025001 1.230085 1.025001
v -1.025001 0.000000 0.975001
v -1.025001 0.000000 1.025001
v 0.975000 0.000000 2.974996
v -1.025001 1.230085 2.975003
v 0.975000 1.230085 2.974996
v -1.025001 1.230085 3.025001
v -1.025001 0.000000 2.975001
v -1.025001 0.000000 3.025001
v -1.024999 1.230085 -0.000001
v 2.999998 0.000000 2.974996
v 0.974999 1.230085 2.975003
v 2.999998 1.230085 2.974996
v 2.999998 0.000000 3.024996
v 0.974999 1.230085 3.025001
v 0.974999 0.000000 2.975001
v 0.974999 0.000000 3.025001
v 3.028571 0.000000 2.024996
v -1.024999 1.230085 1.999999
v 3.028571 1.230085 2.024996
v 2.999998 1.230085 3.024996
v 2.999998 0.000000 2.024996
v 3.028571 0.000000 3.024996
v 2.999998 1.230085 2.024996
v 3.028571 1.230085 3.024996
v -1.049999 0.615043 -0.000001
v -0.999999 0.615043 -0.000001
v -1.024999 0.000000 -0.000001
v 1.000000 0.000000 0.050000
v 2.000000 0.615043 0.050000
v 0.000000 0.000000 0.025000
v -0.000000 0.615043 0.050000
v -1.000001 1.230085 -3.000001
v -1.025002 0.000000 -4.000001
v -1.000003 0.615043 -4.000001
v 0.999999 1.230085 0.050000
v -1.050002 0.615043 -4.000001
v -1.025002 1.230085 -4.000001
v -1.024999 0.000000 -2.000001
v -1.000000 0.000000 -3.000001
v 1.000000 0.000000 -0.950000
v 2.000000 0.615043 -0.950000
v 0.000000 0.000000 -0.975000
v -0.000000 0.615043 -0.950000
v 0.000000 0.615043 -1.000000
v -0.999999 0.615043 -2.000001
v -1.050000 0.000000 -3.000001
v 0.999999 1.230085 -0.950000
v -0.000000 1.230085 -0.975000
v -1.049999 0.615043 -2.000001
v -1.024999 1.230085 -2.000001
v -1.050000 1.230085 -3.000002
v 3.049999 0.000000 -2.000000
v -0.050000 1.230085 -3.000002
v 3.025000 0.000000 -1.000000
v -0.024999 1.230085 -2.000001
v -0.049999 0.615043 -2.000001
v -0.050000 0.000000 -3.000001
v 0.000001 0.615043 -2.000001
v -0.000000 0.000000 -3.000001
v -0.024999 0.000000 -2.000001
v -0.025002 1.230085 -4.000001
v -0.050002 0.615043 -4.000001
v -0.000003 0.615043 -4.000001
v -0.025002 0.000000 -4.000001
v -0.000001 1.230085 -3.000001
v 0.999999 1.230085 -2.000001
v 0.974998 0.000000 -3.000001
v 0.999997 0.615043 -3.000001
v 0.949998 0.615043 -3.000002
v 0.974997 1.230085 -3.000002
v 3.049999 1.230085 -2.000000
v 3.025000 1.230085 -1.000000
v 2.024998 0.000000 -2.999999
v 1.999999 0.000000 -1.999999
v 1.999998 0.615043 -3.000000
v 2.049999 0.000000 -1.999999
v 2.049998 0.615043 -2.999999
v 2.025000 0.000000 -0.999999
v 2.050000 0.615043 -0.999999
v 2.000000 0.615043 -0.999999
v 2.024998 1.230085 -2.999999
v 1.999999 1.230085 -1.999999
v 2.049999 1.230085 -1.999999
v 2.025000 1.230085 -0.999999
v 0.975001 0.000000 -1.000001
v 1.000000 0.000000 -2.000001
v 1.000001 0.615043 -1.000001
v 0.950000 0.000000 -2.000001
v 3.049998 0.615043 0.000000
v 0.950001 0.615043 -1.000001
v 0.975001 1.230085 -1.000001
v 2.999998 0.615043 2.000000
v 0.950000 1.230085 -2.000002
v -1.000001 1.230085 -5.025001
v -1.000001 0.615043 -5.050001
v -1.000001 0.615043 -5.000001
v 2.999998 0.615043 -0.000000
v -1.000001 0.000000 -5.025001
v 3.028571 0.615043 2.000000
v 2.024998 0.000000 0.000001
v 1.999999 0.000000 1.000001
v 1.999998 0.615043 0.000001
v 2.049999 0.000000 1.000001
v 2.049998 0.615043 0.000001
v 2.025000 0.000000 2.000001
v 2.050000 0.615043 2.000001
v 2.000000 0.615043 2.000001
v 2.024998 1.230085 0.000001
v 1.999999 1.230085 1.000001
v 2.049999 1.230085 1.000001
v 2.025000 1.230085 2.000001
v 3.000000 0.615043 -5.050003
v 0.999999 0.000000 -5.025001
v 0.999999 0.615043 -5.000001
v 1.999999 0.000000 -5.050002
v 0.999999 0.615043 -5.050001
v 2.999999 1.230085 -4.000000
v 0.999999 1.230085 -5.025001
v 2.000000 1.230085 -5.050002
v 2.000000 1.230085 -4.050002
v 0.999999 1.230085 -4.025001
v 0.999999 0.615043 -4.050001
v 1.999999 0.000000 -4.050002
v 0.999999 0.615043 -4.000001
v 1.999999 0.000000 -4.000001
v 0.999999 0.000000 -4.025001
v 3.000000 1.230085 -4.025003
v 3.000000 0.615043 -4.050002
v 2.999999 0.615043 -4.000003
v 2.999999 0.000000 -4.025002
v 1.999999 1.230085 -4.000002
v 1.999999 0.000000 0.025000
v 0.999999 0.000000 0.000000
v 0.000000 0.615043 -0.000000
v 1.999999 1.230085 0.025000
v 0.999999 1.230085 0.000000
v -0.000000 1.230085 0.025000
v 2.000000 0.000000 -0.975000
v 1.000000 0.000000 -1.000000
v 2.000000 1.230085 -0.975000
v 1.000000 1.230085 -1.000000
v 3.024998 0.000000 -3.000000
v 2.999999 0.000000 -2.000000
v 2.999999 0.615043 -3.000000
v 3.049998 0.615043 -3.000000
v 3.050000 0.615043 -1.000000
v 3.000000 0.615043 -1.000000
v 3.024999 1.230085 -3.000000
v 3.000000 1.230085 -2.000000
v 3.024998 0.000000 0.000000
v 2.999998 0.000000 1.000000
v 3.039284 0.000000 1.000000
v 3.014285 0.000000 2.000000
v 3.024998 1.230085 0.000000
v 2.999998 1.230085 1.000000
v 3.039284 1.230085 1.000001
v 3.014285 1.230085 2.000000
v 3.024998 0.000000 -5.000000
v 2.999998 0.000000 -4.000000
v 2.999998 0.615043 -5.000000
v 3.049998 0.000000 -4.000000
v 3.049998 0.615043 -5.000000
v 3.024998 1.230085 -5.000000
v 3.049998 1.230085 -3.999999
v -1.024999 0.000000 1.999999
v 0.975000 0.615043 1.024996
v 0.975000 1.230085 0.999996
v -0.025001 1.230085 1.024999
v -0.025000 0.000000 1.024999
v 0.975000 0.615043 0.974996
v -0.025000 0.000000 0.974999
v 0.975000 0.000000 0.999996
v -1.025001 1.230085 1.000002
v -1.025001 0.615043 1.025001
v -1.025001 0.615043 0.975002
v -1.025001 0.000000 1.000001
v -0.025000 1.230085 0.974999
v 0.975000 0.615043 2.974996
v -0.025000 0.000000 2.974999
v -1.025001 1.230085 3.000002
v -1.025001 0.615043 3.025001
v -1.025001 0.615043 2.975002
v -1.025001 0.000000 3.000001
v -0.025000 1.230085 2.974999
v 1.987499 0.000000 3.024999
v 2.999998 0.615043 2.974996
v 1.987499 0.000000 2.974999
v 2.999998 0.000000 2.999996
v 0.974999 1.230085 3.000002
v 0.974999 0.615043 3.025001
v 0.974999 0.615043 2.975002
v 0.974999 0.000000 3.000001
v 1.987499 1.230085 2.974999
v 3.024999 0.000000 -5.025002
v 3.024999 1.230085 -5.025001
v 2.999999 0.000000 -5.025002
v -1.037499 0.000000 2.487500
v 2.025000 1.230085 -0.974999
v -1.012500 0.000000 2.487500
v 2.025000 0.000000 -0.975000
v -1.049999 0.615043 1.999999
v -1.049999 1.230085 0.999998
v -1.049999 1.230085 -1.000002
v -1.049999 0.000000 -1.000001
v -0.999999 0.000000 -1.000001
v -0.999999 1.230085 -1.000001
v -0.000000 1.230085 -5.050001
v -0.000001 0.000000 -5.050001
v -0.000001 0.000000 -5.000001
v -0.000001 1.230085 -5.000001
v 1.999999 1.230085 -5.000000
v 2.999999 1.230085 -5.025002
v 1.999999 0.000000 -5.000000
v -1.049999 0.000000 0.999999
v -0.999999 0.615043 1.999999
v -0.999999 0.000000 0.999999
v -0.999999 1.230085 0.999999
v 0.975000 1.230085 2.999999
v -0.025001 1.230085 3.025001
v -0.025001 0.000000 3.025001
v 0.975000 0.000000 2.999999
v -1.037499 1.230085 2.487500
v -1.012500 1.230085 2.487501
v 3.028571 0.615043 2.024996
v 2.999998 0.615043 2.024996
v 3.028571 0.615043 3.024996
v 3.014285 0.000000 2.024996
v 3.028571 0.000000 2.524996
v 3.014285 1.230085 2.024996
v 2.999998 1.230085 2.524996
v 3.028571 1.230085 2.524996
v 3.014285 1.230085 3.024996
v 3.028571 1.230085 2.012498
v 2.999998 1.230085 2.012498
v 3.028571 0.000000 2.012498
v 2.999998 0.000000 2.012498
v 2.999998 0.615043 3.024996
v 2.999998 1.230085 2.999996
v 1.987499 1.230085 3.024999
v 2.999998 0.000000 2.524996
v 3.014285 0.000000 3.024996
v 1.000000 0.615043 0.050000
v -1.024999 0.615043 -0.000001
v 1.000000 0.615043 -0.950000
v 0.000000 0.615043 -0.975000
v -1.025002 0.615043 -4.000001
v -1.025000 0.000000 -3.000001
v -1.025001 1.230085 -3.000002
v -1.024999 0.615043 -2.000001
v -1.050000 0.615043 -3.000001
v -1.000000 0.615043 -3.000001
v -0.000000 0.615043 -3.000001
v -0.050000 0.615043 -3.000001
v -0.024999 0.615043 -2.000001
v -0.025001 1.230085 -3.000002
v -0.025000 0.000000 -3.000001
v -0.025002 0.615043 -4.000001
v 2.024999 0.000000 -1.999999
v 2.024999 1.230085 -1.999999
v 2.024998 0.615043 -2.999999
v 2.049999 0.615043 -1.999999
v 2.025000 0.615043 -0.999999
v 1.999999 0.615043 -1.999999
v 0.974998 0.615043 -3.000002
v 0.975000 0.000000 -2.000001
v 0.974999 1.230085 -2.000002
v 0.975001 0.615043 -1.000001
v 0.950000 0.615043 -2.000002
v 0.999999 0.615043 -2.000001
v -1.000001 0.615043 -5.025001
v 2.024999 0.000000 1.000001
v 2.024999 1.230085 1.000001
v 2.024998 0.615043 0.000001
v 2.049999 0.615043 1.000001
v 2.025000 0.615043 2.000001
v 1.999999 0.615043 1.000001
v 0.999999 0.615043 -5.025001
v 1.999999 0.615043 -5.050002
v 1.999999 0.615043 -4.000002
v 1.999999 0.615043 -4.050002
v 0.999999 0.615043 -4.025001
v 1.999999 1.230085 -4.025002
v 1.999999 0.000000 -4.025002
v 2.999999 0.615043 -4.025002
v 1.000000 0.000000 0.025000
v 0.999999 1.230085 0.025000
v 1.999999 0.615043 0.025000
v 0.000000 0.615043 0.025000
v 0.999999 0.615043 0.000000
v 1.000000 0.000000 -0.975000
v 1.000000 1.230085 -0.975000
v 2.000000 0.615043 -0.975000
v 1.000000 0.615043 -1.000000
v 3.024999 0.000000 -2.000000
v 3.025000 1.230085 -2.000000
v 3.024999 0.615043 -3.000000
v 3.049999 0.615043 -2.000000
v 3.025000 0.615043 -1.000000
v 3.000000 0.615043 -2.000000
v 3.019641 0.000000 1.000000
v 3.019641 1.230085 1.000000
v 3.024998 0.615043 0.000000
v 3.039284 0.615043 1.000000
v 3.014285 0.615043 2.000000
v 2.999998 0.615043 1.000000
v 3.024998 0.000000 -4.000000
v 3.024999 1.230085 -4.000000
v 3.024998 0.615043 -5.000000
v 3.049998 0.615043 -4.000000
v 2.999999 0.615043 -4.000000
v -1.025001 0.615043 1.000002
v -0.025000 0.000000 0.999999
v -0.025001 1.230085 0.999999
v 0.975000 0.615043 0.999996
v -0.025001 0.615043 1.024999
v -0.025000 0.615043 0.974999
v -1.025001 0.615043 3.000001
v -0.025000 0.615043 2.974999
v 0.974999 0.615043 3.000001
v 1.987499 0.000000 2.999999
v 1.987499 0.615043 2.974999
v 3.024999 0.615043 -5.025001
v 2.025000 0.615043 -0.974999
v -1.024999 0.000000 0.999999
v -1.024999 1.230085 0.999999
v -1.024999 0.615043 1.999999
v -1.049999 0.615043 0.999999
v -0.999999 0.615043 0.999999
v -0.999999 0.615043 -1.000001
v -1.049999 0.615043 -1.000001
v -1.024999 1.230085 -1.000001
v -1.024999 0.000000 -1.000001
v -0.000001 0.615043 -5.000001
v -0.000001 0.615043 -5.050001
v -0.000001 1.230085 -5.025001
v -0.000001 0.000000 -5.025001
v 2.999999 0.615043 -5.025002
v 1.999999 0.000000 -5.025001
v 1.999999 1.230085 -5.025001
v 1.999999 0.615043 -5.000000
v -0.025001 0.000000 3.000000
v -0.025001 1.230085 3.000000
v 0.975000 0.615043 2.999999
v -0.025001 0.615043 3.025001
v -1.037499 0.615043 2.487500
v -1.012500 0.615043 2.487500
v 3.014285 1.230085 2.524996
v 3.014285 0.615043 2.024996
v 3.028571 0.615043 2.524996
v 3.014285 1.230085 2.012498
v 3.028571 0.615043 2.012498
v 3.014285 0.000000 2.012498
v 2.999998 0.615043 2.012498
v 1.987499 1.230085 2.999999
v 2.999998 0.615043 2.999996
v 1.987499 0.615043 3.024999
v 3.014285 0.000000 2.524996
v 3.014285 0.615043 3.024996
v 2.999998 0.615043 2.524996
v -1.033425 1.230142 2.000000
v -1.041758 1.230142 2.000000
v -1.033425 1.230142 -0.000000
v -1.041758 1.230142 -0.000000
v -1.053707 0.822337 0.000045
v -1.053707 1.027351 0.000045
v -0.996290 0.822338 0.000045
v -0.996290 1.027352 0.000045
v -1.033425 -0.000057 0.000000
v -1.041758 -0.000057 0.000000
v 0.663885 -0.001711 0.050070
v 0.330552 -0.001711 0.050070
v 2.002781 0.821768 0.050070
v 2.002781 1.026782 0.050070
v -0.002781 -0.001711 0.016597
v -0.002781 -0.001711 0.008264
v -0.002782 0.821768 0.050070
v -0.002782 1.026782 0.050070
v -1.111263 1.161655 -3.336117
v -1.111263 1.161655 -3.669450
v -1.033405 -0.000043 -4.000000
v -1.041738 -0.000043 -4.000000
v -0.997221 0.821768 -3.999933
v -0.997221 1.026782 -3.999933
v 0.663885 1.231796 0.050070
v 0.330551 1.231796 0.050070
v -1.052783 0.821766 -3.999933
v -1.052783 1.026780 -3.999933
v -1.033405 1.230128 -4.000000
v -1.041739 1.230128 -4.000000
v -1.033425 -0.000057 -2.000000
v -1.041758 -0.000057 -2.000000
v -1.111262 0.068430 -3.336117
v -1.111262 0.068430 -3.669450
v 0.663885 -0.001711 -0.949930
v 0.330552 -0.001711 -0.949930
v 2.000001 0.822646 -0.949896
v 2.000001 1.027661 -0.949896
v -0.002781 -0.001711 -0.983403
v -0.002781 -0.001711 -0.991736
v -0.002782 0.821768 -0.949930
v -0.002782 1.026782 -0.949930
v -0.002781 0.821768 -1.000070
v -0.002781 1.026782 -1.000070
v -0.996290 0.822338 -1.999955
v -0.996290 1.027352 -1.999955
v -0.938739 0.068430 -3.336117
v -0.938739 0.068430 -3.669450
v 0.663885 1.231796 -0.949930
v 0.330551 1.231796 -0.949930
v -0.002782 1.231796 -0.983403
v -0.002782 1.231796 -0.991736
v -1.053707 0.822337 -1.999955
v -1.053707 1.027351 -1.999955
v -1.033425 1.230142 -2.000000
v -1.041758 1.230142 -2.000000
v -0.938649 1.161685 -3.336119
v -0.938650 1.161685 -3.669452
v 3.161260 -0.068437 -1.663884
v 3.161261 -0.068437 -1.330551
v 0.061296 1.161680 -3.336117
v 0.061295 1.161680 -3.669451
v 3.016597 -0.000043 -0.999999
v 3.008264 -0.000043 -0.999999
v -0.033401 1.230128 -2.000000
v -0.041735 1.230128 -2.000000
v -0.052781 0.821768 -1.999932
v -0.052781 1.026783 -1.999932
v 0.061260 0.068430 -3.336117
v 0.061260 0.068430 -3.669450
v 0.002782 0.821767 -1.999932
v 0.002782 1.026781 -1.999932
v -0.111262 0.068430 -3.336117
v -0.111262 0.068430 -3.669450
v -0.033401 -0.000043 -1.999999
v -0.041735 -0.000043 -1.999999
v -0.033405 1.230128 -4.000000
v -0.041739 1.230128 -4.000000
v -0.052783 0.821764 -3.999933
v -0.052783 1.026779 -3.999933
v 0.002779 0.821768 -3.999933
v 0.002778 1.026782 -3.999933
v -0.033405 -0.000043 -4.000000
v -0.041738 -0.000043 -4.000000
v -0.111263 1.161655 -3.336117
v -0.111264 1.161655 -3.669450
v 0.888790 1.161630 -2.336116
v 0.888789 1.161630 -2.669450
v 0.966595 -0.000043 -3.000000
v 0.958262 -0.000043 -3.000000
v 1.002779 0.821769 -2.999932
v 1.002778 1.026783 -2.999932
v 0.947217 0.821767 -2.999933
v 0.947217 1.026781 -2.999933
v 0.966595 1.230128 -3.000000
v 0.958262 1.230128 -3.000000
v 3.161266 1.298522 -1.663884
v 3.161266 1.298522 -1.330550
v 3.016597 1.230128 -0.999998
v 3.008264 1.230128 -0.999998
v 2.033401 -0.000043 -3.000001
v 2.041734 -0.000043 -3.000001
v 1.999999 0.000000 -1.666666
v 2.000000 0.000000 -1.333333
v 1.997217 0.821767 -3.000069
v 1.997217 1.026781 -3.000069
v 2.049999 -0.003270 -1.658324
v 2.050000 -0.003270 -1.324991
v 2.052781 0.821768 -3.000068
v 2.052781 1.026782 -3.000068
v 2.016667 0.000000 -0.999999
v 2.008333 0.000000 -0.999999
v 2.050000 0.820058 -0.999995
v 2.050000 1.025072 -0.999995
v 1.999940 0.825188 -0.999999
v 1.999940 1.030203 -0.999999
v 2.033401 1.230128 -3.000001
v 2.041734 1.230128 -3.000000
v 1.999999 1.230085 -1.666666
v 2.000000 1.230085 -1.333333
v 2.049984 1.233351 -1.658323
v 2.049985 1.233351 -1.324990
v 2.016667 1.230085 -0.999999
v 2.008333 1.230085 -0.999999
v 0.966599 -0.000043 -0.999999
v 0.958265 -0.000043 -0.999999
v 0.888744 0.068434 -2.336117
v 0.888744 0.068434 -2.669450
v 1.002782 0.821767 -0.999932
v 1.002782 1.026781 -0.999932
v 1.061268 0.068423 -2.336116
v 1.061267 0.068423 -2.669450
v 3.052781 0.821768 -0.000069
v 3.052781 1.026782 -0.000069
v 0.947219 0.821768 -0.999932
v 0.947219 1.026782 -0.999932
v 0.966599 1.230128 -1.000000
v 0.958265 1.230128 -1.000000
v 2.999998 0.820057 2.000000
v 2.999998 1.025071 2.000000
v 1.061311 1.161677 -2.336118
v 1.061311 1.161677 -2.669451
v -1.002782 1.231796 -5.033404
v -1.002782 1.231796 -5.041737
v -1.002782 0.821767 -5.050070
v -1.002782 1.026782 -5.050070
v -1.002783 0.821767 -4.999932
v -1.002783 1.026782 -4.999932
v 2.997218 0.821767 -0.000070
v 2.997218 1.026781 -0.000070
v -1.002783 -0.001711 -5.033404
v -1.002783 -0.001711 -5.041737
v 3.028571 0.820057 2.000000
v 3.028571 1.025071 2.000000
v 2.033401 -0.000043 -0.000001
v 2.041734 -0.000043 -0.000001
v 1.888750 -0.068416 1.336114
v 1.888751 -0.068416 1.669447
v 1.999999 0.822622 -0.000104
v 1.999999 1.027636 -0.000104
v 2.161254 -0.068445 1.336117
v 2.161255 -0.068445 1.669450
v 2.052781 0.821768 -0.000068
v 2.052781 1.026782 -0.000068
v 2.016597 -0.000043 2.000002
v 2.008264 -0.000043 2.000002
v 2.052781 0.821768 2.000071
v 2.052781 1.026782 2.000071
v 1.997218 0.821768 2.000070
v 1.997218 1.026782 2.000070
v 2.033401 1.230128 -0.000001
v 2.041734 1.230128 -0.000000
v 1.888749 1.298503 1.336114
v 1.888750 1.298503 1.669447
v 2.161262 1.298528 1.336118
v 2.161262 1.298528 1.669451
v 2.016597 1.230128 2.000003
v 2.008264 1.230128 2.000003
v 2.999998 0.822600 -5.050107
v 2.999998 1.027614 -5.050107
v 0.998144 -0.002281 -5.033427
v 0.998144 -0.002281 -5.041760
v 0.998144 0.822338 -4.999908
v 0.998144 1.027352 -4.999908
v 2.333332 0.000001 -5.050002
v 2.666666 0.000001 -5.050003
v 0.998145 0.822338 -5.050094
v 0.998145 1.027352 -5.050094
v 3.074166 1.184459 -3.665740
v 3.074166 1.184459 -3.332406
v 0.998145 1.232366 -5.033427
v 0.998145 1.232366 -5.041760
v 2.333333 1.230084 -5.050002
v 2.666667 1.230084 -5.050003
v 2.336114 1.228374 -4.049932
v 2.669448 1.228374 -4.049933
v 0.997218 1.231796 -4.033403
v 0.997218 1.231796 -4.041737
v 0.997218 0.821768 -4.050070
v 0.997218 1.026782 -4.050070
v 2.336114 0.001711 -4.049932
v 2.669447 0.001711 -4.049933
v 0.997217 0.821767 -3.999932
v 0.997217 1.026781 -3.999932
v 2.336114 0.001711 -4.000072
v 2.669447 0.001711 -4.000072
v 0.997217 -0.001711 -4.033403
v 0.997217 -0.001711 -4.041737
v 2.997218 1.231796 -4.033406
v 2.997218 1.231796 -4.041739
v 2.997218 0.821767 -4.050072
v 2.997218 1.026782 -4.050072
v 2.997217 0.821768 -3.999934
v 2.997217 1.026782 -3.999934
v 2.997217 -0.001711 -4.033405
v 2.997217 -0.001711 -4.041738
v 2.336114 1.228374 -4.000072
v 2.669447 1.228374 -4.000072
v 2.002781 -0.001711 0.033403
v 2.002781 -0.001711 0.041736
v 0.663885 -0.001711 -0.000069
v 0.330552 -0.001711 -0.000069
v -0.002781 0.821768 -0.000070
v -0.002781 1.026782 -0.000070
v 2.002780 1.231796 0.033403
v 2.002781 1.231796 0.041736
v 0.663885 1.231796 -0.000069
v 0.330552 1.231796 -0.000069
v -0.002782 1.231796 0.016597
v -0.002782 1.231796 0.008264
v 2.000001 -0.002566 -0.966563
v 2.000001 -0.002566 -0.958230
v 0.663885 -0.001711 -1.000069
v 0.330552 -0.001711 -1.000070
v 2.000001 1.232651 -0.966563
v 2.000001 1.232651 -0.958230
v 0.663885 1.231796 -1.000069
v 0.330552 1.231796 -1.000069
v 3.033424 -0.000057 -3.000001
v 3.041758 -0.000057 -3.000001
v 2.888727 -0.068416 -1.663886
v 2.888728 -0.068416 -1.330553
v 2.996291 0.822338 -3.000046
v 2.996291 1.027352 -3.000046
v 3.053707 0.822337 -3.000046
v 3.053707 1.027351 -3.000046
v 3.052781 0.821767 -0.999930
v 3.052781 1.026781 -0.999930
v 2.997218 0.821767 -0.999931
v 2.997218 1.026781 -0.999931
v 3.033425 1.230142 -3.000001
v 3.041758 1.230142 -3.000001
v 2.888729 1.298504 -1.663886
v 2.888729 1.298504 -1.330552
v 3.033401 -0.000043 -0.000002
v 3.041735 -0.000043 -0.000002
v 2.999825 -0.000138 1.341677
v 2.999825 -0.000138 1.675010
v 3.035542 0.000099 1.341677
v 3.031970 0.000099 1.675011
v 3.009522 0.000000 2.000000
v 3.004760 0.000000 2.000000
v 3.033401 1.230128 -0.000001
v 3.041734 1.230128 -0.000001
v 2.999820 1.230225 1.341678
v 2.999820 1.230225 1.675011
v 3.035536 1.229978 1.341678
v 3.031965 1.229978 1.675012
v 3.009522 1.230085 2.000000
v 3.004760 1.230085 2.000000
v 3.033424 -0.000057 -5.000001
v 3.041758 -0.000057 -5.000001
v 3.074165 0.045619 -3.665740
v 3.074165 0.045619 -3.332407
v 2.996147 0.823610 -5.000000
v 2.996147 1.028624 -5.000000
v 2.975823 0.045617 -3.665740
v 2.975823 0.045617 -3.332407
v 3.053682 0.822304 -5.000047
v 3.053682 1.027318 -5.000047
v 3.033424 1.230142 -5.000001
v 3.041758 1.230142 -5.000000
v 2.975823 1.184474 -3.665739
v 2.975823 1.184474 -3.332406
v -1.033425 -0.000057 2.000000
v -1.041758 -0.000057 2.000000
v 0.977781 0.821767 1.025066
v 0.977781 1.026782 1.025066
v 0.977781 1.231796 1.008399
v 0.977781 1.231796 1.016732
v -0.361116 1.228374 1.024930
v -0.694449 1.228374 1.024931
v -0.361115 0.001711 1.024930
v -0.694449 0.001711 1.024931
v 0.977781 0.821767 0.974927
v 0.977781 1.026781 0.974927
v -0.361115 0.001711 0.975069
v -0.694448 0.001711 0.975070
v 0.977782 -0.001711 1.008399
v 0.977782 -0.001711 1.016732
v -1.022219 1.231796 1.008404
v -1.022219 1.231796 1.016737
v -1.022219 0.821767 1.025071
v -1.022219 1.026781 1.025071
v -1.022219 0.821768 0.974933
v -1.022219 1.026782 0.974933
v -1.022219 -0.001710 1.008404
v -1.022219 -0.001710 1.016737
v -0.361115 1.228374 0.975070
v -0.694448 1.228374 0.975071
v 0.977781 0.821767 2.974926
v 0.977781 1.026781 2.974926
v -0.361115 0.001713 2.975069
v -0.694449 0.001713 2.975070
v -1.022219 1.231796 3.008404
v -1.022220 1.231796 3.016737
v -1.022219 0.821767 3.025071
v -1.022219 1.026782 3.025071
v -1.022216 0.821771 2.974932
v -1.022216 1.026785 2.974933
v -1.022219 -0.001711 3.008404
v -1.022219 -0.001711 3.016737
v -0.361116 1.228372 2.975070
v -0.694449 1.228372 2.975071
v 1.336115 -0.001711 0.050070
v 1.669448 -0.001711 0.050070
v -1.016572 -0.000057 0.000000
v -1.008239 -0.000057 0.000000
v -0.996290 0.407747 0.000045
v -0.996290 0.202733 0.000045
v 1.647183 0.001732 3.024929
v 1.309683 0.001732 3.024930
v 3.002779 0.821767 2.974926
v 3.002779 1.026781 2.974926
v 1.647183 0.001732 2.975070
v 1.309683 0.001732 2.975071
v 2.999999 -0.002566 3.008434
v 2.999999 -0.002566 3.016767
v 0.977780 1.231796 3.008404
v 0.977780 1.231796 3.016737
v 0.977781 0.821767 3.025071
v 0.977780 1.026782 3.025071
v 0.977781 0.821768 2.974932
v 0.977781 1.026782 2.974933
v 0.977781 -0.001711 3.008404
v 0.977781 -0.001711 3.016737
v 1.647183 1.228353 2.975071
v 1.309683 1.228353 2.975072
v 3.031521 0.001105 -5.016644
v 3.039855 0.001105 -5.008311
v 3.031521 1.228980 -5.016644
v 3.039855 1.228980 -5.008310
v 2.999997 -0.002566 -5.033440
v 2.999998 -0.002566 -5.041774
v -1.087483 0.033335 2.651353
v -1.083317 0.033335 2.813853
v 2.033334 1.230003 -0.983541
v 2.041667 1.230003 -0.991874
v -1.070880 0.033378 2.651354
v -1.075047 0.033378 2.813855
v 2.033333 0.000082 -0.983541
v 2.041667 0.000082 -0.991875
v -1.053707 0.822336 2.000045
v -1.053707 1.027351 2.000045
v -0.975823 1.184474 0.665738
v -0.975823 1.184474 0.332405
v -0.975823 1.184474 -1.334262
v -0.975823 1.184474 -1.667595
v -0.975824 0.045617 -1.334262
v -0.975824 0.045617 -1.667595
v -1.074165 0.045620 -1.334262
v -1.074165 0.045620 -1.667595
v -1.074171 1.184456 -1.334262
v -1.074171 1.184456 -1.667595
v 0.334260 1.228945 -5.049954
v 0.667593 1.228945 -5.049954
v 0.334259 0.001141 -5.049954
v 0.667593 0.001141 -5.049954
v 0.334259 0.001141 -5.000048
v 0.667592 0.001141 -5.000048
v 0.334259 1.228945 -5.000048
v 0.667593 1.228945 -5.000048
v 2.335899 1.227716 -5.000000
v 2.669232 1.227716 -5.000000
v 2.999998 1.232651 -5.033440
v 2.999998 1.232651 -5.041774
v 2.335899 0.002369 -5.000000
v 2.669233 0.002369 -5.000000
v -0.975823 0.045617 0.665739
v -0.975823 0.045617 0.332405
v -0.996291 0.822337 2.000046
v -0.996291 1.027351 2.000046
v -1.074172 0.045624 0.665738
v -1.074172 0.045624 0.332405
v -1.074171 1.184456 0.665738
v -1.074171 1.184456 0.332405
v 0.977781 1.231796 3.008402
v 0.977781 1.231796 3.016737
v -0.361116 1.228374 3.024931
v -0.694449 1.228374 3.024931
v -0.361115 0.001711 3.024931
v -0.694449 0.001711 3.024931
v 0.977782 -0.001711 3.008402
v 0.977781 -0.001711 3.016737
v -1.087482 1.196750 2.651353
v -1.083316 1.196750 2.813854
v -1.070881 1.196708 2.651355
v -1.075047 1.196708 2.813856
v 3.028571 0.820057 2.024996
v 3.028571 1.025071 2.024996
v -1.053707 0.407748 0.000045
v -1.053707 0.202733 0.000045
v 2.999998 0.820057 2.024996
v 2.999998 1.025071 2.024996
v 3.031352 0.821767 3.025066
v 3.031352 1.026782 3.025066
v 3.019047 0.000000 2.024996
v 3.023808 0.000000 2.024996
v -1.016572 1.230142 -0.000000
v -1.008239 1.230142 0.000000
v 3.084198 -0.034213 2.693053
v 3.084198 -0.034213 2.859720
v -1.016572 1.230142 2.000000
v -1.008239 1.230142 2.000000
v 3.019047 1.230085 2.024996
v 3.023808 1.230085 2.024996
v 3.000002 1.281407 2.693749
v 3.000002 1.281407 2.860415
v 3.084201 1.264300 2.693054
v 3.084201 1.264300 2.859720
v 3.009522 1.230085 3.024996
v 3.004760 1.230085 3.024996
v 3.028567 1.230085 2.016769
v 3.028567 1.230085 2.020935
v 2.999998 1.230087 2.016768
v 2.999998 1.230087 2.020934
v 3.028570 0.000000 2.016768
v 3.028570 0.000000 2.020934
v 2.999998 0.000000 2.016768
v 2.999998 0.000000 2.020934
v 2.999999 0.822623 3.025100
v 2.999999 1.027637 3.025100
v 2.999999 1.232651 3.008434
v 2.999999 1.232651 3.016767
v 1.647182 1.228353 3.024929
v 1.309683 1.228353 3.024930
v 3.000002 -0.051323 2.693749
v 3.000002 -0.051323 2.860415
v 3.009522 0.000000 3.024996
v 3.004760 0.000000 3.024996
v 2.002781 0.408318 0.050070
v 2.002781 0.203303 0.050070
v -0.002781 -0.001711 0.033403
v -0.002782 -0.001711 0.041736
v -0.002782 0.408318 0.050070
v -0.002782 0.203303 0.050070
v -0.925828 1.275715 -2.665741
v -0.925827 1.275715 -2.332407
v -1.016599 -0.000043 -4.000000
v -1.008265 -0.000043 -4.000000
v -0.997221 0.408318 -3.999933
v -0.997221 0.203304 -3.999933
v 1.336114 1.231796 0.050070
v 1.669448 1.231796 0.050070
v -1.052783 0.408318 -3.999933
v -1.052783 0.203304 -3.999933
v -1.016600 1.230128 -4.000000
v -1.008267 1.230128 -4.000000
v -1.016572 -0.000057 -2.000000
v -1.008239 -0.000057 -2.000000
v -0.925826 -0.045623 -2.665741
v -0.925825 -0.045623 -2.332407
v 1.333333 -0.000001 -0.950000
v 1.666667 -0.000001 -0.950000
v 2.000001 0.407438 -0.949896
v 2.000001 0.202424 -0.949896
v -0.002781 -0.001711 -0.966597
v -0.002782 -0.001711 -0.958264
v -0.002782 0.408318 -0.949930
v -0.002782 0.203303 -0.949930
v -0.002781 0.408318 -1.000070
v -0.002781 0.203303 -1.000070
v -0.996290 0.407747 -1.999955
v -0.996290 0.202733 -1.999955
v -1.124175 -0.045617 -2.665741
v -1.124174 -0.045617 -2.332407
v 1.333333 1.230086 -0.950000
v 1.666666 1.230086 -0.950000
v -0.002782 1.231796 -0.966597
v -0.002782 1.231796 -0.958264
v -1.053707 0.407748 -1.999955
v -1.053707 0.202733 -1.999955
v -1.016572 1.230142 -2.000000
v -1.008239 1.230142 -2.000000
v -1.124175 1.275696 -2.665742
v -1.124175 1.275696 -2.332408
v 3.124174 -0.045617 -2.334261
v 3.124173 -0.045617 -2.667594
v -0.161234 1.298508 -2.663889
v -0.161234 1.298508 -2.330556
v 3.033403 -0.000043 -0.999998
v 3.041736 -0.000043 -0.999998
v -0.016596 1.230128 -2.000000
v -0.008262 1.230128 -2.000000
v -0.052780 0.408318 -1.999932
v -0.052780 0.203304 -1.999932
v -0.161267 -0.068424 -2.663887
v -0.161266 -0.068424 -2.330553
v 0.002783 0.408318 -1.999932
v 0.002783 0.203304 -1.999932
v 0.111257 -0.068437 -2.663886
v 0.111257 -0.068437 -2.330553
v -0.016596 -0.000043 -1.999999
v -0.008262 -0.000043 -1.999999
v -0.016600 1.230128 -4.000000
v -0.008267 1.230128 -4.000000
v -0.052783 0.408318 -3.999933
v -0.052783 0.203304 -3.999933
v 0.002779 0.408318 -3.999933
v 0.002779 0.203304 -3.999933
v -0.016599 -0.000043 -4.000000
v -0.008265 -0.000043 -4.000000
v 0.111287 1.298523 -2.663885
v 0.111288 1.298523 -2.330551
v 1.111273 1.298528 -1.663885
v 1.111273 1.298528 -1.330551
v 0.983401 -0.000043 -3.000000
v 0.991734 -0.000043 -3.000000
v 1.002779 0.408317 -2.999932
v 1.002779 0.203303 -2.999932
v 0.947217 0.408318 -2.999932
v 0.947217 0.203304 -2.999932
v 0.983400 1.230128 -3.000000
v 0.991733 1.230128 -3.000000
v 3.124174 1.275696 -2.334260
v 3.124174 1.275696 -2.667593
v 3.033403 1.230128 -0.999998
v 3.041736 1.230128 -0.999998
v 2.016595 -0.000043 -3.000001
v 2.008262 -0.000043 -3.000001
v 1.888743 -0.068437 -2.336115
v 1.888743 -0.068437 -2.669448
v 1.997217 0.408317 -3.000069
v 1.997217 0.203303 -3.000069
v 2.161303 -0.068418 -2.336115
v 2.161303 -0.068418 -2.669449
v 2.052779 0.408319 -3.000069
v 2.052779 0.203305 -3.000069
v 2.033333 0.000000 -0.999999
v 2.041667 0.000000 -0.999999
v 2.050000 0.410027 -0.999996
v 2.050000 0.205013 -0.999996
v 2.000075 0.404897 -0.999999
v 2.000075 0.199882 -0.999999
v 2.016595 1.230128 -3.000001
v 2.008262 1.230128 -3.000001
v 1.888753 1.298536 -2.336115
v 1.888753 1.298536 -2.669449
v 2.161239 1.298500 -2.336111
v 2.161239 1.298500 -2.669444
v 2.033333 1.230085 -0.999999
v 2.041667 1.230085 -0.999999
v 0.983404 -0.000043 -0.999999
v 0.991738 -0.000043 -0.999999
v 1.111256 -0.068437 -1.663886
v 1.111257 -0.068437 -1.330553
v 1.002783 0.408318 -0.999932
v 1.002783 0.203303 -0.999932
v 0.838733 -0.068423 -1.663887
v 0.838734 -0.068423 -1.330553
v 3.052780 0.408318 -0.000069
v 3.052780 0.203304 -0.000069
v 0.947220 0.408318 -0.999932
v 0.947220 0.203304 -0.999932
v 0.983404 1.230128 -1.000000
v 0.991738 1.230128 -0.999999
v 2.999998 0.410028 2.000000
v 2.999998 0.205014 2.000000
v 0.838767 1.298510 -1.663889
v 0.838768 1.298510 -1.330555
v -1.002783 1.231796 -5.016598
v -1.002783 1.231796 -5.008265
v -1.002783 0.408318 -5.050070
v -1.002783 0.203304 -5.050070
v -1.002783 0.408318 -4.999932
v -1.002783 0.203304 -4.999932
v 2.997217 0.408317 -0.000070
v 2.997217 0.203303 -0.000070
v -1.002783 -0.001711 -5.016598
v -1.002783 -0.001711 -5.008265
v 3.028571 0.410028 2.000000
v 3.028571 0.205014 2.000000
v 2.016665 0.000000 0.000001
v 2.008332 0.000000 0.000001
v 2.000006 -0.102646 0.662495
v 2.000005 -0.102646 0.329162
v 1.999998 0.407462 -0.000103
v 1.999998 0.202448 -0.000103
v 2.161270 -0.068425 0.663886
v 2.161269 -0.068425 0.330552
v 2.052780 0.408318 -0.000069
v 2.052780 0.203304 -0.000069
v 2.033403 -0.000043 2.000002
v 2.041736 -0.000043 2.000003
v 2.052781 0.408317 2.000071
v 2.052781 0.203303 2.000071
v 1.997218 0.408318 2.000070
v 1.997218 0.203304 2.000070
v 2.016665 1.230085 0.000001
v 2.008332 1.230085 0.000001
v 2.000044 1.332731 0.662494
v 2.000044 1.332731 0.329161
v 2.161243 1.298502 0.663889
v 2.161243 1.298502 0.330555
v 2.033403 1.230128 2.000003
v 2.041736 1.230128 2.000003
v 2.999998 0.407485 -5.050107
v 2.999998 0.202471 -5.050107
v 0.998144 -0.002281 -5.016575
v 0.998144 -0.002281 -5.008242
v 0.998144 0.407747 -4.999908
v 0.998144 0.202733 -4.999908
v 1.665738 -0.001140 -5.050048
v 1.332405 -0.001140 -5.050047
v 0.998145 0.407747 -5.050094
v 0.998144 0.202733 -5.050094
v 2.999999 1.230085 -4.333333
v 2.999999 1.230085 -4.666667
v 0.998145 1.232366 -5.016575
v 0.998144 1.232366 -5.008242
v 1.665739 1.231225 -5.050048
v 1.332406 1.231225 -5.050047
v 1.663885 1.231796 -4.050071
v 1.330551 1.231796 -4.050070
v 0.997217 1.231796 -4.016598
v 0.997217 1.231796 -4.008265
v 0.997217 0.408318 -4.050070
v 0.997217 0.203304 -4.050070
v 1.663884 -0.001711 -4.050071
v 1.330550 -0.001711 -4.050070
v 0.997217 0.408318 -3.999932
v 0.997217 0.203304 -3.999932
v 1.663884 -0.001711 -3.999932
v 1.330550 -0.001711 -3.999932
v 0.997217 -0.001711 -4.016598
v 0.997217 -0.001711 -4.008265
v 2.997218 1.231796 -4.016601
v 2.997218 1.231796 -4.008267
v 2.997218 0.408318 -4.050072
v 2.997218 0.203304 -4.050072
v 2.997218 0.408318 -3.999933
v 2.997218 0.203303 -3.999933
v 2.997218 -0.001711 -4.016600
v 2.997218 -0.001711 -4.008266
v 1.663884 1.231796 -3.999933
v 1.330550 1.231796 -3.999933
v 1.999999 -0.002566 0.016563
v 1.999999 -0.002566 0.008230
v 1.333332 0.000000 0.000001
v 1.666665 0.000000 0.000001
v -0.002781 0.408318 -0.000070
v -0.002781 0.203303 -0.000070
v 2.000000 1.232651 0.016563
v 1.999999 1.232651 0.008229
v 1.333332 1.230086 0.000000
v 1.666665 1.230086 0.000000
v -0.002782 1.231796 0.033403
v -0.002782 1.231796 0.041736
v 2.000000 0.000000 -0.983333
v 2.000000 0.000000 -0.991666
v 1.333333 0.000002 -1.000000
v 1.666667 0.000002 -1.000000
v 2.000000 1.230085 -0.983333
v 2.000000 1.230085 -0.991666
v 1.333333 1.230083 -0.999999
v 1.666667 1.230083 -0.999999
v 3.016572 -0.000057 -3.000001
v 3.008239 -0.000057 -3.000001
v 2.925825 -0.045623 -2.334261
v 2.925825 -0.045623 -2.667594
v 2.996290 0.407747 -3.000046
v 2.996290 0.202733 -3.000046
v 3.053707 0.407748 -3.000046
v 3.053707 0.202733 -3.000046
v 3.052781 0.408317 -0.999930
v 3.052781 0.203303 -0.999931
v 2.997218 0.408318 -0.999931
v 2.997218 0.203304 -0.999931
v 3.016573 1.230142 -3.000001
v 3.008240 1.230142 -3.000001
v 2.925828 1.275715 -2.334261
v 2.925828 1.275715 -2.667594
v 3.016595 -0.000043 -0.000002
v 3.008262 -0.000043 -0.000002
v 2.888745 -0.068440 0.663885
v 2.888745 -0.068440 0.330551
v 3.154158 -0.068429 0.663885
v 3.157730 -0.068429 0.330552
v 3.019047 0.000000 2.000000
v 3.023808 0.000000 2.000000
v 3.016595 1.230128 -0.000002
v 3.008262 1.230128 -0.000002
v 2.888720 1.298534 0.663882
v 2.888720 1.298534 0.330549
v 3.154131 1.298505 0.663888
v 3.157703 1.298505 0.330555
v 3.019047 1.230085 2.000000
v 3.023808 1.230085 2.000000
v 3.016601 -0.000059 -5.000000
v 3.008267 -0.000059 -5.000000
v 2.999998 0.000000 -4.333333
v 2.999998 0.000000 -4.666667
v 2.996147 0.406475 -5.000000
v 2.996147 0.201461 -5.000000
v 3.126134 -0.046455 -4.334309
v 3.126134 -0.046455 -4.667642
v 3.053683 0.407780 -5.000047
v 3.053683 0.202766 -5.000048
v 3.016601 1.230144 -5.000000
v 3.008267 1.230144 -5.000000
v 3.126135 1.276533 -4.334308
v 3.126135 1.276533 -4.667641
v -1.016572 -0.000057 2.000000
v -1.008239 -0.000057 2.000000
v 0.977782 0.408318 1.025066
v 0.977782 0.203303 1.025066
v 0.977781 1.231796 0.991593
v 0.977782 1.231796 0.983260
v 0.311114 1.231796 1.025067
v 0.644448 1.231796 1.025066
v 0.311115 -0.001711 1.025067
v 0.644448 -0.001711 1.025066
v 0.977781 0.408318 0.974927
v 0.977781 0.203304 0.974927
v 0.311115 -0.001711 0.974928
v 0.644448 -0.001711 0.974927
v 0.977782 -0.001711 0.991593
v 0.977782 -0.001711 0.983260
v -1.022220 1.231796 0.991599
v -1.022219 1.231796 0.983266
v -1.022219 0.408318 1.025071
v -1.022219 0.203304 1.025071
v -1.022219 0.408317 0.974932
v -1.022219 0.203303 0.974932
v -1.022219 -0.001711 0.991598
v -1.022219 -0.001711 0.983265
v 0.311115 1.231796 0.974929
v 0.644448 1.231796 0.974928
v 0.977781 0.408318 2.974926
v 0.977781 0.203304 2.974926
v 0.311115 -0.001711 2.974928
v 0.644448 -0.001711 2.974927
v -1.022222 1.231796 2.991599
v -1.022222 1.231796 2.983266
v -1.022219 0.408318 3.025071
v -1.022219 0.203304 3.025071
v -1.022216 0.408314 2.974932
v -1.022216 0.203300 2.974932
v -1.022222 -0.001711 2.991598
v -1.022222 -0.001711 2.983265
v 0.311115 1.231796 2.974929
v 0.644448 1.231796 2.974928
v 2.324999 0.000000 3.024998
v 2.662498 0.000000 3.024997
v 3.002779 0.408318 2.974926
v 3.002779 0.203304 2.974926
v 2.327815 -0.001732 2.974927
v 2.665315 -0.001732 2.974926
v 3.002780 -0.001711 2.991593
v 3.002780 -0.001711 2.983260
v 0.977780 1.231796 2.991599
v 0.977781 1.231796 2.983266
v 0.977781 0.408318 3.025071
v 0.977781 0.203304 3.025071
v 0.977781 0.408317 2.974932
v 0.977781 0.203303 2.974932
v 0.977781 -0.001711 2.991598
v 0.977781 -0.001711 2.983265
v 2.327815 1.231817 2.974928
v 2.665315 1.231817 2.974927
v 3.016664 -0.002566 -5.033440
v 3.008331 -0.002566 -5.041774
v 3.016665 1.232651 -5.033440
v 3.008331 1.232651 -5.041774
v 2.999999 0.000000 -5.016668
v 2.999999 0.000000 -5.008334
v -1.005527 0.022221 2.324548
v -1.009693 0.022221 2.162047
v 2.016668 1.232651 -0.966563
v 2.008334 1.232651 -0.958230
v -1.044471 0.022224 2.324548
v -1.040304 0.022224 2.162047
v 2.016668 -0.002566 -0.966563
v 2.008335 -0.002566 -0.958230
v -1.053707 0.407748 2.000045
v -1.053707 0.202734 2.000045
v -1.124224 1.275718 1.334260
v -1.124224 1.275718 1.667593
v -1.124174 1.275696 -0.665741
v -1.124174 1.275696 -0.332408
v -1.124174 -0.045617 -0.665740
v -1.124174 -0.045617 -0.332407
v -0.925825 -0.045623 -0.665740
v -0.925825 -0.045623 -0.332407
v -0.925826 1.275715 -0.665740
v -0.925826 1.275715 -0.332407
v -0.336115 1.231796 -5.050070
v -0.669449 1.231796 -5.050070
v -0.336116 -0.001711 -5.050070
v -0.669450 -0.001711 -5.050070
v -0.336116 -0.001711 -4.999932
v -0.669450 -0.001711 -4.999932
v -0.336116 1.231796 -4.999932
v -0.669450 1.231796 -4.999932
v 1.665738 1.231225 -4.999954
v 1.332405 1.231225 -4.999955
v 2.999999 1.230085 -5.016668
v 2.999999 1.230085 -5.008334
v 1.665738 -0.001141 -4.999954
v 1.332405 -0.001141 -4.999955
v -1.124224 -0.045639 1.334261
v -1.124224 -0.045639 1.667594
v -0.996290 0.407748 2.000046
v -0.996290 0.202734 2.000046
v -0.925774 -0.045645 1.334261
v -0.925774 -0.045645 1.667594
v -0.925776 1.275736 1.334261
v -0.925776 1.275736 1.667594
v 0.977782 1.231796 2.991595
v 0.977782 1.231796 2.983261
v 0.311114 1.231796 3.025071
v 0.644447 1.231796 3.025071
v 0.311115 -0.001711 3.025071
v 0.644448 -0.001711 3.025071
v 0.977782 -0.001711 2.991595
v 0.977782 -0.001711 2.983261
v -1.005527 1.207868 2.324548
v -1.009693 1.207868 2.162047
v -1.044470 1.207858 2.324548
v -1.040303 1.207858 2.162048
v 3.028571 0.410028 2.024996
v 3.028571 0.205014 2.024996
v 2.999998 0.410028 2.024996
v 2.999998 0.205014 2.024996
v 3.031352 0.408318 3.025066
v 3.031352 0.203303 3.025066
v 3.009522 0.000000 2.024996
v 3.004760 0.000000 2.024996
v 3.028615 -0.000000 2.354157
v 3.028615 -0.000000 2.187490
v 3.009522 1.230085 2.024996
v 3.004760 1.230085 2.024996
v 3.000018 1.229876 2.354157
v 3.000018 1.229876 2.187490
v 3.028704 1.230086 2.354157
v 3.028704 1.230086 2.187490
v 3.019086 1.230109 3.024997
v 3.023848 1.230109 3.024997
v 3.028573 1.230085 2.008228
v 3.028573 1.230085 2.004062
v 3.000000 1.230085 2.008228
v 3.000000 1.230085 2.004062
v 3.028573 0.000000 2.008228
v 3.028573 0.000000 2.004062
v 3.000000 0.000000 2.008227
v 3.000000 0.000000 2.004061
v 2.999999 0.407462 3.025100
v 2.999999 0.202448 3.025100
v 3.002780 1.231796 2.991593
v 3.002780 1.231796 2.983260
v 2.324999 1.230085 3.024998
v 2.662498 1.230085 3.024997
v 2.999998 -0.000000 2.354157
v 2.999998 -0.000000 2.187490
v 3.019086 -0.000024 3.024997
v 3.023848 -0.000024 3.024997
v 0.662494 0.615043 0.050104
v 0.329161 0.615043 0.050104
v 1.337505 0.615043 0.050104
v 1.670839 0.615043 0.050104
v 1.000000 0.407462 0.050104
v 1.000000 0.202448 0.050104
v 1.000000 1.027637 0.050104
v 1.000000 0.822623 0.050104
v -1.033499 0.615043 0.000001
v -1.041832 0.615043 0.000001
v -1.016498 0.615043 0.000001
v -1.008165 0.615043 0.000001
v -1.024999 0.405923 0.000082
v -1.024999 0.200908 0.000082
v -1.025000 1.029177 0.000082
v -1.025000 0.824163 0.000082
v 0.662494 0.615043 -0.949896
v 0.329161 0.615043 -0.949896
v 1.333333 0.615043 -0.950000
v 1.666666 0.615043 -0.950000
v 1.000000 0.407462 -0.949896
v 1.000000 0.202448 -0.949896
v 1.000000 1.027637 -0.949896
v 1.000000 0.822623 -0.949896
v -0.004172 0.615043 -0.983438
v -0.004172 0.615043 -0.991771
v -0.004172 0.615043 -0.966562
v -0.004172 0.615043 -0.958229
v -0.004172 0.407462 -0.975000
v -0.004172 0.202448 -0.975000
v -0.004173 1.027637 -0.975000
v -0.004172 0.822623 -0.975000
v -1.033440 0.615043 -3.999999
v -1.041773 0.615043 -3.999999
v -1.016565 0.615043 -3.999999
v -1.008232 0.615043 -3.999999
v -1.025002 0.407462 -3.999898
v -1.025002 0.202448 -3.999898
v -1.025003 1.027637 -3.999898
v -1.025003 0.822623 -3.999898
v -1.025001 0.102646 -3.337507
v -1.025002 0.102646 -3.670840
v -1.025010 -0.082116 -2.664999
v -1.025009 -0.082116 -2.331666
v -1.016562 -0.000064 -3.000001
v -1.008229 -0.000064 -3.000001
v -1.041771 -0.000064 -3.000001
v -1.033438 -0.000064 -3.000001
v -1.033438 1.230149 -3.000002
v -1.041771 1.230149 -3.000002
v -1.016563 1.230149 -3.000002
v -1.008230 1.230149 -3.000001
v -1.025030 1.312201 -2.664999
v -1.025030 1.312201 -2.331666
v -1.024993 1.127439 -3.670841
v -1.024992 1.127439 -3.337507
v -1.033499 0.615043 -1.999999
v -1.041832 0.615043 -1.999999
v -1.016498 0.615043 -1.999999
v -1.008165 0.615043 -1.999999
v -1.024999 0.405923 -1.999918
v -1.024999 0.200908 -1.999918
v -1.025000 1.029177 -1.999918
v -1.025000 0.824163 -1.999918
v -0.883109 0.615043 -3.337507
v -0.883109 0.615043 -3.670840
v -1.183501 0.615043 -2.665000
v -1.183501 0.615043 -2.331666
v -1.054173 0.407462 -3.000001
v -1.054173 0.202448 -3.000001
v -1.054173 1.027637 -3.000002
v -1.054173 0.822623 -3.000001
v -1.166893 0.615043 -3.337507
v -1.166894 0.615043 -3.670840
v -0.866474 0.615043 -2.664999
v -0.866473 0.615043 -2.331665
v -0.995828 0.822623 -3.000001
v -0.995829 1.027637 -3.000001
v -0.995828 0.202448 -3.000001
v -0.995828 0.407462 -3.000001
v -0.166893 0.615043 -3.337507
v -0.166894 0.615043 -3.670840
v 0.166892 0.615043 -2.662494
v 0.166893 0.615043 -2.329161
v 0.004172 0.822623 -3.000001
v 0.004171 1.027637 -3.000001
v 0.004172 0.202448 -3.000001
v 0.004172 0.407462 -3.000001
v 0.116891 0.615043 -3.337507
v 0.116891 0.615043 -3.670840
v -0.216892 0.615044 -2.662497
v -0.216891 0.615044 -2.329164
v -0.054173 0.407462 -3.000001
v -0.054173 0.202448 -3.000001
v -0.054173 1.027637 -3.000002
v -0.054173 0.822623 -3.000001
v -0.033436 0.615043 -1.999999
v -0.041769 0.615043 -1.999999
v -0.016561 0.615043 -1.999999
v -0.008228 0.615043 -1.999999
v -0.024999 0.407462 -1.999897
v -0.024999 0.202448 -1.999897
v -0.025001 1.027637 -1.999897
v -0.025001 0.822623 -1.999897
v -0.033438 1.230149 -3.000002
v -0.041771 1.230149 -3.000002
v -0.016563 1.230149 -3.000002
v -0.008230 1.230149 -3.000001
v -0.025076 1.332731 -2.662496
v -0.025075 1.332731 -2.329163
v -0.024993 1.127439 -3.670841
v -0.024992 1.127439 -3.337508
v -0.025001 0.102646 -3.337507
v -0.025002 0.102646 -3.670841
v -0.025025 -0.102645 -2.662496
v -0.025025 -0.102645 -2.329162
v -0.016562 -0.000064 -3.000001
v -0.008229 -0.000064 -3.000001
v -0.041771 -0.000064 -3.000001
v -0.033438 -0.000064 -3.000001
v -0.033440 0.615043 -3.999999
v -0.041773 0.615043 -3.999999
v -0.016565 0.615043 -3.999999
v -0.008232 0.615043 -3.999999
v -0.025002 0.407462 -3.999898
v -0.025002 0.202448 -3.999898
v -0.025003 1.027637 -3.999898
v -0.025003 0.822623 -3.999898
v 2.024885 -0.000001 -1.658321
v 2.024885 -0.000001 -1.324988
v 2.025012 -0.102646 -2.337505
v 2.025011 -0.102646 -2.670838
v 2.016562 -0.000064 -1.999999
v 2.008228 -0.000064 -1.999999
v 2.041770 -0.000064 -1.999999
v 2.033437 -0.000064 -1.999999
v 2.033437 1.230149 -1.999999
v 2.041770 1.230149 -1.999999
v 2.016562 1.230149 -1.999999
v 2.008228 1.230149 -1.999999
v 2.025088 1.332731 -2.337505
v 2.025088 1.332731 -2.670838
v 2.024864 1.230083 -1.324988
v 2.024863 1.230083 -1.658321
v 2.033436 0.615043 -3.000002
v 2.041769 0.615043 -3.000002
v 2.016561 0.615043 -3.000002
v 2.008227 0.615043 -3.000002
v 2.024998 0.407462 -3.000103
v 2.024998 0.202448 -3.000103
v 2.025000 1.027637 -3.000103
v 2.025000 0.822623 -3.000103
v 2.049993 0.615041 -1.658321
v 2.049994 0.615041 -1.324988
v 2.216891 0.615043 -2.337503
v 2.216890 0.615043 -2.670837
v 2.054171 0.407462 -1.999999
v 2.054171 0.202448 -1.999999
v 2.054171 1.027637 -1.999999
v 2.054171 0.822623 -1.999999
v 2.016458 0.615041 -0.999999
v 2.008125 0.615041 -0.999999
v 2.033333 0.615043 -0.999999
v 2.041667 0.615043 -0.999999
v 2.025000 0.410028 -0.999999
v 2.025000 0.205014 -0.999999
v 2.025000 1.025071 -0.999999
v 2.025000 0.820057 -0.999999
v 1.999968 0.615043 -1.666666
v 1.999969 0.615043 -1.333333
v 1.833107 0.615042 -2.337506
v 1.833107 0.615042 -2.670840
v 1.995827 0.822623 -1.999999
v 1.995827 1.027637 -1.999999
v 1.995827 0.202448 -1.999999
v 1.995827 0.407462 -1.999999
v 0.966560 0.615043 -2.999999
v 0.958227 0.615043 -2.999999
v 0.983435 0.615043 -2.999999
v 0.991768 0.615043 -2.999999
v 0.974997 0.407462 -2.999897
v 0.974997 0.202448 -2.999897
v 0.974996 1.027636 -2.999897
v 0.974996 0.822622 -2.999897
v 0.975016 0.102646 -2.337507
v 0.975016 0.102646 -2.670841
v 0.974975 -0.102645 -1.662495
v 0.974975 -0.102645 -1.329162
v 0.983437 -0.000064 -2.000001
v 0.991771 -0.000064 -2.000001
v 0.958229 -0.000064 -2.000001
v 0.966562 -0.000064 -2.000001
v 0.966562 1.230149 -2.000002
v 0.958229 1.230149 -2.000002
v 0.983437 1.230149 -2.000001
v 0.991770 1.230149 -2.000001
v 0.974928 1.332731 -1.662496
v 0.974929 1.332731 -1.329163
v 0.975053 1.127439 -2.670842
v 0.975054 1.127439 -2.337508
v 0.966564 0.615043 -0.999999
v 0.958230 0.615043 -0.999999
v 0.983439 0.615043 -0.999999
v 0.991772 0.615043 -0.999998
v 0.975001 0.407462 -0.999897
v 0.975001 0.202448 -0.999897
v 0.975000 1.027637 -0.999897
v 0.975000 0.822623 -0.999897
v 1.116891 0.615042 -2.337507
v 1.116891 0.615042 -2.670841
v 0.783108 0.615044 -1.662497
v 0.783109 0.615044 -1.329164
v 0.945827 0.407462 -2.000001
v 0.945827 0.202448 -2.000001
v 0.945827 1.027637 -2.000002
v 0.945827 0.822623 -2.000002
v 0.833107 0.615042 -2.337508
v 0.833106 0.615042 -2.670842
v 1.166892 0.615043 -1.662494
v 1.166893 0.615043 -1.329161
v 1.004172 0.822623 -2.000001
v 1.004171 1.027637 -2.000001
v 1.004172 0.202448 -2.000001
v 1.004172 0.407462 -2.000001
v -1.004174 0.615043 -5.033438
v -1.004173 0.615043 -5.041771
v -1.004174 0.615043 -5.016564
v -1.004174 0.615043 -5.008231
v -1.004174 0.407462 -5.025001
v -1.004174 0.202448 -5.025001
v -1.004173 1.027637 -5.025001
v -1.004173 0.822623 -5.025001
v 2.024936 -0.102646 1.337506
v 2.024936 -0.102646 1.670840
v 2.025010 -0.102646 0.662495
v 2.025010 -0.102646 0.329162
v 2.016562 -0.000064 1.000001
v 2.008228 -0.000064 1.000001
v 2.041770 -0.000064 1.000001
v 2.033437 -0.000064 1.000001
v 2.033437 1.230149 1.000001
v 2.041770 1.230149 1.000001
v 2.016562 1.230149 1.000001
v 2.008228 1.230149 1.000001
v 2.025088 1.332731 0.662495
v 2.025088 1.332731 0.329162
v 2.024932 1.332731 1.670841
v 2.024931 1.332731 1.337508
v 2.033436 0.615043 -0.000002
v 2.041769 0.615043 -0.000002
v 2.016665 0.615043 0.000001
v 2.008332 0.615043 0.000001
v 2.024998 0.407462 -0.000103
v 2.024998 0.202448 -0.000103
v 2.025000 1.027637 -0.000103
v 2.025000 0.822623 -0.000103
v 2.216891 0.615042 1.337508
v 2.216892 0.615042 1.670842
v 2.216891 0.615044 0.662497
v 2.216890 0.615044 0.329163
v 2.054171 0.407462 1.000001
v 2.054171 0.202448 1.000001
v 2.054171 1.027637 1.000001
v 2.054171 0.822623 1.000001
v 2.016562 0.615043 2.000004
v 2.008229 0.615043 2.000004
v 2.033438 0.615043 2.000004
v 2.041771 0.615043 2.000004
v 2.024999 0.407462 2.000105
v 2.024999 0.202448 2.000105
v 2.024998 1.027636 2.000105
v 2.024998 0.822622 2.000105
v 1.833107 0.615042 1.337505
v 1.833108 0.615042 1.670838
v 2.000052 0.615042 0.658323
v 2.000052 0.615042 0.324989
v 1.995827 0.822623 1.000001
v 1.995827 1.027637 1.000001
v 1.995827 0.202448 1.000001
v 1.995827 0.407462 1.000001
v 0.996661 0.615043 -5.033501
v 0.996661 0.615043 -5.041834
v 0.996661 0.615043 -5.016501
v 0.996661 0.615043 -5.008168
v 0.996661 0.405923 -5.025001
v 0.996661 0.200908 -5.025001
v 0.996661 1.029177 -5.025001
v 0.996661 0.824162 -5.025001
v 2.333333 0.615043 -5.050002
v 2.666666 0.615043 -5.050003
v 1.664997 0.615043 -5.050085
v 1.331664 0.615043 -5.050085
v 1.999999 0.407462 -5.050106
v 1.999999 0.202448 -5.050106
v 1.999999 1.027637 -5.050106
v 1.999999 0.822623 -5.050106
v 2.337505 0.615043 -4.000106
v 2.670838 0.615043 -4.000107
v 1.662493 0.615043 -3.999898
v 1.329160 0.615043 -3.999897
v 1.999999 0.822623 -3.999898
v 1.999999 1.027637 -3.999898
v 1.999999 0.202448 -3.999898
v 1.999999 0.407462 -3.999898
v 2.337505 0.615043 -4.049898
v 2.670838 0.615043 -4.049898
v 1.662494 0.615043 -4.050105
v 1.329160 0.615043 -4.050105
v 1.999999 0.407462 -4.050106
v 1.999999 0.202448 -4.050106
v 1.999999 1.027637 -4.050106
v 1.999999 0.822623 -4.050106
v 0.995827 0.615043 -4.033438
v 0.995827 0.615043 -4.041771
v 0.995826 0.615043 -4.016563
v 0.995826 0.615043 -4.008230
v 0.995826 0.407462 -4.025001
v 0.995826 0.202448 -4.025001
v 0.995827 1.027637 -4.025001
v 0.995826 0.822623 -4.025001
v 1.999999 1.232651 -4.033439
v 1.999999 1.232651 -4.041772
v 1.999999 1.232651 -4.016564
v 1.999999 1.232651 -4.008231
v 1.662494 1.232651 -4.025002
v 1.329160 1.232651 -4.025001
v 2.670838 1.227519 -4.025002
v 2.337505 1.227519 -4.025002
v 2.337505 0.002566 -4.025002
v 2.670838 0.002566 -4.025002
v 1.662493 -0.002566 -4.025001
v 1.329160 -0.002566 -4.025001
v 1.999999 -0.002566 -4.016564
v 1.999999 -0.002566 -4.008231
v 1.999999 -0.002566 -4.041772
v 1.999999 -0.002566 -4.033439
v 2.995827 0.615043 -4.033440
v 2.995827 0.615043 -4.041773
v 2.995827 0.615043 -4.016565
v 2.995827 0.615043 -4.008232
v 2.995827 0.407462 -4.025002
v 2.995827 0.202448 -4.025002
v 2.995827 1.027637 -4.025003
v 2.995827 0.822623 -4.025003
v 0.662494 -0.002566 0.025000
v 0.329161 -0.002566 0.025000
v 1.337505 -0.002566 0.025000
v 1.670838 -0.002566 0.025000
v 1.000000 -0.002566 0.016563
v 1.000000 -0.002566 0.008229
v 1.000000 -0.002566 0.041771
v 1.000000 -0.002566 0.033438
v 0.999999 1.232651 0.033438
v 0.999999 1.232651 0.041771
v 0.999999 1.232651 0.016563
v 0.999999 1.232651 0.008229
v 1.337505 1.232651 0.025000
v 1.670838 1.232651 0.025000
v 0.329161 1.232651 0.025000
v 0.662494 1.232651 0.025000
v 2.004171 0.615043 0.033438
v 2.004172 0.615043 0.041771
v 2.000000 0.615043 0.016459
v 2.000000 0.615043 0.008125
v 2.004171 0.407462 0.025000
v 2.004171 0.202448 0.025000
v 2.004171 1.027637 0.025000
v 2.004171 0.822623 0.025000
v -0.004172 0.615043 0.016562
v -0.004172 0.615043 0.008229
v -0.004172 0.615043 0.033438
v -0.004172 0.615043 0.041771
v -0.004172 0.407462 0.025000
v -0.004172 0.202448 0.025000
v -0.004173 1.027637 0.025000
v -0.004172 0.822623 0.025000
v 0.662494 0.615043 -0.000104
v 0.329161 0.615043 -0.000104
v 1.333332 0.615043 0.000000
v 1.666665 0.615043 0.000001
v 0.999999 0.822623 -0.000104
v 0.999999 1.027637 -0.000104
v 0.999999 0.202448 -0.000104
v 0.999999 0.407462 -0.000104
v 0.662494 -0.002566 -0.975000
v 0.329161 -0.002566 -0.975000
v 1.341678 0.000000 -0.975000
v 1.675011 0.000000 -0.975000
v 1.000000 -0.002566 -0.983438
v 1.000000 -0.002566 -0.991771
v 1.000000 -0.002566 -0.958229
v 1.000000 -0.002566 -0.966562
v 1.000000 1.232651 -0.966562
v 1.000000 1.232651 -0.958229
v 1.000000 1.232651 -0.983437
v 1.000000 1.232651 -0.991771
v 1.341678 1.230085 -0.975000
v 1.675011 1.230085 -0.975000
v 0.329161 1.232651 -0.975000
v 0.662494 1.232651 -0.975000
v 2.000002 0.615043 -0.966458
v 2.000002 0.615043 -0.958125
v 2.000001 0.615043 -0.983333
v 2.000001 0.615043 -0.991666
v 2.000000 0.410028 -0.975000
v 2.000000 0.205014 -0.975000
v 2.000000 1.025071 -0.975000
v 2.000000 0.820057 -0.975000
v 0.662494 0.615043 -1.000104
v 0.329161 0.615043 -1.000104
v 1.341678 0.615060 -1.000000
v 1.675011 0.615060 -0.999999
v 1.000000 0.822623 -1.000104
v 1.000000 1.027637 -1.000104
v 1.000000 0.202448 -1.000104
v 1.000000 0.407462 -1.000104
v 3.024949 -0.102646 -1.662494
v 3.024949 -0.102646 -1.329161
v 3.025009 -0.082116 -2.335002
v 3.025009 -0.082116 -2.668336
v 3.016562 -0.000064 -2.000000
v 3.008228 -0.000064 -2.000000
v 3.041770 -0.000064 -2.000000
v 3.033437 -0.000064 -2.000000
v 3.033437 1.230149 -2.000000
v 3.041770 1.230149 -2.000000
v 3.016562 1.230149 -2.000000
v 3.008229 1.230149 -2.000000
v 3.025030 1.312201 -2.335002
v 3.025030 1.312201 -2.668335
v 3.024947 1.332731 -1.329161
v 3.024947 1.332731 -1.662494
v 3.033499 0.615043 -3.000002
v 3.041832 0.615043 -3.000002
v 3.016499 0.615043 -3.000002
v 3.008165 0.615043 -3.000002
v 3.024999 0.405922 -3.000083
v 3.024999 0.200908 -3.000083
v 3.025001 1.029177 -3.000083
v 3.025001 0.824162 -3.000083
v 3.216891 0.615042 -1.662493
v 3.216892 0.615042 -1.329159
v 3.183500 0.615043 -2.335002
v 3.183500 0.615043 -2.668335
v 3.054172 0.407462 -2.000000
v 3.054172 0.202448 -2.000000
v 3.054172 1.027637 -2.000000
v 3.054172 0.822623 -2.000000
v 3.016562 0.615043 -0.999998
v 3.008229 0.615043 -0.999998
v 3.033438 0.615043 -0.999997
v 3.041771 0.615043 -0.999997
v 3.024999 0.407462 -0.999896
v 3.024999 0.202448 -0.999896
v 3.024999 1.027637 -0.999896
v 3.024999 0.822623 -0.999896
v 2.833108 0.615042 -1.662496
v 2.833108 0.615042 -1.329163
v 2.866474 0.615043 -2.335003
v 2.866474 0.615043 -2.668336
v 2.995827 0.822623 -2.000000
v 2.995828 1.027637 -2.000000
v 2.995827 0.202448 -2.000000
v 2.995827 0.407462 -2.000000
v 3.017678 -0.000001 1.341678
v 3.015892 -0.000001 1.675011
v 3.021465 -0.102646 0.662494
v 3.023251 -0.102646 0.329161
v 3.013012 -0.000050 1.000000
v 3.006464 -0.000050 1.000000
v 3.032819 -0.000050 1.000000
v 3.026271 -0.000050 1.000000
v 3.026271 1.230135 1.000000
v 3.032819 1.230135 1.000000
v 3.013012 1.230135 1.000000
v 3.006464 1.230135 1.000000
v 3.021542 1.332731 0.662495
v 3.023328 1.332731 0.329161
v 3.015892 1.230083 1.675012
v 3.017678 1.230083 1.341678
v 3.033436 0.615043 -0.000002
v 3.041769 0.615043 -0.000002
v 3.016561 0.615043 -0.000003
v 3.008227 0.615043 -0.000003
v 3.024999 0.407462 -0.000104
v 3.024999 0.202448 -0.000104
v 3.025001 1.027637 -0.000104
v 3.025001 0.822623 -0.000104
v 3.035543 0.615041 1.341678
v 3.031971 0.615041 1.675012
v 3.209792 0.615044 0.662497
v 3.213364 0.615044 0.329163
v 3.043457 0.407462 1.000000
v 3.043457 0.202448 1.000000
v 3.043457 1.027637 1.000000
v 3.043457 0.822623 1.000000
v 3.009522 0.615043 2.000000
v 3.004760 0.615043 2.000000
v 3.019047 0.615043 2.000000
v 3.023808 0.615043 2.000000
v 3.014285 0.410028 2.000000
v 3.014285 0.205014 2.000000
v 3.014285 1.025071 2.000000
v 3.014285 0.820057 2.000000
v 2.999820 0.615041 1.341678
v 2.999820 0.615041 1.675011
v 2.833107 0.615042 0.662492
v 2.833107 0.615042 0.329159
v 2.995826 0.822623 1.000000
v 2.995826 1.027637 1.000000
v 2.995826 0.202448 1.000000
v 2.995826 0.407462 1.000000
v 3.024988 0.082116 -3.664998
v 3.024988 0.082116 -3.331665
v 3.025008 -0.082116 -4.335002
v 3.025008 -0.082116 -4.668335
v 3.016561 -0.000064 -4.000000
v 3.008227 -0.000064 -4.000000
v 3.041769 -0.000064 -4.000000
v 3.033436 -0.000064 -4.000000
v 3.033436 1.230149 -4.000000
v 3.041770 1.230149 -3.999999
v 3.016561 1.230149 -4.000000
v 3.008228 1.230149 -4.000000
v 3.025029 1.312201 -4.335002
v 3.025029 1.312201 -4.668335
v 3.024969 1.147969 -3.331664
v 3.024968 1.147969 -3.664998
v 3.033497 0.615043 -5.000002
v 3.041830 0.615043 -5.000002
v 3.016456 0.615043 -5.000000
v 3.008123 0.615043 -5.000000
v 3.024999 0.405922 -5.000084
v 3.024999 0.200908 -5.000084
v 3.025000 1.029177 -5.000083
v 3.025000 0.824162 -5.000084
v 2.916495 0.615042 -3.664998
v 2.916495 0.615042 -3.331665
v 3.185472 0.615043 -4.335069
v 3.185472 0.615043 -4.668402
v 3.054171 0.407462 -4.000000
v 3.054171 0.202448 -4.000000
v 3.054171 1.027637 -3.999999
v 3.054171 0.822623 -3.999999
v 3.133527 0.615043 -3.664998
v 3.133527 0.615043 -3.331664
v 2.999999 0.615043 -4.333333
v 2.999998 0.615043 -4.666667
v 2.995827 0.822623 -4.000000
v 2.995827 1.027637 -4.000000
v 2.995826 0.202448 -4.000000
v 2.995826 0.407462 -4.000000
v -1.020828 0.615043 1.008439
v -1.020828 0.615043 1.016772
v -1.020828 0.615043 0.991564
v -1.020828 0.615043 0.983231
v -1.020828 0.407462 1.000001
v -1.020828 0.202448 1.000001
v -1.020828 1.027637 1.000002
v -1.020828 0.822623 1.000002
v -0.362506 0.002566 0.999999
v -0.695839 0.002566 1.000000
v 0.312506 -0.002566 0.999998
v 0.645839 -0.002566 0.999997
v -0.025001 -0.002566 0.991561
v -0.025001 -0.002566 0.983228
v -0.025000 -0.002566 1.016770
v -0.025000 -0.002566 1.008436
v -0.025000 1.232651 1.008436
v -0.025000 1.232651 1.016770
v -0.025001 1.232651 0.991561
v -0.025001 1.232651 0.983228
v 0.312505 1.232651 0.999998
v 0.645839 1.232651 0.999997
v -0.695840 1.227519 1.000001
v -0.362506 1.227519 1.000000
v 0.979172 0.615043 1.008434
v 0.979172 0.615043 1.016767
v 0.979172 0.615043 0.991558
v 0.979172 0.615043 0.983225
v 0.979172 0.407462 0.999996
v 0.979172 0.202448 0.999996
v 0.979172 1.027637 0.999996
v 0.979172 0.822623 0.999996
v -0.362506 0.615043 1.024895
v -0.695840 0.615043 1.024896
v 0.312505 0.615043 1.025102
v 0.645839 0.615043 1.025101
v -0.025000 0.407462 1.025103
v -0.025000 0.202448 1.025103
v -0.025000 1.027637 1.025103
v -0.025000 0.822623 1.025103
v -0.362506 0.615043 0.975104
v -0.695839 0.615043 0.975105
v 0.312506 0.615043 0.974894
v 0.645839 0.615043 0.974893
v -0.025001 0.822623 0.974895
v -0.025001 1.027637 0.974895
v -0.025001 0.202448 0.974894
v -0.025001 0.407462 0.974895
v -1.020828 0.615043 3.008439
v -1.020828 0.615043 3.016772
v -1.020828 0.615043 2.991564
v -1.020828 0.615043 2.983231
v -1.020828 0.407462 3.000001
v -1.020828 0.202448 3.000001
v -1.020828 1.027637 3.000002
v -1.020828 0.822623 3.000001
v -0.362511 0.615043 2.975104
v -0.695845 0.615043 2.975105
v 0.312506 0.615043 2.974894
v 0.645839 0.615043 2.974893
v -0.025001 0.822623 2.974895
v -0.025001 1.027637 2.974895
v -0.025001 0.202448 2.974895
v -0.025001 0.407462 2.974895
v 0.979172 0.615043 3.008439
v 0.979171 0.615043 3.016772
v 0.979172 0.615043 2.991564
v 0.979172 0.615043 2.983231
v 0.979172 0.407462 3.000001
v 0.979172 0.202448 3.000001
v 0.979172 1.027637 3.000002
v 0.979172 0.822623 3.000001
v 1.645775 0.002598 2.999999
v 1.308275 0.002598 3.000000
v 2.329223 -0.002598 2.999998
v 2.666723 -0.002598 2.999997
v 1.987498 -0.002566 2.991561
v 1.987498 -0.002566 2.983228
v 1.987499 -0.002566 3.016769
v 1.987499 -0.002566 3.008436
v 1.645775 0.615043 2.975106
v 1.308275 0.615043 2.975106
v 2.329223 0.615043 2.974892
v 2.666723 0.615043 2.974891
v 1.987498 0.822623 2.974895
v 1.987498 1.027637 2.974895
v 1.987498 0.202448 2.974895
v 1.987498 0.407462 2.974895
v 3.030110 0.615043 -5.016626
v 3.038443 0.615043 -5.008293
v 3.016663 0.615043 -5.033544
v 3.008330 0.615043 -5.041878
v 3.029170 0.407462 -5.025004
v 3.029170 0.202448 -5.025004
v 3.029170 1.027637 -5.025004
v 3.029170 0.822623 -5.025004
v 3.016728 -0.000115 -5.025002
v 3.008394 -0.000115 -5.025002
v 3.025103 0.001989 -5.016626
v 3.025102 0.001989 -5.008292
v 3.008290 0.002002 -5.016626
v 3.016623 0.002002 -5.008292
v 2.016461 1.230085 -0.991874
v 2.008128 1.230085 -0.983541
v 2.025107 1.230149 -0.991874
v 2.025107 1.230149 -0.983541
v 2.008229 1.230149 -0.974999
v 2.016562 1.230149 -0.974999
v 2.008128 0.000000 -0.983542
v 2.016461 0.000000 -0.991875
v 2.008229 -0.000064 -0.975000
v 2.016562 -0.000064 -0.975000
v 2.025107 -0.000064 -0.991875
v 2.025107 -0.000064 -0.983541
v -1.029265 0.039968 2.161686
v -1.033432 0.039968 2.324186
v -1.020723 0.039968 2.161686
v -1.016557 0.039968 2.324186
v -1.029166 -0.000128 2.487500
v -1.020833 -0.000128 2.487500
v 2.033333 0.615043 -0.983541
v 2.041667 0.615043 -0.991874
v 2.016669 0.615043 -0.966458
v 2.008336 0.615043 -0.958125
v 2.029171 0.407462 -0.974997
v 2.029171 0.202448 -0.974997
v 2.029171 1.027637 -0.974997
v 2.029171 0.822623 -0.974997
v -1.024988 0.082117 0.664997
v -1.024988 0.082117 0.331663
v -1.025008 -0.082116 1.335001
v -1.025008 -0.082116 1.668335
v -1.016561 -0.000064 0.999999
v -1.008227 -0.000064 0.999999
v -1.041770 -0.000064 0.999999
v -1.033436 -0.000064 0.999999
v -1.033436 1.230149 0.999999
v -1.041769 1.230149 0.999999
v -1.016561 1.230149 0.999999
v -1.008228 1.230149 0.999999
v -1.025029 1.312202 1.335001
v -1.025029 1.312202 1.668334
v -1.024968 1.147969 0.331663
v -1.024968 1.147969 0.664996
v -1.033499 0.615043 2.000001
v -1.041832 0.615043 2.000001
v -1.016498 0.615043 2.000001
v -1.008165 0.615043 2.000001
v -1.024999 0.405923 2.000082
v -1.024999 0.200908 2.000082
v -1.025000 1.029177 2.000082
v -1.025000 0.824163 2.000082
v -0.916497 0.615042 0.664997
v -0.916497 0.615042 0.331663
v -1.183551 0.615043 1.335002
v -1.183551 0.615043 1.668336
v -1.054171 0.407462 0.999999
v -1.054171 0.202448 0.999999
v -1.054171 1.027637 0.999998
v -1.054171 0.822623 0.999999
v -1.133524 0.615042 0.664996
v -1.133524 0.615042 0.331663
v -0.866421 0.615043 1.335004
v -0.866421 0.615043 1.668337
v -0.995826 0.822623 0.999999
v -0.995826 1.027637 0.999999
v -0.995826 0.202448 0.999999
v -0.995826 0.407462 0.999999
v -1.133526 0.615043 -1.335004
v -1.133526 0.615043 -1.668337
v -0.866473 0.615043 -0.664998
v -0.866473 0.615043 -0.331665
v -0.995826 0.822623 -1.000001
v -0.995826 1.027637 -1.000001
v -0.995826 0.202448 -1.000001
v -0.995826 0.407462 -1.000001
v -0.916495 0.615042 -1.335003
v -0.916495 0.615042 -1.668337
v -1.183500 0.615043 -0.664999
v -1.183500 0.615043 -0.331666
v -1.054171 0.407462 -1.000001
v -1.054171 0.202448 -1.000001
v -1.054171 1.027637 -1.000002
v -1.054171 0.822623 -1.000002
v -1.033436 1.230149 -1.000001
v -1.041769 1.230149 -1.000002
v -1.016561 1.230149 -1.000001
v -1.008228 1.230149 -1.000001
v -1.025029 1.312201 -0.664999
v -1.025029 1.312201 -0.331666
v -1.024968 1.147969 -1.668337
v -1.024968 1.147969 -1.335004
v -1.024988 0.082117 -1.335003
v -1.024988 0.082117 -1.668337
v -1.025009 -0.082116 -0.664999
v -1.025009 -0.082116 -0.331665
v -1.016561 -0.000064 -1.000001
v -1.008227 -0.000064 -1.000001
v -1.041770 -0.000064 -1.000001
v -1.033436 -0.000064 -1.000001
v 0.335001 0.615043 -5.000084
v 0.668334 0.615043 -5.000084
v -0.337507 0.615043 -4.999897
v -0.670840 0.615043 -4.999897
v -0.000001 0.822623 -4.999897
v -0.000001 1.027637 -4.999897
v -0.000001 0.202448 -4.999897
v -0.000001 0.407462 -4.999897
v 0.335001 0.615043 -5.049918
v 0.668335 0.615043 -5.049918
v -0.337507 0.615043 -5.050105
v -0.670840 0.615043 -5.050105
v -0.000001 0.407462 -5.050105
v -0.000001 0.202448 -5.050105
v -0.000001 1.027637 -5.050105
v -0.000001 0.822623 -5.050105
v -0.000001 1.232651 -5.033438
v -0.000000 1.232651 -5.041771
v -0.000001 1.232651 -5.016564
v -0.000001 1.232651 -5.008231
v -0.337507 1.232651 -5.025001
v -0.670840 1.232651 -5.025001
v 0.668335 1.228032 -5.025001
v 0.335001 1.228032 -5.025001
v 0.335001 0.002053 -5.025001
v 0.668334 0.002053 -5.025001
v -0.337507 -0.002566 -5.025001
v -0.670840 -0.002566 -5.025001
v -0.000001 -0.002566 -5.016564
v -0.000001 -0.002566 -5.008231
v -0.000001 -0.002566 -5.041772
v -0.000001 -0.002566 -5.033439
v 2.999996 0.615043 -5.033544
v 2.999996 0.615043 -5.041878
v 2.999999 0.615043 -5.016668
v 2.999999 0.615043 -5.008334
v 2.996661 0.405922 -5.025002
v 2.996661 0.200908 -5.025002
v 2.996661 1.029177 -5.025002
v 2.996661 0.824162 -5.025002
v 2.335001 0.002053 -5.025001
v 2.668334 0.002053 -5.025001
v 1.664996 -0.002053 -5.025001
v 1.331663 -0.002053 -5.025001
v 1.999999 -0.002566 -5.016563
v 1.999998 -0.002566 -5.008230
v 1.999999 -0.002566 -5.041772
v 1.999999 -0.002566 -5.033439
v 1.999999 1.232651 -5.033439
v 1.999999 1.232651 -5.041772
v 1.999999 1.232651 -5.016563
v 1.999999 1.232651 -5.008230
v 1.664997 1.232138 -5.025001
v 1.331663 1.232138 -5.025001
v 2.668334 1.228032 -5.025002
v 2.335001 1.228032 -5.025001
v 2.341676 0.615043 -5.000000
v 2.675010 0.615043 -5.000000
v 1.664996 0.615043 -4.999917
v 1.331663 0.615043 -4.999918
v 1.999998 0.822623 -4.999897
v 1.999998 1.027637 -4.999897
v 1.999998 0.202448 -4.999897
v 1.999998 0.407462 -4.999897
v -0.362506 0.002566 3.000000
v -0.695839 0.002566 3.000001
v 0.312505 -0.002566 3.000000
v 0.645839 -0.002566 2.999999
v -0.025001 -0.002566 2.991562
v -0.025001 -0.002566 2.983228
v -0.025001 -0.002566 3.016772
v -0.025001 -0.002566 3.008438
v -0.025001 1.232651 3.008438
v -0.025001 1.232651 3.016772
v -0.025001 1.232651 2.991562
v -0.025001 1.232651 2.983229
v 0.312505 1.232651 3.000000
v 0.645838 1.232651 2.999999
v -0.695840 1.227519 3.000001
v -0.362506 1.227519 3.000001
v 0.979172 0.615043 3.008437
v 0.979172 0.615043 3.016771
v 0.979172 0.615043 2.991560
v 0.979173 0.615043 2.983226
v 0.979172 0.407462 2.999999
v 0.979172 0.202448 2.999999
v 0.979172 1.027637 2.999999
v 0.979172 0.822623 2.999999
v -0.362506 0.615043 3.024897
v -0.695840 0.615043 3.024897
v 0.312505 0.615043 3.025105
v 0.645838 0.615043 3.025105
v -0.025001 0.407462 3.025105
v -0.025001 0.202448 3.025105
v -0.025001 1.027637 3.025105
v -0.025001 0.822623 3.025105
v 3.008395 1.230201 -5.025002
v 3.016728 1.230201 -5.025001
v 3.008290 1.228083 -5.016626
v 3.016623 1.228083 -5.008292
v 3.025102 1.228096 -5.016626
v 3.025102 1.228096 -5.008292
v -1.114641 0.615042 2.652031
v -1.110475 0.615042 2.814532
v -0.976641 0.615042 2.324186
v -0.980808 0.615042 2.161686
v -1.041672 0.822623 2.487500
v -1.041672 1.027637 2.487500
v -1.041672 0.202448 2.487500
v -1.041672 0.407462 2.487500
v -1.098079 0.615042 2.652034
v -1.102246 0.615042 2.814534
v -1.073369 0.615042 2.324186
v -1.069202 0.615042 2.161686
v -1.008327 0.407462 2.487500
v -1.008327 0.202448 2.487500
v -1.008327 1.027637 2.487501
v -1.008327 0.822623 2.487500
v -1.033422 1.190117 2.324186
v -1.029255 1.190117 2.161686
v -1.029166 1.230213 2.487501
v -1.020833 1.230213 2.487501
v -1.020713 1.190117 2.161686
v -1.016547 1.190117 2.324186
v 3.019106 1.230122 2.524996
v 3.023868 1.230122 2.524996
v 3.009463 1.230122 2.524996
v 3.004701 1.230122 2.524996
v 3.014359 1.229981 2.354157
v 3.014359 1.229981 2.187490
v 3.014285 1.281408 2.860415
v 3.014285 1.281408 2.693749
v 3.019047 0.615043 2.024996
v 3.023808 0.615043 2.024996
v 3.009522 0.615043 2.024996
v 3.004760 0.615043 2.024996
v 3.014285 0.410028 2.024996
v 3.014285 0.205014 2.024996
v 3.014285 1.025071 2.024996
v 3.014285 0.820057 2.024996
v 3.112017 0.615043 2.693749
v 3.112017 0.615043 2.860415
v 3.028660 0.615043 2.354157
v 3.028660 0.615043 2.187490
v 3.032743 0.407462 2.524996
v 3.032743 0.202448 2.524996
v 3.032743 1.027637 2.524996
v 3.032743 0.822623 2.524996
v 3.014287 1.230085 2.008228
v 3.014287 1.230085 2.004062
v 3.014283 1.230088 2.016768
v 3.014283 1.230088 2.020934
v 3.019106 1.230122 2.012498
v 3.023868 1.230122 2.012498
v 3.004701 1.230122 2.012498
v 3.009463 1.230122 2.012498
v 3.032743 0.822623 2.012498
v 3.032743 1.027637 2.012498
v 3.032743 0.407462 2.012498
v 3.032743 0.202448 2.012498
v 3.028573 0.615043 2.008228
v 3.028573 0.615043 2.004062
v 3.028568 0.615043 2.020934
v 3.028568 0.615043 2.016768
v 3.009463 -0.000037 2.012498
v 3.004701 -0.000037 2.012498
v 3.019106 -0.000037 2.012498
v 3.023868 -0.000037 2.012498
v 3.014284 0.000000 2.016768
v 3.014284 0.000000 2.020934
v 3.014287 0.000000 2.004062
v 3.014287 0.000000 2.008227
v 2.995826 0.822623 2.012498
v 2.995826 1.027637 2.012498
v 2.995826 0.407462 2.012498
v 2.995826 0.202448 2.012498
v 2.999998 0.615043 2.016768
v 2.999998 0.615043 2.020934
v 3.000001 0.615043 2.004062
v 3.000001 0.615043 2.008227
v 1.987499 1.232651 3.008436
v 1.987499 1.232651 3.016770
v 1.987498 1.232651 2.991561
v 1.987498 1.232651 2.983228
v 2.329223 1.232683 2.999998
v 2.666723 1.232683 2.999997
v 1.308275 1.227487 3.000001
v 1.645774 1.227487 3.000000
v 2.999999 0.615043 3.008538
v 2.999999 0.615043 3.016871
v 3.004171 0.615043 2.991558
v 3.004171 0.615043 2.983225
v 3.004171 0.407462 2.999996
v 3.004171 0.202448 2.999996
v 3.004171 1.027637 2.999996
v 3.004171 0.822623 2.999996
v 1.645775 0.615043 3.024894
v 1.308275 0.615043 3.024895
v 2.324999 0.615043 3.024998
v 2.662498 0.615043 3.024997
v 1.987499 0.407462 3.025103
v 1.987499 0.202448 3.025103
v 1.987499 1.027637 3.025103
v 1.987499 0.822623 3.025103
v 3.014284 -0.051323 2.693749
v 3.014284 -0.051323 2.860415
v 3.014307 0.000000 2.354157
v 3.014307 0.000000 2.187490
v 3.009463 -0.000037 2.524996
v 3.004701 -0.000037 2.524996
v 3.023868 -0.000037 2.524996
v 3.019106 -0.000037 2.524996
v 3.009522 0.615043 3.024996
v 3.004760 0.615043 3.024996
v 3.019106 0.615043 3.024998
v 3.023868 0.615043 3.024998
v 3.014285 0.407462 3.025100
v 3.014285 0.202448 3.025100
v 3.014285 1.027637 3.025100
v 3.014285 0.822623 3.025100
v 3.000007 0.615043 2.695835
v 3.000007 0.615043 2.862502
v 3.000006 0.615043 2.354157
v 3.000006 0.615043 2.187490
v 2.995826 0.822623 2.524996
v 2.995826 1.027637 2.524996
v 2.995826 0.202448 2.524996
v 2.995826 0.407462 2.524996
v 0.661731 0.823055 0.050193
v 0.327471 0.822770 0.050182
v 0.662238 1.028692 0.050181
v 0.327977 1.028407 0.050169
v -1.034740 0.823587 0.000072
v -1.044310 0.822979 0.000060
v -1.034705 1.028629 0.000072
v -1.044274 1.028021 0.000059
v 0.661731 0.823055 -0.949807
v 0.327471 0.822770 -0.949818
v 0.662238 1.028692 -0.949820
v 0.327977 1.028407 -0.949831
v -0.007730 0.823055 -0.983457
v -0.007267 0.822770 -0.991813
v -0.007224 1.028692 -0.983444
v -0.006760 1.028407 -0.991800
v -1.034367 0.822358 -3.999906
v -1.043627 0.822073 -3.999918
v -1.034352 1.027390 -3.999906
v -1.043612 1.027105 -3.999918
v -0.986996 0.098449 -3.337338
v -0.986984 0.098456 -3.670671
v -0.954949 0.086031 -3.336834
v -0.954937 0.086038 -3.670166
v -0.996153 1.138481 -3.337049
v -0.967372 1.149897 -3.336585
v -0.996225 1.138526 -3.670386
v -0.967444 1.149941 -3.669923
v -1.034740 0.823587 -1.999928
v -1.044309 0.822978 -1.999940
v -1.034705 1.028629 -1.999928
v -1.044274 1.028021 -1.999941
v -0.893560 0.793797 -3.337315
v -0.893097 0.793511 -3.670625
v -0.913733 0.973988 -3.336811
v -0.913270 0.973703 -3.670121
v -1.156437 0.436301 -3.337316
v -1.156901 0.436586 -3.670626
v -1.136249 0.256120 -3.336811
v -1.136713 0.256405 -3.670122
v -0.156437 0.436301 -3.337316
v -0.156901 0.436586 -3.670626
v -0.136248 0.256120 -3.336811
v -0.136713 0.256405 -3.670122
v 0.106448 0.793812 -3.337316
v 0.106911 0.793526 -3.670626
v 0.086298 0.974012 -3.336812
v 0.086762 0.973726 -3.670122
v -0.034365 0.822359 -1.999906
v -0.043625 0.822074 -1.999918
v -0.034350 1.027391 -1.999906
v -0.043610 1.027106 -1.999918
v 0.003828 1.138480 -3.337048
v 0.032591 1.149894 -3.336585
v 0.003756 1.138524 -3.670386
v 0.032519 1.149938 -3.669922
v 0.013005 0.098449 -3.337338
v 0.013016 0.098456 -3.670671
v 0.045051 0.086031 -3.336834
v 0.045063 0.086038 -3.670166
v -0.034367 0.822358 -3.999906
v -0.043627 0.822071 -3.999918
v -0.034352 1.027390 -3.999906
v -0.043612 1.027104 -3.999918
v 2.033329 -0.001122 -1.658322
v 2.033294 -0.001100 -1.324988
v 2.041703 -0.002218 -1.658322
v 2.041668 -0.002196 -1.324989
v 2.033338 1.231213 -1.658320
v 2.041712 1.232303 -1.658321
v 2.033263 1.231183 -1.324987
v 2.041636 1.232272 -1.324988
v 2.034365 0.822359 -3.000095
v 2.043625 0.822074 -3.000083
v 2.034350 1.027391 -3.000094
v 2.043610 1.027106 -3.000083
v 2.052822 0.822861 -1.658320
v 2.051432 0.822006 -1.324986
v 2.052822 1.028969 -1.658321
v 2.051432 1.028114 -1.324986
v 2.016451 0.821827 -0.999999
v 2.008097 0.823537 -0.999999
v 2.016577 1.026867 -0.999999
v 2.008223 1.028578 -0.999999
v 1.997211 0.406601 -1.666666
v 1.998628 0.405746 -1.333333
v 1.997220 0.201574 -1.666666
v 1.998636 0.200719 -1.333333
v 0.965632 0.822358 -2.999906
v 0.956372 0.822073 -2.999918
v 0.965647 1.027390 -2.999907
v 0.956387 1.027105 -2.999918
v 1.013024 0.098446 -2.337338
v 1.013035 0.098453 -2.670671
v 1.045067 0.086025 -2.336833
v 1.045078 0.086032 -2.670166
v 1.003864 1.138479 -2.337049
v 1.032617 1.149891 -2.336585
v 1.003792 1.138523 -2.670386
v 1.032545 1.149935 -2.669922
v 0.965635 0.822359 -0.999906
v 0.956375 0.822074 -0.999917
v 0.965650 1.027391 -0.999906
v 0.956390 1.027106 -0.999918
v 1.106438 0.793795 -2.337315
v 1.106901 0.793509 -2.670625
v 1.086261 0.973984 -2.336811
v 1.086724 0.973699 -2.670121
v 0.843564 0.436306 -2.337317
v 0.843100 0.436591 -2.670627
v 0.863754 0.256128 -2.336812
v 0.863290 0.256413 -2.670122
v -1.007731 0.823055 -5.033458
v -1.007267 0.822769 -5.041814
v -1.007224 1.028692 -5.033445
v -1.006761 1.028407 -5.041801
v 2.079804 -0.098573 1.337339
v 2.079793 -0.098566 1.670673
v 2.128541 -0.086161 1.336835
v 2.128530 -0.086154 1.670169
v 2.070633 1.321826 1.337050
v 2.116077 1.310425 1.336586
v 2.070537 1.321766 1.670388
v 2.115980 1.310365 1.669925
v 2.034364 0.822359 -0.000095
v 2.043625 0.822074 -0.000083
v 2.034350 1.027391 -0.000094
v 2.043610 1.027106 -0.000082
v 2.213887 0.850905 1.337364
v 2.213423 0.850620 1.670720
v 2.193694 1.080763 1.336859
v 2.193231 1.080478 1.670215
v 2.015634 0.822358 2.000096
v 2.006374 0.822073 2.000085
v 2.015649 1.027390 2.000096
v 2.006389 1.027106 2.000085
v 1.836110 0.379195 1.337360
v 1.836574 0.379480 1.670717
v 1.856298 0.149348 1.336855
v 1.856762 0.149634 1.670212
v 0.993978 0.824613 -5.033523
v 0.994472 0.824005 -5.041887
v 0.994539 1.030492 -5.033495
v 0.995034 1.029883 -5.041859
v 2.333332 0.822615 -5.050107
v 2.666665 0.822607 -5.050107
v 2.333333 1.027629 -5.050107
v 2.666666 1.027621 -5.050107
v 2.336405 0.408458 -4.000009
v 2.668811 0.408743 -4.000021
v 2.335903 0.204062 -3.999996
v 2.668309 0.204347 -4.000008
v 2.336406 0.821627 -4.049994
v 2.668812 0.821342 -4.049984
v 2.335903 1.026023 -4.050007
v 2.668309 1.025738 -4.049996
v 0.992269 0.823055 -4.033458
v 0.992732 0.822769 -4.041814
v 0.992776 1.028692 -4.033444
v 0.993239 1.028407 -4.041801
v 2.335886 1.230256 -4.033412
v 2.335422 1.230541 -4.041722
v 2.668214 1.229947 -4.033400
v 2.667750 1.230232 -4.041710
v 2.336405 0.000171 -4.033399
v 2.668811 0.000456 -4.033387
v 2.335902 -0.000138 -4.041707
v 2.668309 0.000147 -4.041696
v 2.992269 0.823054 -4.033460
v 2.992733 0.822769 -4.041816
v 2.992776 1.028692 -4.033446
v 2.993240 1.028407 -4.041802
v 0.661731 -0.004755 0.033455
v 0.327471 -0.004470 0.033444
v 0.662238 -0.004443 0.041814
v 0.327978 -0.004158 0.041802
v 0.661792 1.234840 0.033457
v 0.662255 1.234555 0.041813
v 0.327445 1.234528 0.033444
v 0.327908 1.234243 0.041801
v 2.007729 0.823055 0.033457
v 2.007266 0.822770 0.041813
v 2.007222 1.028692 0.033444
v 2.006759 1.028407 0.041801
v -0.007730 0.823055 0.016543
v -0.007267 0.822770 0.008187
v -0.007224 1.028692 0.016556
v -0.006760 1.028407 0.008199
v 0.661731 0.407031 -0.000193
v 0.327471 0.407316 -0.000182
v 0.662238 0.201393 -0.000180
v 0.327978 0.201678 -0.000169
v 0.661732 -0.004755 -0.966545
v 0.327471 -0.004470 -0.966556
v 0.662238 -0.004443 -0.958186
v 0.327978 -0.004158 -0.958198
v 0.661792 1.234840 -0.966543
v 0.662256 1.234555 -0.958187
v 0.327445 1.234528 -0.966556
v 0.327908 1.234243 -0.958199
v 2.000002 0.822188 -0.966435
v 2.000003 0.823051 -0.958067
v 2.000002 1.028195 -0.966476
v 2.000002 1.029059 -0.958108
v 0.661732 0.407031 -1.000193
v 0.327471 0.407316 -1.000182
v 0.662238 0.201393 -1.000180
v 0.327978 0.201678 -1.000169
v 3.079819 -0.098571 -1.662662
v 3.079808 -0.098564 -1.329328
v 3.128554 -0.086156 -1.663166
v 3.128543 -0.086149 -1.329832
v 3.070645 1.321824 -1.662952
v 3.116085 1.310421 -1.663415
v 3.070548 1.321764 -1.329613
v 3.115988 1.310362 -1.330076
v 3.034740 0.823587 -3.000074
v 3.044309 0.822978 -3.000061
v 3.034705 1.028629 -3.000073
v 3.044274 1.028021 -3.000061
v 3.213888 0.850901 -1.662637
v 3.213425 0.850616 -1.329281
v 3.193699 1.080757 -1.663142
v 3.193235 1.080472 -1.329786
v 3.015635 0.822358 -0.999904
v 3.006374 0.822073 -0.999916
v 3.015649 1.027391 -0.999905
v 3.006389 1.027106 -0.999916
v 2.836110 0.379194 -1.662641
v 2.836574 0.379480 -1.329284
v 2.856298 0.149348 -1.663146
v 2.856762 0.149633 -1.329789
v 3.023683 -0.000043 1.341678
v 3.021275 -0.000026 1.675011
v 3.029634 0.000016 1.341678
v 3.026630 0.000033 1.675011
v 3.023690 1.230085 1.341679
v 3.029643 1.230050 1.341679
v 3.021263 1.230056 1.675013
v 3.026621 1.230021 1.675013
v 3.034365 0.822359 -0.000095
v 3.043625 0.822074 -0.000084
v 3.034350 1.027391 -0.000095
v 3.043611 1.027106 -0.000083
v 3.038363 0.821741 1.341678
v 3.033401 0.820885 1.675011
v 3.038363 1.026730 1.341678
v 3.033401 1.025874 1.675012
v 3.009522 0.820057 2.000000
v 3.004760 0.820057 2.000000
v 3.009522 1.025071 2.000000
v 3.004760 1.025071 2.000000
v 2.996997 0.408310 1.341678
v 2.998388 0.409165 1.675011
v 2.996996 0.203287 1.341678
v 2.998386 0.204142 1.675011
v 2.999196 0.077478 -3.665092
v 2.999192 0.077481 -3.331758
v 2.979653 0.063759 -3.665370
v 2.979650 0.063761 -3.332037
v 3.008648 1.159855 -3.665243
v 2.992266 1.172023 -3.665490
v 3.008665 1.159865 -3.331908
v 2.992284 1.172034 -3.332155
v 3.034730 0.823575 -5.000074
v 3.044291 0.822956 -5.000062
v 3.034696 1.028618 -5.000073
v 3.044256 1.027998 -5.000062
v 2.927954 0.801481 -3.665106
v 2.927800 0.801386 -3.331788
v 2.950252 0.989353 -3.665385
v 2.950097 0.989257 -3.332067
v 3.122063 0.428612 -3.665106
v 3.122217 0.428707 -3.331788
v 3.099754 0.240746 -3.665385
v 3.099909 0.240841 -3.332067
v -1.017270 0.823054 1.008458
v -1.017734 0.822769 1.016815
v -1.017777 1.028692 1.008446
v -1.018241 1.028407 1.016802
v -0.361406 0.000171 1.008397
v -0.693813 0.000456 1.008386
v -0.360904 -0.000138 1.016705
v -0.693310 0.000147 1.016694
v -0.360887 1.230256 1.008410
v -0.360423 1.230541 1.016720
v -0.693215 1.229947 1.008398
v -0.692751 1.230232 1.016708
v 0.982730 0.823055 1.008453
v 0.982266 0.822769 1.016809
v 0.982223 1.028692 1.008440
v 0.981760 1.028407 1.016797
v -0.361407 0.821627 1.024992
v -0.693813 0.821342 1.024982
v -0.360904 1.026023 1.025005
v -0.693311 1.025738 1.024994
v -0.361407 0.408458 0.975007
v -0.693813 0.408743 0.975019
v -0.360904 0.204063 0.974994
v -0.693310 0.204348 0.975006
v -1.017270 0.823055 3.008458
v -1.017734 0.822769 3.016814
v -1.017777 1.028692 3.008446
v -1.018241 1.028407 3.016802
v -0.361410 0.408458 2.975007
v -0.693815 0.408742 2.975019
v -0.360906 0.204063 2.974994
v -0.693311 0.204347 2.975006
v 0.982730 0.823054 3.008458
v 0.982266 0.822769 3.016814
v 0.982223 1.028692 3.008446
v 0.981759 1.028407 3.016802
v 1.646876 0.000202 3.008396
v 1.310304 0.000487 3.008386
v 1.647385 -0.000111 3.016704
v 1.310813 0.000174 3.016693
v -1.005689 0.822979 0.000060
v -1.015259 0.823587 0.000073
v -1.005724 1.028021 0.000060
v -1.015294 1.028630 0.000072
v -1.005724 0.202064 0.000060
v -1.015294 0.201456 0.000072
v -1.005688 0.407106 0.000060
v -1.015258 0.406498 0.000073
v -1.034704 0.201456 0.000072
v -1.044274 0.202064 0.000060
v -1.034740 0.406498 0.000073
v -1.044309 0.407106 0.000060
v 1.646876 0.408467 2.975008
v 1.310303 0.408752 2.975020
v 1.647385 0.204079 2.974995
v 1.310812 0.204364 2.975008
v 3.034302 0.822011 -5.016646
v 3.042473 0.821905 -5.008327
v 3.034830 1.026612 -5.016653
v 3.043001 1.026506 -5.008334
v 3.032544 0.001529 -5.008302
v 2.031458 1.228886 -0.991905
v 2.010146 -0.002890 -0.966548
v -1.025959 0.034145 2.161669
v 2.036155 0.821747 -0.983538
v 2.043098 0.820892 -0.991871
v 2.036155 1.026743 -0.983538
v 2.043098 1.025888 -0.991871
v -0.999196 0.077478 0.665090
v -0.999192 0.077481 0.331757
v -0.979653 0.063759 0.665369
v -0.979650 0.063761 0.332036
v -1.008648 1.159855 0.665242
v -0.992266 1.172023 0.665489
v -1.008665 1.159865 0.331907
v -0.992283 1.172034 0.332154
v -1.034740 0.823587 2.000072
v -1.044309 0.822978 2.000060
v -1.034705 1.028629 2.000072
v -1.044274 1.028020 2.000059
v -0.927955 0.801481 0.665105
v -0.927800 0.801385 0.331787
v -0.950253 0.989352 0.665384
v -0.950098 0.989257 0.332066
v -1.122062 0.428612 0.665105
v -1.122217 0.428707 0.331787
v -1.099755 0.240746 0.665384
v -1.099909 0.240841 0.332066
v -1.122062 0.428612 -1.334895
v -1.122217 0.428707 -1.668213
v -1.099754 0.240746 -1.334616
v -1.099909 0.240841 -1.667934
v -0.927955 0.801481 -1.334895
v -0.927800 0.801386 -1.668213
v -0.950252 0.989353 -1.334616
v -0.950097 0.989257 -1.667934
v -1.008648 1.159855 -1.334758
v -0.992266 1.172023 -1.334511
v -1.008665 1.159865 -1.668093
v -0.992283 1.172034 -1.667846
v -0.999196 0.077478 -1.334910
v -0.999192 0.077481 -1.668243
v -0.979653 0.063759 -1.334631
v -0.979650 0.063761 -1.667964
v 0.334289 0.408083 -4.999979
v 0.667004 0.408178 -4.999983
v 0.334011 0.203496 -4.999966
v 0.666726 0.203591 -4.999969
v 0.334289 0.822003 -5.050023
v 0.667005 0.821907 -5.050019
v 0.334011 1.026589 -5.050036
v 0.666727 1.026494 -5.050033
v 0.334096 1.230861 -5.033422
v 0.333849 1.231165 -5.041740
v 0.666798 1.230764 -5.033418
v 0.666551 1.231068 -5.041736
v 0.334289 -0.000537 -5.033413
v 0.667004 -0.000441 -5.033410
v 0.334010 -0.000879 -5.041729
v 0.666726 -0.000784 -5.041726
v 2.997740 0.824902 -5.033566
v 2.998852 0.824381 -5.041934
v 2.997746 1.030907 -5.033526
v 2.998859 1.030386 -5.041895
v 2.334220 -0.001044 -5.033422
v 2.667553 -0.001044 -5.033422
v 2.333554 -0.001863 -5.041756
v 2.666887 -0.001863 -5.041756
v 2.334449 1.231273 -5.033440
v 2.333893 1.231957 -5.041773
v 2.667787 1.231273 -5.033440
v 2.667231 1.231957 -5.041774
v 2.339559 0.408633 -4.999930
v 2.671609 0.408304 -4.999965
v 2.337165 0.204595 -4.999931
v 2.669215 0.204266 -4.999966
v -0.361407 0.000171 3.008398
v -0.693813 0.000456 3.008386
v -0.360904 -0.000138 3.016706
v -0.693310 0.000147 3.016695
v -0.360887 1.230256 3.008411
v -0.360423 1.230541 3.016721
v -0.693215 1.229947 3.008399
v -0.692752 1.230232 3.016709
v 0.982730 0.823055 3.008456
v 0.982266 0.822769 3.016813
v 0.982223 1.028692 3.008444
v 0.981760 1.028407 3.016801
v -0.361407 0.821627 3.024994
v -0.693813 0.821342 3.024982
v -0.360904 1.026023 3.025007
v -0.693310 1.025738 3.024995
v 3.008260 1.229109 -5.008313
v -1.113228 0.421650 2.651925
v -1.106743 0.421934 2.814402
v -1.103365 0.228724 2.651679
v -1.096880 0.229008 2.814156
v -1.091061 0.808404 2.651928
v -1.095690 0.808120 2.814406
v -1.081190 1.001303 2.651682
v -1.085820 1.001019 2.814159
v -1.065758 1.178311 2.651572
v 1.672529 0.822770 0.050182
v 1.338268 0.823055 0.050193
v 1.672022 1.028407 0.050169
v 1.337761 1.028692 0.050181
v 3.037726 1.275958 2.693520
v 3.061032 1.270255 2.693288
v 3.037677 1.275927 2.860189
v 3.060983 1.270225 2.859957
v 3.019047 0.820057 2.024996
v 3.023808 0.820057 2.024996
v 3.019047 1.025071 2.024996
v 3.023808 1.025071 2.024996
v 3.112378 0.836619 2.693688
v 3.111914 0.836334 2.860378
v 3.102281 1.054054 2.693436
v 3.101817 1.053769 2.860125
v 1.672022 0.201678 0.050169
v 1.337762 0.201393 0.050181
v 1.672529 0.407316 0.050182
v 1.338268 0.407031 0.050193
v 0.662238 0.201393 0.050181
v 0.327978 0.201678 0.050169
v 0.661731 0.407031 0.050193
v 0.327471 0.407316 0.050182
v 3.009485 1.230109 2.008228
v 3.009505 1.230097 2.004062
v 3.004723 1.230109 2.008228
v 3.004742 1.230096 2.004062
v 3.031905 0.822110 2.016828
v 3.031905 1.027125 2.016828
v 3.029401 0.820570 2.020993
v 3.029401 1.025584 2.020993
v 3.009477 -0.000029 2.008227
v 3.004715 -0.000029 2.008227
v 3.009513 -0.000007 2.004061
v 3.004751 -0.000007 2.004061
v 2.996663 0.822110 2.008168
v 2.996663 1.027124 2.008169
v 2.999167 0.820570 2.004003
v 2.999167 1.025584 2.004003
v 1.647400 1.230227 3.008410
v 1.647869 1.230516 3.016719
v 1.310905 1.229918 3.008398
v 1.311374 1.230207 3.016707
v 3.002813 0.823888 3.008560
v 3.001422 0.823888 3.016928
v 3.002806 1.029894 3.008520
v 3.001415 1.029894 3.016888
v 1.646876 0.821618 3.024991
v 1.310303 0.821333 3.024981
v 1.647385 1.026006 3.025004
v 1.310812 1.025721 3.024993
v 3.042315 -0.049286 2.693665
v 3.042308 -0.049282 2.860332
v 3.067267 -0.043077 2.693413
v 3.067261 -0.043073 2.860080
v 3.009522 0.822623 3.025100
v 3.004761 0.822623 3.025100
v 3.009522 1.027637 3.025100
v 3.004761 1.027637 3.025100
v 2.997192 0.382352 2.695604
v 2.998582 0.382352 2.862306
v 2.997196 0.157662 2.694804
v 2.998587 0.157662 2.861506
v 0.662238 0.201393 -0.949820
v 0.327978 0.201678 -0.949831
v 0.661731 0.407031 -0.949807
v 0.327471 0.407316 -0.949818
v 1.666667 0.202431 -0.949896
v 1.333334 0.202439 -0.949896
v 1.666667 0.407446 -0.949896
v 1.333334 0.407454 -0.949896
v 1.666667 0.822639 -0.949896
v 1.333333 0.822631 -0.949896
v 1.666667 1.027653 -0.949896
v 1.333333 1.027646 -0.949896
v -0.007223 0.201393 -0.983444
v -0.006760 0.201678 -0.991800
v -0.007730 0.407031 -0.983457
v -0.007267 0.407316 -0.991813
v -0.006760 0.201678 -0.958199
v -0.007223 0.201393 -0.966556
v -0.007267 0.407316 -0.958187
v -0.007730 0.407031 -0.966543
v -0.007267 0.822770 -0.958187
v -0.007730 0.823055 -0.966543
v -0.006760 1.028407 -0.958199
v -0.007224 1.028692 -0.966556
v -1.034352 0.202694 -3.999906
v -1.043612 0.202979 -3.999918
v -1.034367 0.407727 -3.999906
v -1.043627 0.408012 -3.999918
v -1.006392 0.202979 -3.999918
v -1.015652 0.202694 -3.999907
v -1.006377 0.408012 -3.999918
v -1.015638 0.407727 -3.999906
v -1.006378 0.822073 -3.999918
v -1.015638 0.822359 -3.999906
v -1.006392 1.027106 -3.999918
v -1.015653 1.027391 -3.999907
v -1.095052 0.086031 -3.336834
v -1.095065 0.086038 -3.670166
v -1.063005 0.098449 -3.337338
v -1.063017 0.098456 -3.670671
v -0.946129 -0.063889 -2.332037
v -0.946126 -0.063891 -2.665370
v -0.982347 -0.077605 -2.331758
v -0.982343 -0.077608 -2.665092
v -1.067666 -0.077599 -2.331758
v -1.067670 -0.077602 -2.665092
v -1.103875 -0.063880 -2.332037
v -1.103879 -0.063882 -2.665371
v -1.058197 1.300427 -2.331908
v -1.091246 1.288258 -2.332156
v -1.058223 1.300442 -2.665244
v -1.091271 1.288274 -2.665491
v -0.958775 1.288271 -2.332155
v -0.991843 1.300433 -2.331908
v -0.958751 1.288286 -2.665491
v -0.991818 1.300449 -2.665244
v -1.082564 1.149877 -3.336584
v -1.053807 1.138472 -3.337048
v -1.082493 1.149921 -3.669921
v -1.053736 1.138516 -3.670384
v -1.034704 0.201456 -1.999928
v -1.044274 0.202064 -1.999940
v -1.034740 0.406498 -1.999928
v -1.044309 0.407106 -1.999940
v -1.005724 0.202064 -1.999940
v -1.015294 0.201456 -1.999928
v -1.005688 0.407106 -1.999940
v -1.015258 0.406498 -1.999928
v -1.005689 0.822979 -1.999940
v -1.015259 0.823587 -1.999928
v -1.005724 1.028021 -1.999940
v -1.015294 1.028630 -1.999928
v -0.913753 0.256119 -3.336811
v -0.913290 0.256404 -3.670122
v -0.893565 0.436300 -3.337316
v -0.893102 0.436585 -3.670626
v -1.157639 0.164441 -2.332007
v -1.157794 0.164346 -2.665356
v -1.179939 0.386602 -2.331728
v -1.180094 0.386507 -2.665077
v -1.179937 0.843481 -2.331728
v -1.180093 0.843577 -2.665077
v -1.157638 1.065640 -2.332007
v -1.157793 1.065735 -2.665356
v -1.136248 0.973965 -3.336811
v -1.136713 0.973680 -3.670122
v -1.156436 0.793783 -3.337316
v -1.156901 0.793498 -3.670626
v -0.892351 1.065658 -2.332006
v -0.892197 1.065753 -2.665355
v -0.870040 0.843492 -2.331727
v -0.869886 0.843587 -2.665076
v -0.870041 0.386595 -2.331727
v -0.869887 0.386500 -2.665076
v -0.892351 0.164432 -2.332006
v -0.892197 0.164337 -2.665355
v -0.136249 0.973965 -3.336811
v -0.136713 0.973680 -3.670122
v -0.156437 0.793783 -3.337316
v -0.156901 0.793498 -3.670626
v 0.143238 1.080471 -2.329787
v 0.143701 1.080757 -2.663144
v 0.163426 0.850614 -2.329283
v 0.163889 0.850900 -2.662639
v 0.163425 0.379469 -2.329283
v 0.163888 0.379184 -2.662640
v 0.143232 0.149614 -2.329788
v 0.143696 0.149329 -2.663145
v 0.086247 0.256119 -3.336811
v 0.086710 0.256404 -3.670122
v 0.106435 0.436301 -3.337316
v 0.106898 0.436586 -3.670626
v -0.193235 0.149629 -2.329790
v -0.193699 0.149343 -2.663146
v -0.213425 0.379479 -2.329285
v -0.213889 0.379194 -2.662642
v -0.213421 0.850615 -2.329286
v -0.213884 0.850900 -2.662642
v -0.193218 1.080466 -2.329791
v -0.193681 1.080751 -2.663148
v -0.034349 0.202694 -1.999906
v -0.043609 0.202980 -1.999918
v -0.034364 0.407727 -1.999906
v -0.043624 0.408012 -1.999917
v -0.006389 0.202979 -1.999917
v -0.015649 0.202694 -1.999906
v -0.006374 0.408012 -1.999917
v -0.015635 0.407727 -1.999906
v -0.006375 0.822073 -1.999917
v -0.015636 0.822358 -1.999906
v -0.006389 1.027106 -1.999917
v -0.015650 1.027391 -1.999906
v -0.070622 1.321759 -2.329617
v -0.116009 1.310351 -2.330081
v -0.070720 1.321819 -2.662955
v -0.116106 1.310411 -2.663419
v 0.065995 1.310362 -2.330078
v 0.020541 1.321765 -2.329615
v 0.066092 1.310422 -2.663416
v 0.020637 1.321824 -2.662953
v -0.082564 1.149877 -3.336584
v -0.053807 1.138472 -3.337048
v -0.082493 1.149921 -3.669921
v -0.053736 1.138516 -3.670385
v -0.095052 0.086031 -3.336834
v -0.095065 0.086038 -3.670166
v -0.063005 0.098449 -3.337338
v -0.063017 0.098456 -3.670671
v 0.078547 -0.086145 -2.329834
v 0.078558 -0.086152 -2.663168
v 0.029826 -0.098560 -2.329329
v 0.029837 -0.098567 -2.662663
v -0.079862 -0.098553 -2.329329
v -0.079875 -0.098560 -2.662664
v -0.128571 -0.086133 -2.329834
v -0.128583 -0.086140 -2.663168
v -0.034352 0.202694 -3.999906
v -0.043612 0.202979 -3.999918
v -0.034367 0.407727 -3.999906
v -0.043627 0.408012 -3.999918
v -0.006392 0.202979 -3.999918
v -0.015652 0.202694 -3.999907
v -0.006377 0.408012 -3.999918
v -0.015638 0.407727 -3.999906
v -0.006378 0.822073 -3.999918
v -0.015638 0.822359 -3.999906
v -0.006392 1.027106 -3.999918
v -0.015653 1.027391 -3.999907
v 2.008189 -0.082158 -1.664997
v 2.008224 -0.082137 -1.331664
v 2.016456 -0.082161 -1.659991
v 2.016491 -0.082140 -1.326657
v 1.921451 -0.086143 -2.670166
v 1.921440 -0.086150 -2.336833
v 1.970167 -0.098559 -2.670671
v 1.970155 -0.098566 -2.337337
v 2.079852 -0.098555 -2.670671
v 2.079864 -0.098562 -2.337337
v 2.128569 -0.086135 -2.670166
v 2.128581 -0.086142 -2.336833
v 2.070632 1.321757 -2.670384
v 2.116016 1.310347 -2.669919
v 2.070729 1.321816 -2.337046
v 2.116113 1.310406 -2.336581
v 1.934036 1.310371 -2.669922
v 1.979481 1.321769 -2.670386
v 1.933940 1.310430 -2.336584
v 1.979384 1.321828 -2.337047
v 2.008234 1.230825 -1.663870
v 2.016522 1.230824 -1.661089
v 2.008274 1.230801 -1.330495
v 2.016562 1.230800 -1.327714
v 2.034348 0.202695 -3.000095
v 2.043608 0.202980 -3.000083
v 2.034363 0.407727 -3.000095
v 2.043623 0.408013 -3.000083
v 2.006388 0.202979 -3.000083
v 2.015649 0.202694 -3.000095
v 2.006373 0.408012 -3.000083
v 2.015634 0.407727 -3.000095
v 2.006374 0.822073 -3.000083
v 2.015635 0.822358 -3.000095
v 2.006389 1.027106 -3.000083
v 2.015650 1.027391 -3.000095
v 2.052825 0.201135 -1.658321
v 2.051435 0.201990 -1.324987
v 2.052820 0.407233 -1.658320
v 2.051430 0.408088 -1.324986
v 2.193254 0.149642 -2.670212
v 2.193717 0.149357 -2.336856
v 2.213429 0.379489 -2.670716
v 2.213893 0.379203 -2.337359
v 2.213421 0.850612 -2.670715
v 2.213885 0.850897 -2.337358
v 2.193221 1.080460 -2.670209
v 2.193685 1.080745 -2.336853
v 2.016623 0.203218 -0.999999
v 2.008314 0.201508 -0.999999
v 2.016499 0.408257 -0.999999
v 2.008190 0.406547 -0.999999
v 2.041667 0.205013 -0.999997
v 2.033333 0.205014 -0.999998
v 2.041667 0.410028 -0.999997
v 2.033333 0.410028 -0.999998
v 2.041667 0.820058 -0.999997
v 2.033333 0.820057 -0.999998
v 2.041667 1.025072 -0.999997
v 2.033333 1.025071 -0.999998
v 1.997168 1.028520 -1.666666
v 1.998539 1.029375 -1.333333
v 1.997139 0.823493 -1.666666
v 1.998510 0.824348 -1.333333
v 1.856761 1.080471 -2.670214
v 1.856298 1.080757 -2.336857
v 1.836573 0.850614 -2.670718
v 1.836110 0.850900 -2.337362
v 1.836575 0.379467 -2.670718
v 1.836111 0.379182 -2.337361
v 1.856769 0.149612 -2.670212
v 1.856306 0.149327 -2.336856
v 0.965648 0.202694 -2.999906
v 0.956387 0.202980 -2.999918
v 0.965633 0.407727 -2.999906
v 0.956373 0.408012 -2.999918
v 0.993608 0.202979 -2.999918
v 0.984347 0.202694 -2.999906
v 0.993623 0.408012 -2.999918
v 0.984362 0.407727 -2.999906
v 0.993622 0.822074 -2.999918
v 0.984361 0.822358 -2.999906
v 0.993607 1.027107 -2.999918
v 0.984346 1.027391 -2.999906
v 0.904961 0.086038 -2.336834
v 0.904948 0.086045 -2.670167
v 0.937015 0.098453 -2.337338
v 0.937003 0.098460 -2.670671
v 1.078549 -0.086144 -1.329834
v 1.078560 -0.086152 -1.663167
v 1.029826 -0.098560 -1.329329
v 1.029837 -0.098567 -1.662663
v 0.920138 -0.098553 -1.329329
v 0.920125 -0.098560 -1.662663
v 0.871429 -0.086133 -1.329834
v 0.871417 -0.086140 -1.663168
v 0.929381 1.321760 -1.329616
v 0.883994 1.310353 -1.330081
v 0.929283 1.321819 -1.662955
v 0.883896 1.310412 -1.663419
v 1.065987 1.310365 -1.330078
v 1.020539 1.321766 -1.329615
v 1.066083 1.310425 -1.663416
v 1.020635 1.321826 -1.662953
v 0.917487 1.149860 -2.336584
v 0.946241 1.138463 -2.337048
v 0.917558 1.149904 -2.669922
v 0.946312 1.138507 -2.670386
v 0.965651 0.202694 -0.999906
v 0.956391 0.202980 -0.999917
v 0.965636 0.407727 -0.999905
v 0.956376 0.408012 -0.999917
v 0.993611 0.202979 -0.999917
v 0.984351 0.202694 -0.999906
v 0.993626 0.408012 -0.999917
v 0.984366 0.407727 -0.999905
v 0.993625 0.822073 -0.999917
v 0.984365 0.822358 -0.999905
v 0.993611 1.027106 -0.999917
v 0.984350 1.027391 -0.999906
v 1.086251 0.256112 -2.336810
v 1.086714 0.256397 -2.670120
v 1.106436 0.436296 -2.337315
v 1.106899 0.436581 -2.670625
v 0.806765 0.149629 -1.329789
v 0.806301 0.149343 -1.663146
v 0.786575 0.379479 -1.329285
v 0.786111 0.379194 -1.662642
v 0.786578 0.850611 -1.329286
v 0.786114 0.850896 -1.662642
v 0.806775 1.080460 -1.329791
v 0.806311 1.080745 -1.663147
v 0.863776 0.973935 -2.336812
v 0.863311 0.973651 -2.670122
v 0.843569 0.793767 -2.337317
v 0.843105 0.793482 -2.670627
v 1.143238 1.080471 -1.329787
v 1.143701 1.080757 -1.663144
v 1.163426 0.850614 -1.329283
v 1.163889 0.850900 -1.662639
v 1.163425 0.379468 -1.329283
v 1.163888 0.379183 -1.662639
v 1.143230 0.149612 -1.329788
v 1.143693 0.149327 -1.663145
v -1.007225 0.201393 -5.033445
v -1.006762 0.201678 -5.041801
v -1.007732 0.407031 -5.033458
v -1.007268 0.407316 -5.041814
v -1.006761 0.201678 -5.008201
v -1.007225 0.201393 -5.016557
v -1.007268 0.407316 -5.008188
v -1.007732 0.407031 -5.016544
v -1.007268 0.822769 -5.008188
v -1.007731 0.823055 -5.016544
v -1.006761 1.028407 -5.008201
v -1.007225 1.028692 -5.016557
v 1.921410 -0.086134 1.336833
v 1.921422 -0.086127 1.670167
v 1.970100 -0.098555 1.337338
v 1.970112 -0.098548 1.670672
v 2.008305 -0.102667 0.329162
v 2.008271 -0.102689 0.662495
v 2.016641 -0.102667 0.329162
v 2.016606 -0.102689 0.662495
v 2.079853 -0.098555 0.329329
v 2.079865 -0.098562 0.662663
v 2.128568 -0.086135 0.329834
v 2.128580 -0.086142 0.663167
v 2.070634 1.321757 0.329616
v 2.116019 1.310348 0.330080
v 2.070731 1.321817 0.662954
v 2.116116 1.310407 0.663419
v 2.008377 1.332758 0.329160
v 2.016725 1.332758 0.329161
v 2.008332 1.332786 0.662494
v 2.016680 1.332786 0.662494
v 1.933885 1.310408 1.336584
v 1.979280 1.321817 1.337049
v 1.933983 1.310349 1.669923
v 1.979377 1.321758 1.670387
v 2.034348 0.202694 -0.000094
v 2.043609 0.202979 -0.000083
v 2.034363 0.407727 -0.000095
v 2.043623 0.408012 -0.000083
v 2.008332 0.202448 -0.000103
v 2.016665 0.202448 -0.000103
v 2.008332 0.407462 -0.000103
v 2.016665 0.407462 -0.000103
v 2.008333 0.822622 -0.000104
v 2.016667 0.822623 -0.000103
v 2.008333 1.027637 -0.000104
v 2.016667 1.027637 -0.000103
v 2.193686 0.149316 1.336858
v 2.193222 0.149601 1.670215
v 2.213885 0.379176 1.337363
v 2.213421 0.379461 1.670720
v 2.193236 0.149629 0.329789
v 2.193700 0.149343 0.663145
v 2.213425 0.379480 0.329285
v 2.213889 0.379194 0.662641
v 2.213422 0.850611 0.329286
v 2.213885 0.850896 0.662642
v 2.193223 1.080460 0.329791
v 2.193687 1.080745 0.663147
v 2.015649 0.202694 2.000096
v 2.006389 0.202980 2.000084
v 2.015634 0.407727 2.000096
v 2.006374 0.408012 2.000085
v 2.043610 0.202979 2.000085
v 2.034349 0.202694 2.000096
v 2.043624 0.408011 2.000085
v 2.034364 0.407726 2.000096
v 2.043624 0.822073 2.000085
v 2.034363 0.822358 2.000097
v 2.043609 1.027106 2.000085
v 2.034348 1.027390 2.000097
v 1.856308 1.080742 1.336855
v 1.856772 1.080457 1.670211
v 1.836112 0.850894 1.337360
v 1.836576 0.850609 1.670716
v 1.998636 1.117179 0.327050
v 1.997245 1.117180 0.660419
v 1.998632 0.872823 0.325452
v 1.997241 0.872823 0.658820
v 1.998616 0.357252 0.325452
v 1.997225 0.357252 0.658820
v 1.998605 0.112894 0.327051
v 1.997214 0.112894 0.660419
v 0.994539 0.199593 -5.033495
v 0.995034 0.200202 -5.041859
v 0.993978 0.405472 -5.033523
v 0.994472 0.406080 -5.041887
v 0.995033 0.200202 -5.008143
v 0.994539 0.199593 -5.016507
v 0.994472 0.406080 -5.008114
v 0.993978 0.405472 -5.016479
v 0.994472 0.824005 -5.008114
v 0.993978 0.824613 -5.016479
v 0.995034 1.029883 -5.008143
v 0.994539 1.030492 -5.016507
v 2.333332 0.202456 -5.050107
v 2.666665 0.202464 -5.050107
v 2.333332 0.407470 -5.050107
v 2.666665 0.407478 -5.050107
v 1.330798 0.201681 -5.050163
v 1.664750 0.201586 -5.050167
v 1.330519 0.407125 -5.050177
v 1.664470 0.407030 -5.050181
v 1.330519 0.822960 -5.050177
v 1.664471 0.823055 -5.050181
v 1.330799 1.028404 -5.050163
v 1.664750 1.028499 -5.050167
v 2.335903 1.026023 -3.999997
v 2.668309 1.025738 -4.000009
v 2.336406 0.821627 -4.000010
v 2.668812 0.821342 -4.000022
v 1.327977 1.028407 -3.999833
v 1.662237 1.028692 -3.999822
v 1.327470 0.822769 -3.999820
v 1.661731 0.823055 -3.999809
v 1.327470 0.407316 -3.999820
v 1.661731 0.407031 -3.999808
v 1.327977 0.201678 -3.999832
v 1.662237 0.201393 -3.999821
v 2.335903 0.204062 -4.050007
v 2.668309 0.204347 -4.049996
v 2.336405 0.408458 -4.049994
v 2.668812 0.408744 -4.049984
v 1.327977 0.201678 -4.050170
v 1.662237 0.201393 -4.050181
v 1.327470 0.407316 -4.050183
v 1.661730 0.407031 -4.050195
v 1.327470 0.822769 -4.050183
v 1.661731 0.823055 -4.050195
v 1.327977 1.028407 -4.050170
v 1.662238 1.028692 -4.050181
v 0.992775 0.201393 -4.033444
v 0.993239 0.201678 -4.041801
v 0.992268 0.407031 -4.033458
v 0.992732 0.407316 -4.041814
v 0.993239 0.201678 -4.008201
v 0.992775 0.201393 -4.016557
v 0.992732 0.407316 -4.008187
v 0.992268 0.407031 -4.016544
v 0.992732 0.822769 -4.008187
v 0.992269 0.823054 -4.016544
v 0.993239 1.028407 -4.008201
v 0.992775 1.028692 -4.016557
v 1.327444 1.234528 -4.033445
v 1.327908 1.234243 -4.041801
v 1.661792 1.234840 -4.033458
v 1.662255 1.234554 -4.041815
v 1.327908 1.234243 -4.008201
v 1.327444 1.234528 -4.016558
v 1.662255 1.234555 -4.008189
v 1.661792 1.234840 -4.016545
v 2.335422 1.230541 -4.008282
v 2.335885 1.230256 -4.016593
v 2.667750 1.230232 -4.008295
v 2.668214 1.229947 -4.016605
v 2.335903 -0.000138 -4.008297
v 2.668309 0.000147 -4.008309
v 2.336405 0.000171 -4.016605
v 2.668811 0.000456 -4.016617
v 1.327977 -0.004158 -4.008199
v 1.662237 -0.004443 -4.008187
v 1.327470 -0.004469 -4.016558
v 1.661730 -0.004754 -4.016547
v 1.327470 -0.004469 -4.033444
v 1.661730 -0.004754 -4.033456
v 1.327977 -0.004157 -4.041803
v 1.662237 -0.004443 -4.041815
v 2.992775 0.201393 -4.033446
v 2.993239 0.201678 -4.041802
v 2.992269 0.407031 -4.033460
v 2.992733 0.407316 -4.041816
v 2.993239 0.201678 -4.008202
v 2.992775 0.201393 -4.016559
v 2.992732 0.407316 -4.008189
v 2.992269 0.407031 -4.016546
v 2.992733 0.822770 -4.008190
v 2.992269 0.823055 -4.016546
v 2.993239 1.028407 -4.008203
v 2.992776 1.028692 -4.016559
v 0.662238 -0.004443 0.008186
v 0.327978 -0.004158 0.008198
v 0.661731 -0.004755 0.016545
v 0.327471 -0.004470 0.016557
v 1.667262 -0.003666 0.008200
v 1.333929 -0.003666 0.008200
v 1.669050 -0.004766 0.016533
v 1.335717 -0.004766 0.016533
v 1.672529 -0.004469 0.033444
v 1.338268 -0.004755 0.033455
v 1.672022 -0.004158 0.041802
v 1.337761 -0.004443 0.041814
v 1.672554 1.234528 0.033444
v 1.672090 1.234243 0.041801
v 1.338207 1.234840 0.033457
v 1.337743 1.234555 0.041813
v 1.668081 1.233522 0.008230
v 1.669472 1.234377 0.016563
v 1.334734 1.233522 0.008230
v 1.336125 1.234377 0.016563
v 0.662255 1.234555 0.008187
v 0.661792 1.234840 0.016543
v 0.327908 1.234243 0.008200
v 0.327445 1.234528 0.016556
v 2.007223 0.201393 0.033444
v 2.006759 0.201678 0.041801
v 2.007730 0.407031 0.033457
v 2.007266 0.407316 0.041813
v 2.001416 0.200191 0.008109
v 2.002807 0.200191 0.016477
v 2.001423 0.406197 0.008068
v 2.002814 0.406197 0.016436
v 2.001424 0.823888 0.008068
v 2.002815 0.823888 0.016436
v 2.001417 1.029893 0.008108
v 2.002808 1.029894 0.016476
v -0.007223 0.201393 0.016556
v -0.006760 0.201678 0.008199
v -0.007730 0.407031 0.016543
v -0.007267 0.407316 0.008187
v -0.006760 0.201678 0.041801
v -0.007223 0.201393 0.033444
v -0.007267 0.407316 0.041813
v -0.007730 0.407031 0.033457
v -0.007267 0.822770 0.041813
v -0.007730 0.823055 0.033457
v -0.006760 1.028407 0.041801
v -0.007224 1.028692 0.033444
v 0.662238 1.028692 -0.000180
v 0.327978 1.028407 -0.000169
v 0.661731 0.823055 -0.000193
v 0.327471 0.822770 -0.000182
v 1.666666 1.027637 -0.000104
v 1.333332 1.027637 -0.000104
v 1.666666 0.822623 -0.000104
v 1.333333 0.822623 -0.000104
v 1.666665 0.407462 -0.000104
v 1.333332 0.407462 -0.000104
v 1.666665 0.202448 -0.000104
v 1.333332 0.202448 -0.000104
v 0.662239 -0.004443 -0.991814
v 0.327978 -0.004157 -0.991802
v 0.661732 -0.004754 -0.983455
v 0.327471 -0.004469 -0.983444
v 1.668320 -0.002916 -0.991702
v 1.334986 -0.003771 -0.991737
v 1.673328 -0.002930 -0.983368
v 1.339995 -0.003785 -0.983403
v 1.673343 -0.004024 -0.966504
v 1.340010 -0.004024 -0.966504
v 1.668338 -0.004025 -0.958171
v 1.335004 -0.004025 -0.958171
v 1.672286 1.232669 -0.966563
v 1.669504 1.232669 -0.958230
v 1.338910 1.232669 -0.966563
v 1.336129 1.232669 -0.958229
v 1.669503 1.231356 -0.991679
v 1.672285 1.231356 -0.983346
v 1.336128 1.232339 -0.991720
v 1.338910 1.232340 -0.983386
v 0.662256 1.234555 -0.991813
v 0.661792 1.234840 -0.983457
v 0.327909 1.234243 -0.991800
v 0.327445 1.234528 -0.983444
v 2.000002 0.201890 -0.966476
v 2.000003 0.201026 -0.958108
v 2.000003 0.407897 -0.966436
v 2.000003 0.407034 -0.958068
v 2.000022 0.201559 -0.991666
v 1.999997 0.203269 -0.983333
v 2.000022 0.406599 -0.991666
v 1.999997 0.408309 -0.983333
v 1.999933 0.823486 -0.991666
v 1.999953 0.821775 -0.983333
v 1.999932 1.028526 -0.991666
v 1.999952 1.026815 -0.983333
v 0.662238 1.028692 -1.000180
v 0.327978 1.028407 -1.000169
v 0.661732 0.823055 -1.000193
v 0.327471 0.822770 -1.000182
v 1.668293 1.027310 -1.000035
v 1.334980 1.026455 -1.000069
v 1.673325 0.822306 -1.000035
v 1.340012 0.821451 -1.000070
v 1.673329 0.407819 -1.000035
v 1.339971 0.408675 -1.000070
v 1.668361 0.202765 -1.000035
v 1.335003 0.203620 -1.000070
v 2.921413 -0.086136 -1.663168
v 2.921425 -0.086128 -1.329834
v 2.970106 -0.098556 -1.662663
v 2.970118 -0.098549 -1.329329
v 2.946129 -0.063889 -2.667965
v 2.946126 -0.063891 -2.334631
v 2.982346 -0.077606 -2.668244
v 2.982343 -0.077608 -2.334910
v 3.067665 -0.077599 -2.668244
v 3.067669 -0.077602 -2.334910
v 3.103874 -0.063880 -2.667965
v 3.103878 -0.063883 -2.334631
v 3.058197 1.300427 -2.668093
v 3.091245 1.288258 -2.667846
v 3.058222 1.300442 -2.334757
v 3.091270 1.288274 -2.334510
v 2.958776 1.288271 -2.667846
v 2.991843 1.300433 -2.668093
v 2.958751 1.288286 -2.334511
v 2.991818 1.300448 -2.334758
v 2.933877 1.310409 -1.663416
v 2.979283 1.321818 -1.662952
v 2.933974 1.310349 -1.330078
v 2.979380 1.321758 -1.329614
v 3.034704 0.201456 -3.000073
v 3.044274 0.202064 -3.000061
v 3.034739 0.406498 -3.000074
v 3.044309 0.407106 -3.000062
v 3.005723 0.202064 -3.000061
v 3.015293 0.201456 -3.000073
v 3.005688 0.407106 -3.000062
v 3.015258 0.406498 -3.000074
v 3.005690 0.822979 -3.000062
v 3.015259 0.823587 -3.000074
v 3.005725 1.028021 -3.000061
v 3.015295 1.028630 -3.000073
v 3.193689 0.149321 -1.663143
v 3.193225 0.149606 -1.329787
v 3.213886 0.379179 -1.662638
v 3.213422 0.379464 -1.329282
v 3.157638 0.164440 -2.667995
v 3.157793 0.164345 -2.334646
v 3.179938 0.386602 -2.668273
v 3.180093 0.386506 -2.334924
v 3.179937 0.843481 -2.668273
v 3.180092 0.843577 -2.334924
v 3.157637 1.065640 -2.667994
v 3.157792 1.065735 -2.334645
v 3.015649 0.202694 -0.999905
v 3.006389 0.202980 -0.999917
v 3.015635 0.407727 -0.999904
v 3.006374 0.408012 -0.999916
v 3.043610 0.202979 -0.999916
v 3.034349 0.202694 -0.999905
v 3.043624 0.408011 -0.999916
v 3.034364 0.407726 -0.999904
v 3.043624 0.822073 -0.999916
v 3.034363 0.822358 -0.999904
v 3.043609 1.027106 -0.999916
v 3.034348 1.027391 -0.999905
v 2.856298 1.080737 -1.663145
v 2.856761 1.080452 -1.329788
v 2.836110 0.850890 -1.662641
v 2.836574 0.850605 -1.329284
v 2.892352 1.065659 -2.667995
v 2.892197 1.065754 -2.334647
v 2.870041 0.843493 -2.668274
v 2.869886 0.843588 -2.334925
v 2.870041 0.386595 -2.668274
v 2.869886 0.386500 -2.334925
v 2.892351 0.164431 -2.667995
v 2.892196 0.164336 -2.334646
v 3.005721 -0.000124 1.341678
v 3.005153 -0.000107 1.675011
v 3.011674 -0.000077 1.341678
v 3.010511 -0.000060 1.675011
v 2.920870 -0.086145 0.329833
v 2.920270 -0.086147 0.663166
v 2.969001 -0.098559 0.329328
v 2.967806 -0.098562 0.662662
v 3.077496 -0.098554 0.329328
v 3.075119 -0.098557 0.662662
v 3.125617 -0.086136 0.329833
v 3.122645 -0.086138 0.663167
v 3.068274 1.321755 0.329615
v 3.113066 1.310346 0.330080
v 3.065982 1.321809 0.662954
v 3.110179 1.310401 0.663418
v 2.933433 1.310366 0.330076
v 2.978303 1.321764 0.329613
v 2.932749 1.310420 0.663415
v 2.977023 1.321819 0.662952
v 3.005712 1.230214 1.341679
v 3.011665 1.230166 1.341679
v 3.005164 1.230186 1.675012
v 3.010521 1.230138 1.675012
v 3.034349 0.202694 -0.000095
v 3.043609 0.202979 -0.000084
v 3.034364 0.407727 -0.000096
v 3.043624 0.408012 -0.000084
v 3.006389 0.202979 -0.000084
v 3.015649 0.202694 -0.000095
v 3.006374 0.408012 -0.000084
v 3.015635 0.407727 -0.000096
v 3.006375 0.822073 -0.000084
v 3.015636 0.822358 -0.000096
v 3.006390 1.027105 -0.000084
v 3.015651 1.027391 -0.000095
v 3.038359 0.203356 1.341678
v 3.033397 0.204212 1.675011
v 3.038358 0.408344 1.341678
v 3.033396 0.409199 1.675011
v 3.189703 0.149627 0.329789
v 3.186596 0.149341 0.663145
v 3.209897 0.379478 0.329285
v 3.206789 0.379193 0.662641
v 3.209893 0.850613 0.329286
v 3.206785 0.850898 0.662642
v 3.189690 1.080462 0.329791
v 3.186582 1.080747 0.663147
v 3.009522 0.205014 2.000000
v 3.004760 0.205014 2.000000
v 3.009522 0.410028 2.000000
v 3.004760 0.410028 2.000000
v 3.023808 0.205014 2.000000
v 3.019047 0.205014 2.000000
v 3.023808 0.410028 2.000000
v 3.019047 0.410028 2.000000
v 3.023808 0.820057 2.000000
v 3.019047 0.820057 2.000000
v 3.023808 1.025071 2.000000
v 3.019047 1.025071 2.000000
v 2.997003 1.026888 1.341678
v 2.998393 1.026033 1.675011
v 2.997003 0.821820 1.341678
v 2.998393 0.820965 1.675011
v 2.856758 1.080473 0.329785
v 2.856294 1.080759 0.663142
v 2.836572 0.850615 0.329280
v 2.836108 0.850900 0.662637
v 2.836575 0.379465 0.329281
v 2.836111 0.379180 0.662638
v 2.856770 0.149609 0.329787
v 2.856307 0.149324 0.663143
v 3.070337 0.063767 -3.665370
v 3.070341 0.063770 -3.332037
v 3.050787 0.077484 -3.665092
v 3.050791 0.077487 -3.331758
v 2.987494 -0.029509 -4.666876
v 2.987481 -0.029510 -4.333543
v 2.995831 -0.060392 -4.667504
v 2.995818 -0.060394 -4.334171
v 3.067936 -0.078007 -4.668266
v 3.067940 -0.078009 -4.334932
v 3.104889 -0.064600 -4.668005
v 3.104893 -0.064602 -4.334671
v 3.058867 1.300706 -4.668109
v 3.092568 1.288817 -4.667878
v 3.058891 1.300722 -4.334774
v 3.092593 1.288833 -4.334542
v 3.008803 1.257808 -4.667233
v 3.017146 1.285180 -4.667789
v 3.008804 1.257854 -4.333894
v 3.017147 1.285226 -4.334450
v 3.057705 1.172013 -3.665491
v 3.041306 1.159850 -3.665243
v 3.057688 1.172024 -3.332156
v 3.041289 1.159860 -3.331908
v 3.034695 0.201467 -5.000074
v 3.044256 0.202086 -5.000062
v 3.034729 0.406509 -5.000074
v 3.044291 0.407129 -5.000062
v 3.005620 0.201196 -5.000029
v 3.015237 0.201012 -5.000056
v 3.005549 0.406242 -5.000029
v 3.015166 0.406057 -5.000057
v 3.005549 0.823844 -5.000029
v 3.015167 0.824028 -5.000057
v 3.005620 1.028889 -5.000029
v 3.015238 1.029073 -5.000056
v 2.950251 0.240737 -3.665385
v 2.950097 0.240832 -3.332067
v 2.927953 0.428606 -3.665106
v 2.927799 0.428701 -3.331789
v 3.159652 0.163933 -4.668054
v 3.159815 0.163827 -4.334704
v 3.181909 0.386372 -4.668339
v 3.182071 0.386266 -4.334990
v 3.181905 0.843711 -4.668339
v 3.182068 0.843817 -4.334989
v 3.159650 1.066147 -4.668053
v 3.159812 1.066253 -4.334703
v 3.099755 0.989334 -3.665385
v 3.099910 0.989240 -3.332067
v 3.122064 0.801471 -3.665106
v 3.122218 0.801376 -3.331788
v 2.996039 1.028296 -4.666667
v 2.995933 1.027967 -4.333333
v 2.996040 0.823281 -4.666667
v 2.995933 0.822952 -4.333333
v 2.996039 0.406804 -4.666667
v 2.995932 0.407133 -4.333333
v 2.996039 0.201789 -4.666667
v 2.995932 0.202118 -4.333333
v -1.017777 0.201393 1.008445
v -1.018240 0.201678 1.016802
v -1.017270 0.407031 1.008458
v -1.017734 0.407316 1.016814
v -1.018241 0.201678 0.983201
v -1.017777 0.201393 0.991557
v -1.017734 0.407315 0.983188
v -1.017270 0.407030 0.991545
v -1.017734 0.822770 0.983189
v -1.017270 0.823055 0.991545
v -1.018241 1.028408 0.983202
v -1.017777 1.028693 0.991558
v -0.360904 -0.000138 0.983294
v -0.693310 0.000147 0.983307
v -0.361407 0.000171 0.991602
v -0.693813 0.000456 0.991615
v 0.647022 -0.004158 0.983195
v 0.312761 -0.004443 0.983184
v 0.647529 -0.004469 0.991553
v 0.313268 -0.004754 0.991542
v 0.647529 -0.004469 1.008440
v 0.313269 -0.004754 1.008453
v 0.647022 -0.004157 1.016799
v 0.312762 -0.004443 1.016811
v 0.647555 1.234528 1.008441
v 0.647091 1.234243 1.016798
v 0.313207 1.234839 1.008455
v 0.312744 1.234554 1.016811
v 0.647091 1.234243 0.983197
v 0.647555 1.234528 0.991553
v 0.312743 1.234555 0.983185
v 0.313207 1.234840 0.991541
v -0.360423 1.230541 0.983280
v -0.360887 1.230256 0.991590
v -0.692751 1.230232 0.983294
v -0.693215 1.229947 0.991603
v 0.982224 0.201393 1.008440
v 0.981760 0.201678 1.016797
v 0.982730 0.407031 1.008453
v 0.982267 0.407316 1.016809
v 0.981760 0.201678 0.983195
v 0.982224 0.201393 0.991552
v 0.982267 0.407316 0.983183
v 0.982731 0.407031 0.991539
v 0.982267 0.822769 0.983183
v 0.982730 0.823054 0.991539
v 0.981760 1.028407 0.983195
v 0.982223 1.028692 0.991552
v -0.360904 0.204062 1.025005
v -0.693310 0.204347 1.024994
v -0.361407 0.408458 1.024992
v -0.693813 0.408744 1.024982
v 0.647022 0.201678 1.025166
v 0.312762 0.201393 1.025178
v 0.647529 0.407316 1.025178
v 0.313269 0.407031 1.025191
v 0.647529 0.822769 1.025178
v 0.313268 0.823055 1.025191
v 0.647022 1.028407 1.025166
v 0.312761 1.028692 1.025178
v -0.360904 1.026023 0.974995
v -0.693310 1.025738 0.975007
v -0.361407 0.821627 0.975007
v -0.693813 0.821342 0.975020
v 0.647022 1.028407 0.974828
v 0.312761 1.028692 0.974818
v 0.647529 0.822769 0.974815
v 0.313268 0.823054 0.974805
v 0.647529 0.407316 0.974815
v 0.313268 0.407031 0.974805
v 0.647022 0.201678 0.974828
v 0.312761 0.201393 0.974817
v -1.017777 0.201393 3.008445
v -1.018240 0.201678 3.016802
v -1.017270 0.407031 3.008458
v -1.017734 0.407316 3.016814
v -1.018240 0.201675 2.983201
v -1.017778 0.201391 2.991557
v -1.017732 0.407313 2.983188
v -1.017270 0.407029 2.991545
v -1.017732 0.822772 2.983189
v -1.017270 0.823056 2.991545
v -1.018240 1.028410 2.983202
v -1.017778 1.028694 2.991558
v -0.360906 1.026022 2.974994
v -0.693311 1.025738 2.975007
v -0.361410 0.821627 2.975007
v -0.693815 0.821343 2.975019
v 0.647022 1.028407 2.974828
v 0.312761 1.028692 2.974817
v 0.647529 0.822769 2.974815
v 0.313268 0.823054 2.974805
v 0.647529 0.407316 2.974815
v 0.313268 0.407031 2.974805
v 0.647022 0.201678 2.974828
v 0.312761 0.201393 2.974817
v 0.982223 0.201393 3.008445
v 0.981759 0.201678 3.016802
v 0.982730 0.407031 3.008458
v 0.982266 0.407316 3.016814
v 0.981759 0.201678 2.983201
v 0.982223 0.201393 2.991557
v 0.982266 0.407315 2.983188
v 0.982730 0.407030 2.991545
v 0.982266 0.822770 2.983189
v 0.982730 0.823055 2.991545
v 0.981759 1.028407 2.983201
v 0.982223 1.028692 2.991558
v 1.647385 -0.000111 2.983295
v 1.310812 0.000174 2.983307
v 1.646876 0.000202 2.991603
v 1.310303 0.000487 2.991615
v 2.667898 -0.004184 2.983194
v 2.329470 -0.004470 2.983183
v 2.668411 -0.004500 2.991553
v 2.329984 -0.004785 2.991542
v 2.664913 -0.004793 3.008465
v 2.327413 -0.004793 3.008466
v 2.663102 -0.003679 3.016798
v 2.325603 -0.003679 3.016799
v 1.647385 1.026006 2.974996
v 1.310812 1.025721 2.975008
v 1.646876 0.821618 2.975008
v 1.310303 0.821333 2.975021
v 2.667897 1.028424 2.974827
v 2.329470 1.028709 2.974816
v 2.668410 0.822778 2.974814
v 2.329983 0.823063 2.974803
v 2.668411 0.407307 2.974814
v 2.329983 0.407022 2.974803
v 2.667897 0.201661 2.974827
v 2.329470 0.201376 2.974816
v 3.034830 0.203473 -5.016653
v 3.043001 0.203579 -5.008334
v 3.034302 0.408074 -5.016646
v 3.042473 0.408180 -5.008327
v 3.009745 0.200214 -5.041895
v 3.019469 0.200207 -5.033528
v 3.009751 0.406218 -5.041935
v 3.019475 0.406211 -5.033567
v 3.009752 0.823867 -5.041935
v 3.019475 0.823874 -5.033567
v 3.009746 1.029871 -5.041895
v 3.019470 1.029878 -5.033528
v 3.008361 -0.002642 -5.033442
v 3.017064 0.002118 -5.016630
v 3.008260 0.000976 -5.008313
v 2.008200 1.228367 -0.991802
v 2.013800 1.230216 -0.983575
v 2.010146 1.232975 -0.966548
v 2.008200 0.001718 -0.991803
v 2.016549 -0.000075 -0.983545
v 2.031458 0.001199 -0.991906
v -1.016159 0.035425 2.161693
v -1.013471 0.044111 2.324234
v -1.065759 0.051775 2.651571
v 2.036155 0.203342 -0.983539
v 2.043098 0.204197 -0.991872
v 2.036155 0.408337 -0.983538
v 2.043098 0.409192 -0.991871
v 2.009752 0.200168 -0.958108
v 2.019475 0.200176 -0.966475
v 2.009758 0.406175 -0.958067
v 2.019482 0.406183 -0.966434
v 2.009758 0.823910 -0.958067
v 2.019481 0.823902 -0.966434
v 2.009751 1.029917 -0.958107
v 2.019474 1.029909 -0.966474
v -1.070335 0.063767 0.665369
v -1.070339 0.063769 0.332036
v -1.050786 0.077484 0.665090
v -1.050790 0.077486 0.331757
v -0.946105 -0.063905 1.667965
v -0.946100 -0.063907 1.334631
v -0.982340 -0.077615 1.668243
v -0.982336 -0.077617 1.334909
v -1.067673 -0.077611 1.668243
v -1.067677 -0.077613 1.334909
v -1.103903 -0.063900 1.667965
v -1.103907 -0.063902 1.334631
v -1.058214 1.300434 1.668092
v -1.091279 1.288273 1.667845
v -1.058239 1.300450 1.334757
v -1.091304 1.288288 1.334510
v -0.958740 1.288285 1.667846
v -0.991825 1.300440 1.668093
v -0.958715 1.288301 1.334510
v -0.991800 1.300456 1.334757
v -1.057709 1.172011 0.665489
v -1.041308 1.159848 0.665242
v -1.057691 1.172021 0.332154
v -1.041290 1.159859 0.331907
v -1.034704 0.201456 2.000072
v -1.044273 0.202065 2.000060
v -1.034739 0.406498 2.000073
v -1.044309 0.407107 2.000060
v -1.005724 0.202064 2.000060
v -1.015294 0.201456 2.000072
v -1.005689 0.407107 2.000061
v -1.015258 0.406498 2.000073
v -1.005689 0.822978 2.000060
v -1.015259 0.823587 2.000072
v -1.005725 1.028021 2.000060
v -1.015295 1.028629 2.000072
v -0.950251 0.240737 0.665384
v -0.950097 0.240832 0.332066
v -0.927953 0.428606 0.665105
v -0.927799 0.428701 0.331787
v -1.157690 0.164427 1.667995
v -1.157845 0.164332 1.334646
v -1.179989 0.386596 1.668274
v -1.180144 0.386501 1.334925
v -1.179986 0.843488 1.668273
v -1.180141 0.843583 1.334924
v -1.157688 1.065653 1.667994
v -1.157842 1.065749 1.334646
v -1.099755 0.989335 0.665384
v -1.099910 0.989240 0.332066
v -1.122064 0.801471 0.665105
v -1.122218 0.801376 0.331787
v -0.892298 1.065670 1.667996
v -0.892144 1.065766 1.334647
v -0.869988 0.843497 1.668275
v -0.869834 0.843593 1.334926
v -0.869989 0.386590 1.668275
v -0.869834 0.386494 1.334926
v -0.892298 0.164419 1.667996
v -0.892143 0.164323 1.334647
v -1.099755 0.989335 -1.334616
v -1.099910 0.989240 -1.667934
v -1.122064 0.801471 -1.334895
v -1.122218 0.801376 -1.668213
v -0.892350 1.065658 -0.332006
v -0.892195 1.065753 -0.665355
v -0.870039 0.843492 -0.331727
v -0.869885 0.843587 -0.665076
v -0.870040 0.386595 -0.331727
v -0.869886 0.386500 -0.665076
v -0.892351 0.164431 -0.332006
v -0.892196 0.164337 -0.665355
v -0.950251 0.240737 -1.334616
v -0.950097 0.240832 -1.667934
v -0.927953 0.428606 -1.334895
v -0.927799 0.428701 -1.668213
v -1.157638 0.164441 -0.332007
v -1.157793 0.164346 -0.665355
v -1.179938 0.386602 -0.331728
v -1.180093 0.386507 -0.665077
v -1.179937 0.843482 -0.331728
v -1.180091 0.843577 -0.665077
v -1.157637 1.065640 -0.332007
v -1.157791 1.065735 -0.665356
v -1.058197 1.300427 -0.331908
v -1.091245 1.288258 -0.332155
v -1.058222 1.300442 -0.665244
v -1.091270 1.288274 -0.665491
v -0.958775 1.288271 -0.332155
v -0.991842 1.300433 -0.331908
v -0.958749 1.288286 -0.665491
v -0.991817 1.300448 -0.665244
v -1.057709 1.172011 -1.334511
v -1.041308 1.159848 -1.334758
v -1.057691 1.172021 -1.667846
v -1.041290 1.159859 -1.668093
v -1.070338 0.063767 -1.334631
v -1.070341 0.063770 -1.667964
v -1.050787 0.077484 -1.334910
v -1.050791 0.077487 -1.668243
v -0.946131 -0.063888 -0.332036
v -0.946127 -0.063890 -0.665370
v -0.982347 -0.077605 -0.331758
v -0.982344 -0.077608 -0.665091
v -1.067665 -0.077599 -0.331758
v -1.067669 -0.077602 -0.665091
v -1.103874 -0.063880 -0.332036
v -1.103878 -0.063882 -0.665370
v 0.334011 1.026589 -4.999966
v 0.666726 1.026494 -4.999969
v 0.334289 0.822003 -4.999979
v 0.667004 0.821907 -4.999983
v -0.672024 1.028407 -4.999833
v -0.337763 1.028692 -4.999821
v -0.672531 0.822769 -4.999819
v -0.338270 0.823055 -4.999808
v -0.672531 0.407316 -4.999819
v -0.338270 0.407031 -4.999808
v -0.672024 0.201678 -4.999833
v -0.337763 0.201393 -4.999821
v 0.334011 0.203496 -5.050036
v 0.666726 0.203591 -5.050033
v 0.334289 0.408083 -5.050023
v 0.667004 0.408178 -5.050019
v -0.672024 0.201678 -5.050169
v -0.337763 0.201393 -5.050181
v -0.672530 0.407316 -5.050183
v -0.338270 0.407031 -5.050194
v -0.672530 0.822769 -5.050183
v -0.338269 0.823055 -5.050194
v -0.672023 1.028407 -5.050169
v -0.337762 1.028692 -5.050181
v -0.672555 1.234528 -5.033445
v -0.672092 1.234243 -5.041801
v -0.338208 1.234840 -5.033458
v -0.337744 1.234554 -5.041814
v -0.672092 1.234243 -5.008201
v -0.672556 1.234528 -5.016557
v -0.337745 1.234554 -5.008188
v -0.338209 1.234840 -5.016544
v 0.333849 1.231165 -5.008263
v 0.334096 1.230861 -5.016581
v 0.666550 1.231068 -5.008266
v 0.666797 1.230764 -5.016584
v 0.334011 -0.000879 -5.008273
v 0.666726 -0.000784 -5.008277
v 0.334289 -0.000537 -5.016589
v 0.667004 -0.000442 -5.016593
v -0.672024 -0.004157 -5.008199
v -0.337763 -0.004443 -5.008188
v -0.672531 -0.004469 -5.016558
v -0.338270 -0.004754 -5.016546
v -0.672531 -0.004469 -5.033444
v -0.338270 -0.004754 -5.033456
v -0.672024 -0.004157 -5.041803
v -0.337763 -0.004443 -5.041815
v 2.997746 0.199178 -5.033526
v 2.998858 0.199699 -5.041895
v 2.997739 0.405183 -5.033566
v 2.998852 0.405704 -5.041934
v 2.996318 0.201276 -5.008334
v 2.996489 0.201092 -5.016667
v 2.996318 0.406291 -5.008334
v 2.996489 0.406107 -5.016667
v 2.996318 0.823794 -5.008334
v 2.996490 0.823978 -5.016667
v 2.996318 1.028809 -5.008334
v 2.996489 1.028993 -5.016667
v 2.335602 0.000558 -5.008264
v 2.668935 0.001414 -5.008298
v 2.335300 0.000454 -5.016598
v 2.668634 0.001309 -5.016633
v 1.330798 -0.003975 -5.008199
v 1.664749 -0.004070 -5.008195
v 1.330519 -0.004319 -5.016550
v 1.664470 -0.004414 -5.016546
v 1.330519 -0.004319 -5.033452
v 1.664470 -0.004414 -5.033456
v 1.330798 -0.003975 -5.041803
v 1.664750 -0.004070 -5.041807
v 1.330612 1.234278 -5.033449
v 1.330860 1.233974 -5.041798
v 1.664582 1.234376 -5.033453
v 1.664829 1.234072 -5.041802
v 1.330859 1.233974 -5.008204
v 1.330612 1.234278 -5.016553
v 1.664829 1.234072 -5.008200
v 1.664582 1.234376 -5.016549
v 2.334710 1.230039 -5.008277
v 2.334411 1.230145 -5.016611
v 2.668044 1.228992 -5.008320
v 2.667745 1.229097 -5.016654
v 2.337165 1.025490 -4.999931
v 2.669214 1.025820 -4.999966
v 2.339559 0.821452 -4.999930
v 2.671609 0.821781 -4.999965
v 1.330798 1.028404 -4.999840
v 1.664749 1.028499 -4.999835
v 1.330519 0.822960 -4.999825
v 1.664470 0.823055 -4.999821
v 1.330519 0.407125 -4.999825
v 1.664470 0.407030 -4.999821
v 1.330798 0.201681 -4.999840
v 1.664749 0.201586 -4.999835
v -0.360905 -0.000137 2.983294
v -0.693312 0.000148 2.983307
v -0.361407 0.000171 2.991603
v -0.693815 0.000456 2.991615
v 0.647022 -0.004158 2.983195
v 0.312761 -0.004443 2.983184
v 0.647529 -0.004470 2.991554
v 0.313268 -0.004755 2.991544
v 0.647529 -0.004469 3.008443
v 0.313268 -0.004755 3.008455
v 0.647022 -0.004158 3.016803
v 0.312761 -0.004443 3.016814
v 0.647555 1.234528 3.008444
v 0.647091 1.234243 3.016801
v 0.313207 1.234840 3.008457
v 0.312743 1.234555 3.016814
v 0.647091 1.234243 2.983197
v 0.647555 1.234528 2.991554
v 0.312744 1.234555 2.983186
v 0.313207 1.234840 2.991543
v -0.360424 1.230540 2.983280
v -0.360887 1.230255 2.991590
v -0.692753 1.230230 2.983294
v -0.693217 1.229946 2.991604
v 0.982224 0.201393 3.008444
v 0.981760 0.201678 3.016801
v 0.982730 0.407031 3.008456
v 0.982267 0.407316 3.016813
v 0.981760 0.201678 2.983196
v 0.982224 0.201393 2.991554
v 0.982267 0.407316 2.983184
v 0.982731 0.407031 2.991541
v 0.982267 0.822769 2.983184
v 0.982731 0.823055 2.991541
v 0.981760 1.028407 2.983196
v 0.982224 1.028692 2.991554
v -0.360904 0.204062 3.025007
v -0.693310 0.204348 3.024995
v -0.361407 0.408458 3.024994
v -0.693813 0.408744 3.024982
v 0.647022 0.201678 3.025170
v 0.312761 0.201393 3.025182
v 0.647528 0.407316 3.025183
v 0.313268 0.407031 3.025194
v 0.647528 0.822769 3.025183
v 0.313268 0.823054 3.025194
v 0.647021 1.028407 3.025170
v 0.312761 1.028692 3.025182
v 3.008361 1.232727 -5.033442
v 3.016162 1.227949 -5.016628
v 3.032544 1.228557 -5.008301
v -1.103365 1.001360 2.651679
v -1.096880 1.001076 2.814157
v -1.113228 0.808435 2.651925
v -1.106742 0.808151 2.814402
v -0.999153 1.008847 2.161898
v -0.995141 1.008942 2.324383
v -0.988298 0.812182 2.161762
v -0.984286 0.812277 2.324247
v -0.988296 0.417904 2.161762
v -0.984285 0.417808 2.324247
v -0.999151 0.221240 2.161898
v -0.995140 0.221145 2.324383
v -1.081191 0.228781 2.651681
v -1.085820 0.229065 2.814159
v -1.091061 0.421681 2.651928
v -1.095690 0.421965 2.814405
v -1.050851 0.221244 2.161898
v -1.054863 0.221149 2.324383
v -1.061711 0.417906 2.161762
v -1.065723 0.417811 2.324247
v -1.061711 0.812178 2.161762
v -1.065723 0.812273 2.324247
v -1.050851 1.008839 2.161898
v -1.054863 1.008934 2.324383
v -1.016154 1.194663 2.161693
v -1.024984 1.190209 2.324187
v -1.025952 1.195937 2.161669
v 3.019153 1.230024 2.187490
v 3.023935 1.230059 2.187490
v 3.019189 1.230045 2.354156
v 3.023971 1.230080 2.354156
v 3.004786 1.229918 2.187490
v 3.009567 1.229954 2.187490
v 3.004751 1.229941 2.354156
v 3.009531 1.229976 2.354156
v 3.004729 1.281438 2.693749
v 3.009490 1.281439 2.693749
v 3.004754 1.281423 2.860416
v 3.009515 1.281423 2.860416
v 3.019047 0.205014 2.024996
v 3.023808 0.205014 2.024996
v 3.019047 0.410028 2.024996
v 3.023808 0.410028 2.024996
v 3.004760 0.205014 2.024996
v 3.009522 0.205014 2.024996
v 3.004760 0.410028 2.024996
v 3.009522 0.410028 2.024996
v 3.004760 0.820057 2.024996
v 3.009522 0.820057 2.024996
v 3.004760 1.025071 2.024996
v 3.009522 1.025071 2.024996
v 3.102281 0.176031 2.693435
v 3.101817 0.176316 2.860125
v 3.112378 0.393466 2.693688
v 3.111914 0.393751 2.860378
v 3.030061 0.204144 2.187490
v 3.031452 0.203288 2.354157
v 3.030077 0.409167 2.187490
v 3.031468 0.408311 2.354157
v 3.030104 0.820965 2.187490
v 3.031495 0.821820 2.354157
v 3.030120 1.026033 2.187490
v 3.031511 1.026888 2.354157
v 3.023851 1.230110 2.008228
v 3.023831 1.230098 2.004062
v 3.019089 1.230110 2.008228
v 3.019069 1.230098 2.004062
v 3.023826 1.230096 2.020935
v 3.023846 1.230108 2.016768
v 3.019064 1.230097 2.020934
v 3.019084 1.230109 2.016768
v 3.009501 1.230099 2.020934
v 3.009481 1.230112 2.016768
v 3.004739 1.230099 2.020934
v 3.004719 1.230112 2.016768
v 3.029408 0.820569 2.004003
v 3.029408 1.025583 2.004003
v 3.031911 0.822109 2.008169
v 3.031911 1.027123 2.008169
v 3.029408 0.204502 2.004003
v 3.029408 0.409516 2.004003
v 3.031911 0.202963 2.008169
v 3.031911 0.407976 2.008169
v 3.031907 0.202961 2.016827
v 3.031906 0.407975 2.016827
v 3.029403 0.204501 2.020993
v 3.029403 0.409515 2.020993
v 3.009510 -0.000007 2.020935
v 3.004748 -0.000007 2.020935
v 3.009474 -0.000029 2.016769
v 3.004713 -0.000029 2.016769
v 3.023819 -0.000007 2.020935
v 3.019058 -0.000007 2.020935
v 3.023855 -0.000029 2.016769
v 3.019094 -0.000029 2.016769
v 3.023859 -0.000029 2.008227
v 3.019096 -0.000029 2.008227
v 3.023823 -0.000007 2.004061
v 3.019061 -0.000007 2.004061
v 2.999162 0.820572 2.020993
v 2.999162 1.025587 2.020993
v 2.996660 0.822111 2.016827
v 2.996660 1.027126 2.016827
v 2.999164 0.204501 2.020993
v 2.999164 0.409515 2.020993
v 2.996660 0.202961 2.016827
v 2.996660 0.407975 2.016827
v 2.996663 0.202961 2.008168
v 2.996663 0.407975 2.008168
v 2.999167 0.204501 2.004003
v 2.999167 0.409515 2.004003
v 2.665339 1.234398 3.008434
v 2.663931 1.233532 3.016768
v 2.327826 1.234398 3.008435
v 2.326418 1.233532 3.016768
v 2.667964 1.234268 2.983196
v 2.668433 1.234557 2.991553
v 2.329450 1.234580 2.983184
v 2.329919 1.234868 2.991541
v 1.647869 1.230516 2.983281
v 1.647400 1.230227 2.991590
v 1.311374 1.230207 2.983294
v 1.310905 1.229918 2.991604
v 3.002806 0.200191 3.008520
v 3.001415 0.200191 3.016888
v 3.002813 0.406197 3.008560
v 3.001422 0.406197 3.016928
v 3.006758 0.201678 2.983195
v 3.007222 0.201393 2.991552
v 3.007265 0.407316 2.983183
v 3.007729 0.407031 2.991539
v 3.007265 0.822769 2.983183
v 3.007729 0.823054 2.991539
v 3.006758 1.028407 2.983195
v 3.007222 1.028692 2.991552
v 1.647385 0.204079 3.025004
v 1.310813 0.204364 3.024993
v 1.646876 0.408467 3.024991
v 1.310304 0.408752 3.024981
v 2.662499 0.202448 3.025101
v 2.324999 0.202448 3.025102
v 2.662499 0.407462 3.025101
v 2.324999 0.407462 3.025102
v 2.662499 0.822623 3.025101
v 2.324999 0.822623 3.025102
v 2.662499 1.027637 3.025101
v 2.324999 1.027637 3.025102
v 3.004723 -0.051347 2.693749
v 3.004743 -0.051335 2.860415
v 3.009484 -0.051347 2.693749
v 3.009504 -0.051335 2.860415
v 3.004747 -0.000013 2.187490
v 3.004727 -0.000025 2.354157
v 3.009517 -0.000013 2.187490
v 3.009497 -0.000025 2.354157
v 3.019094 -0.000013 2.187490
v 3.019114 -0.000025 2.354157
v 3.023863 -0.000013 2.187490
v 3.023883 -0.000025 2.354157
v 3.009522 0.202448 3.025100
v 3.004761 0.202448 3.025100
v 3.009522 0.407462 3.025100
v 3.004761 0.407462 3.025100
v 3.025715 0.202994 3.025079
v 3.020026 0.202708 3.025090
v 3.025724 0.408019 3.025079
v 3.020035 0.407734 3.025091
v 3.025724 0.822066 3.025079
v 3.020035 0.822351 3.025091
v 3.025715 1.027091 3.025079
v 3.020026 1.027377 3.025090
v 2.997196 1.072423 2.694804
v 2.998587 1.072423 2.861506
v 2.997190 0.847733 2.695604
v 2.998580 0.847733 2.862306
v 2.998604 1.025895 2.187490
v 2.997213 1.026750 2.354157
v 2.998595 0.820896 2.187490
v 2.997205 0.821751 2.354157
v 2.998571 0.409166 2.187490
v 2.997180 0.408311 2.354157
v 2.998569 0.204144 2.187490
v 2.997178 0.203289 2.354157
v -1.819516 0.000000 3.738625
v 3.795570 0.000000 3.738625
v -1.819516 0.000000 -5.783813
v 3.795570 0.000000 -5.783813
vn -0.000200 0.000300 1.000000
vn -0.000200 0.000200 1.000000
vn -0.946800 0.013100 -0.321400
vn -0.000300 0.000300 1.000000
vn 0.693200 0.623000 -0.362300
vn -0.005100 0.971500 0.237100
vn -0.947500 -0.129000 0.292500
vn 0.947600 0.129300 0.292200
vn -0.947500 -0.129400 0.292300
vn -0.005100 0.971500 0.237200
vn 0.693300 0.623000 -0.362300
vn 0.000000 -0.999900 0.010100
vn 0.000000 0.999900 0.010000
vn 0.000200 0.000300 -1.000000
vn 1.000000 0.000000 -0.000000
vn -0.000000 -0.000000 1.000000
vn -1.000000 -0.006800 0.000000
vn 0.693400 0.622800 -0.362300
vn -0.947500 -0.129100 0.292400
vn 0.947600 0.129400 0.292200
vn 0.005100 -0.978900 0.204400
vn 0.005100 0.978900 0.204400
vn 0.946900 0.013100 0.321400
vn -0.946900 -0.013100 0.321400
vn -0.975000 0.009000 -0.221900
vn 0.000000 0.000500 -1.000000
vn -0.000200 -0.000300 1.000000
vn -0.000200 0.000300 -1.000000
vn -0.946900 0.013100 -0.321400
vn -0.004700 0.978900 -0.204300
vn -0.005100 -0.982300 -0.187200
vn -0.005100 -0.978900 0.204400
vn -0.005100 0.978900 0.204400
vn -0.000200 -0.000300 -1.000000
vn 1.000000 0.000000 0.000200
vn 0.000100 0.000200 -1.000000
vn 0.946800 0.013100 0.321400
vn -0.946800 -0.013100 0.321400
vn 0.000000 -1.000000 -0.000300
vn 0.000000 1.000000 -0.000300
vn 0.999900 0.000000 0.010400
vn -1.000000 0.000000 0.000500
vn -0.951100 0.195700 0.239100
vn 0.006900 0.984800 -0.173300
vn 0.000300 0.000200 -1.000000
vn 0.971500 -0.128400 -0.199200
vn -0.971500 0.128500 -0.199100
vn 0.005100 -0.982300 0.187200
vn 0.004700 0.978900 0.204200
vn 0.000200 0.000300 1.000000
vn 0.000200 -0.000300 -1.000000
vn 0.005100 -0.982400 0.186600
vn -0.000200 0.000400 1.000000
vn -0.000300 0.000400 1.000000
vn 0.633000 0.009900 -0.774100
vn 0.006800 -0.990100 -0.139900
vn 0.000000 -0.999900 -0.010000
vn 0.000000 0.954700 -0.297600
vn 0.006900 -0.990500 0.137500
vn -0.698100 -0.000000 -0.716000
vn 0.951100 0.195700 -0.239100
vn -0.006900 0.984800 0.173300
vn -0.971500 -0.128400 0.199200
vn 0.971500 0.128400 0.199200
vn 0.971500 0.128500 0.199100
vn -0.000100 -0.000400 1.000000
vn -0.000100 0.000400 -1.000000
vn -0.003800 0.963500 -0.267600
vn -0.003400 -0.973600 -0.228000
vn -1.000000 0.000000 -0.000200
vn -0.000000 -0.954600 -0.297700
vn -0.000000 0.954700 -0.297700
vn -0.000000 -0.000200 1.000000
vn -0.007200 1.000000 0.000000
vn -0.942600 -0.065800 0.327500
vn 0.956700 -0.053100 -0.286100
vn 0.005100 0.978900 -0.204300
vn -0.000200 0.000500 1.000000
vn 0.000000 0.000000 -1.000000
vn 0.000000 -1.000000 0.000000
vn -1.000000 0.000000 0.000800
vn 0.000000 1.000000 0.000000
vn 1.000000 0.000000 -0.000500
vn 0.005100 -0.978900 0.204300
vn 0.000000 0.000500 1.000000
vn -1.000000 0.000000 -0.000000
vn -0.891800 0.013400 -0.452200
vn -0.896300 0.015300 -0.443200
vn -0.948000 0.019500 -0.317800
vn -0.004900 -0.954600 0.297700
vn 0.101600 -0.966200 -0.236800
vn -0.007700 -0.990600 -0.136900
vn -0.007700 0.990600 -0.136900
vn -0.007400 0.971200 -0.238100
vn -0.004900 0.954600 0.297700
vn -0.000100 0.000400 1.000000
vn -0.891800 0.012200 0.452200
vn -0.928900 -0.013700 -0.370200
vn -0.975500 0.020100 -0.219200
vn 0.891800 -0.012200 0.452200
vn 0.928800 0.013700 -0.370200
vn 0.975500 -0.020100 -0.219200
vn 0.891800 -0.012100 0.452200
vn 0.896300 0.011100 -0.443200
vn 0.948000 -0.019500 -0.317800
vn -0.896300 -0.011100 -0.443200
vn -0.948000 0.019500 -0.317700
vn -0.000300 0.000500 1.000000
vn -0.007600 0.979400 -0.201900
vn -0.007400 0.965100 -0.261700
vn 0.070100 -0.954400 -0.290300
vn -0.007600 -0.979400 -0.201900
vn 0.994800 -0.101700 -0.000400
vn -0.070100 -0.954400 0.290300
vn 0.007600 -0.979400 0.201900
vn 0.007700 0.979400 0.201900
vn 0.007300 0.965100 0.261700
vn 0.000000 1.000000 0.002200
vn 0.000300 0.000400 -1.000000
vn 0.000300 0.000500 -1.000000
vn 0.000200 0.000500 -1.000000
vn 1.000000 0.006900 -0.000000
vn 0.896300 -0.011100 0.443200
vn 0.948000 0.019500 0.317700
vn -1.000000 -0.000300 0.000100
vn -0.896300 0.011100 0.443200
vn -0.948000 -0.019500 0.317800
vn 0.070100 -0.954400 -0.290200
vn -0.007700 0.979400 -0.201900
vn -0.007300 0.965100 -0.261700
vn -0.947900 0.019500 -0.317900
vn -0.072100 -0.952200 0.296900
vn 0.004900 -0.956700 0.290900
vn 0.007600 0.979400 0.201900
vn 0.007300 0.956700 0.290900
vn 0.005000 0.963600 0.267300
vn 0.891800 -0.013400 0.452200
vn -0.891800 0.013400 0.452200
vn -0.999900 -0.010900 -0.000200
vn -0.999800 -0.020600 0.006200
vn -0.925600 0.009800 -0.378300
vn -0.930700 0.011900 -0.365500
vn -0.975600 0.016200 -0.219100
vn 0.000100 0.000500 -1.000000
vn -0.000300 -0.000400 1.000000
vn 0.000300 -0.000400 1.000000
vn 0.000200 -0.000500 1.000000
vn -0.000300 0.000400 -1.000000
vn -0.896300 0.015300 -0.443300
vn 0.005400 0.954700 -0.297700
vn 0.006200 0.956700 -0.291000
vn -0.005500 0.979500 -0.201300
vn -0.007600 -0.969300 -0.245700
vn 0.007400 -0.968200 -0.250000
vn 0.004900 -0.949700 -0.313300
vn -0.007600 -0.979400 0.201900
vn -0.007300 -0.956700 0.291000
vn -0.004900 -0.949600 0.313300
vn -0.005400 0.954600 0.297700
vn -0.007300 0.956700 0.291000
vn -0.007600 0.979400 0.201900
vn 0.891800 0.013400 0.452200
vn 0.999900 0.013500 0.000100
vn 0.999800 0.020600 0.006400
vn -0.000300 -0.000300 -1.000000
vn 0.000000 -0.000500 -1.000000
vn 0.000000 -0.956700 0.291000
vn -0.000000 -0.897100 0.441800
vn -0.000000 0.954700 0.297700
vn 0.000000 0.956700 0.291000
vn 1.000000 0.000000 0.000300
vn 1.000000 -0.000000 0.000100
vn 0.000000 -0.000300 -1.000000
vn -0.072000 -0.952200 0.296900
vn -0.101600 -0.966200 0.236800
vn 0.007700 -0.990600 0.136900
vn 0.007700 0.990600 0.136900
vn 0.007400 0.971200 0.238100
vn 0.000400 0.000300 -1.000000
vn 0.928900 -0.013700 0.370200
vn 0.975500 0.020100 0.219200
vn -0.928800 0.013700 0.370200
vn -0.975500 -0.020100 0.219200
vn -0.071700 -0.954400 0.289900
vn 0.007600 -0.979400 0.202000
vn 0.007600 0.979400 0.202000
vn 0.007300 0.965100 0.261800
vn 0.999900 0.006900 0.010500
vn 0.892500 -0.011100 0.450900
vn 0.944900 0.019500 0.326800
vn -1.000000 -0.006900 0.000500
vn 0.006600 -0.970700 -0.240300
vn 0.007400 -0.971200 0.238000
vn 0.007700 -0.990200 0.139400
vn 0.007700 0.990200 0.139300
vn 0.006600 0.970700 -0.240300
vn 0.000000 0.000400 -1.000000
vn 0.000000 0.000300 -1.000000
vn 0.927500 0.016700 -0.373400
vn 0.927000 -0.013600 0.374800
vn 0.974200 0.020100 0.224700
vn -0.927500 -0.016700 -0.373400
vn -0.999800 -0.019600 0.000000
vn -0.999800 -0.020600 0.000000
vn 0.896300 0.015300 0.443200
vn 0.007600 -0.969300 0.245800
vn -0.007400 -0.968200 0.249900
vn -0.006200 0.956700 0.290900
vn 0.005500 0.979500 0.201300
vn 0.948000 0.019500 0.317800
vn 0.000300 0.000400 1.000000
vn 0.000300 -0.000400 -1.000000
vn -0.000300 -0.000400 -1.000000
vn -0.000200 -0.000500 -1.000000
vn 0.948100 0.019500 0.317500
vn 0.007600 -0.969300 0.245900
vn -0.007400 -0.968300 0.249800
vn 0.000000 -0.912300 0.409400
vn 0.583000 0.010500 -0.812400
vn 0.715600 0.009700 -0.698400
vn 0.713700 0.014700 -0.700300
vn 0.013400 -0.960300 0.278800
vn 0.013600 -0.972900 0.230900
vn 0.006900 -0.970500 -0.241200
vn 0.007400 -0.999900 0.007800
vn -0.007300 -0.958700 0.284400
vn 0.007800 0.999900 0.007400
vn -0.017700 0.999800 -0.007700
vn 0.006600 -0.970700 0.240100
vn 0.000000 -0.970800 0.240000
vn 0.015100 -0.978700 0.204700
vn -0.698100 -0.004900 -0.716000
vn -0.715900 -0.009700 -0.698200
vn -0.713700 -0.014700 -0.700300
vn -0.006600 -0.970700 0.240300
vn 0.101400 -0.966200 -0.236800
vn -0.007700 -0.990500 -0.137000
vn -0.007700 0.990500 -0.136900
vn -0.006600 0.970700 0.240300
vn -0.927500 0.016700 0.373400
vn -0.928800 -0.013700 -0.370300
vn -0.975400 0.020100 -0.219300
vn 0.927500 -0.016700 0.373400
vn 0.928800 0.013700 -0.370300
vn 0.975400 -0.020100 -0.219300
vn -0.000300 -0.000500 1.000000
vn -0.000300 0.000500 -1.000000
vn -0.004700 0.965000 -0.262300
vn -0.005900 -0.958400 -0.285300
vn 0.007400 -0.968200 -0.249900
vn 0.004900 -0.949600 -0.313300
vn -1.000000 0.005500 -0.000400
vn -0.999900 0.016000 -0.000000
vn -0.999800 0.017500 -0.000000
vn -0.006200 -1.000000 0.000000
vn 0.005900 -0.963200 -0.268600
vn 0.003300 -0.942300 -0.334600
vn 0.004100 0.954700 -0.297700
vn 0.004900 0.956700 -0.291000
vn -0.003000 1.000000 0.000000
vn 0.000100 -0.000500 1.000000
vn 0.007600 -0.969300 0.245700
vn -0.007400 -0.968200 0.250000
vn -0.004900 -0.949700 0.313300
vn -0.005400 0.954700 0.297700
vn -0.006200 0.956700 0.291000
vn 0.005500 0.979500 0.201200
vn -0.013200 0.956600 0.291000
vn -0.013300 0.969500 0.244900
vn -0.006600 0.972400 -0.233300
vn -0.882500 0.012000 0.470100
vn -0.936900 -0.018800 -0.349100
vn -0.981300 0.051100 -0.185600
vn 0.901000 0.012300 -0.433700
vn 0.936900 0.018800 -0.349200
vn 0.981300 -0.051100 -0.185600
vn 0.522300 -0.825200 0.215000
vn -0.015000 0.971100 -0.238000
vn -0.521700 -0.825600 0.215000
vn 0.007800 1.000000 0.000000
vn 0.007600 1.000000 -0.000600
vn 0.000000 0.954600 0.297800
vn 0.000100 0.000000 -1.000000
vn 0.891900 -0.000500 0.452200
vn 0.999800 0.020100 0.000500
vn 0.999900 0.013800 0.000800
vn 0.002600 -1.000000 -0.000000
vn 0.007600 -1.000000 0.000600
vn 0.005300 -1.000000 0.000400
vn -0.981400 -0.020200 0.191000
vn -0.999800 -0.020100 -0.000600
vn -0.979100 0.000000 -0.203500
vn 0.007800 1.000000 -0.001800
vn 0.007600 1.000000 0.000000
vn 0.000000 1.000000 0.001800
vn 0.981300 -0.020200 -0.191400
vn 0.999800 -0.020100 0.000100
vn 0.979100 0.000000 0.203200
vn -0.002500 0.954700 0.297700
vn 1.000000 0.006800 0.000100
vn 0.002500 -0.954700 0.297700
vn 0.007600 -1.000000 0.000000
vn 0.007800 -1.000000 0.000000
vn -0.000400 0.000500 1.000000
vn -1.000000 -0.006100 -0.000100
vn -0.999800 -0.020100 -0.000000
vn -0.999900 -0.013900 0.000000
vn -0.000300 -0.000000 1.000000
vn 0.000300 -0.000500 1.000000
vn -0.000000 -0.000400 1.000000
vn 0.000200 0.000000 1.000000
vn -0.000000 0.000100 1.000000
vn 0.000200 0.000500 1.000000
vn -0.001600 -0.000300 1.000000
vn -0.001600 0.000000 1.000000
vn -0.001000 -0.000300 1.000000
vn -0.001300 -0.000300 1.000000
vn -0.001100 0.000000 1.000000
vn -0.001300 0.000000 1.000000
vn 0.000100 0.000400 1.000000
vn -0.000000 0.000300 1.000000
vn -0.879300 -0.012000 -0.476200
vn -0.901100 -0.000000 -0.433600
vn -0.921900 -0.018500 0.386900
vn -0.998400 -0.014900 -0.054900
vn -0.940500 -0.000000 0.339800
vn -0.998500 0.002500 -0.055500
vn -0.948000 0.019500 0.317800
vn -0.999800 0.019600 -0.000000
vn -0.001700 -0.000400 1.000000
vn -0.000900 -0.000500 1.000000
vn -0.001300 -0.000400 1.000000
vn -0.000900 0.000000 1.000000
vn 0.000000 0.000400 1.000000
vn 0.105900 0.948500 -0.298600
vn 0.346600 0.881300 -0.321200
vn 0.103700 0.950800 0.291900
vn 0.109500 0.994000 0.000000
vn 0.338700 0.886900 0.314000
vn 0.361300 0.932400 0.000000
vn 0.680200 0.641000 0.355700
vn 0.735900 0.677000 -0.000000
vn 0.358200 -0.884600 0.298700
vn 0.377700 -0.925900 -0.000000
vn 0.339200 -0.897600 0.281600
vn 0.348800 -0.891300 0.289600
vn 0.359600 -0.933100 -0.000200
vn 0.368700 -0.929600 -0.000200
vn 0.004900 0.954600 0.297700
vn 0.000000 0.963500 0.267800
vn -0.001500 0.000000 1.000000
vn -0.001000 0.000000 1.000000
vn -0.900300 -0.050900 0.432200
vn -0.921900 -0.104300 0.373200
vn -0.903400 -0.052400 -0.425700
vn -0.998400 -0.055900 -0.001300
vn -0.923800 -0.102400 -0.368900
vn -0.993800 -0.111300 -0.001300
vn -0.949100 -0.124900 -0.289000
vn -0.991000 -0.133800 0.000000
vn 0.900300 0.050900 0.432200
vn 0.921900 0.104300 0.373100
vn 0.903400 0.052400 -0.425600
vn 0.998400 0.055900 -0.001300
vn 0.923800 0.102500 -0.368800
vn 0.993800 0.111300 -0.001300
vn 0.949200 0.125300 -0.288700
vn 0.991000 0.134200 -0.000000
vn 0.903400 0.052400 -0.425700
vn -0.921900 -0.104100 0.373300
vn -0.903400 -0.052300 -0.425700
vn -0.998400 -0.055800 -0.001300
vn -0.923800 -0.102300 -0.369000
vn -0.993800 -0.111100 -0.001300
vn -0.949200 -0.125400 -0.288800
vn -0.990900 -0.134300 0.000000
vn -0.001600 -0.000400 1.000000
vn -0.001200 -0.000400 1.000000
vn 0.358300 -0.884500 0.298700
vn 0.377800 -0.925900 -0.000000
vn 0.339300 -0.897500 0.281600
vn 0.349000 -0.891200 0.289600
vn 0.359800 -0.933000 -0.000200
vn 0.368800 -0.929500 -0.000200
vn 0.680200 0.640900 0.355700
vn 0.736000 0.677000 -0.000000
vn -0.129600 -0.991600 0.003400
vn 0.000000 -1.000000 0.006800
vn -0.131500 -0.991300 -0.003100
vn -0.129600 -0.991600 0.000100
vn 0.000000 -1.000000 -0.006300
vn -0.129800 -0.991500 0.000100
vn 0.007800 -0.999900 -0.009600
vn -0.127800 -0.991800 0.000000
vn -0.125700 0.992000 -0.006300
vn -0.128100 0.991800 0.000000
vn -0.132200 0.991200 -0.003100
vn -0.129000 0.991600 -0.003100
vn -0.129900 0.991500 0.000100
vn -0.129000 0.991600 0.000100
vn 0.000000 1.000000 0.006700
vn 0.001600 -0.000400 -1.000000
vn 0.001600 0.000000 -1.000000
vn 0.001000 -0.000500 -1.000000
vn 0.001300 -0.000400 -1.000000
vn 0.001100 0.000000 -1.000000
vn 0.001300 0.000000 -1.000000
vn -0.000200 0.000500 -1.000000
vn 0.000100 0.000400 -1.000000
vn 1.000000 -0.000000 0.004400
vn 0.999800 -0.020100 0.004000
vn 1.000000 -0.006900 0.004200
vn 1.000000 0.000000 0.003900
vn 1.000000 -0.000000 0.004200
vn 0.999800 0.020600 -0.000200
vn 1.000000 0.007100 -0.000000
vn -1.000000 0.006400 0.004400
vn -1.000000 -0.000000 0.004300
vn -0.999800 0.020100 0.004200
vn -0.999900 0.013200 0.004300
vn -1.000000 0.000000 0.004200
vn -0.999900 -0.013800 0.000000
vn -0.001000 -0.000500 1.000000
vn 0.346700 0.881300 -0.321200
vn 0.103800 0.950800 0.291900
vn 0.109600 0.994000 0.000000
vn 0.338800 0.886900 0.314000
vn 0.361400 0.932400 0.000000
vn 0.680400 0.640700 0.355700
vn 0.736200 0.676800 -0.000000
vn 0.358400 -0.884500 0.298700
vn 0.377900 -0.925800 -0.000000
vn 0.339400 -0.897500 0.281700
vn 0.349100 -0.891200 0.289700
vn 0.368900 -0.929500 -0.000200
vn -0.001200 0.000000 1.000000
vn -0.949200 -0.125100 -0.288900
vn -0.991000 -0.134000 0.000000
vn 0.921900 0.104400 0.373100
vn 0.993800 0.111400 -0.001300
vn -0.879200 -0.012000 -0.476200
vn -0.921900 -0.018500 0.387000
vn -0.004900 -0.958200 0.286000
vn -0.000000 -0.967600 0.252600
vn -0.007300 -0.960200 -0.279400
vn 0.074200 -0.997200 0.000000
vn 0.000000 -0.968900 -0.247600
vn 0.246800 -0.969100 0.000000
vn 0.007600 -0.979400 -0.202000
vn 0.475900 -0.879500 -0.000000
vn 0.242100 0.930400 -0.275300
vn 0.252900 0.967500 -0.000000
vn 0.219900 0.933300 -0.283800
vn 0.231000 0.932100 -0.279000
vn 0.233800 0.972300 0.000200
vn 0.243300 0.969900 0.000200
vn -0.005000 0.963600 0.267300
vn 0.000000 0.971700 0.236200
vn 0.000900 -0.000500 -1.000000
vn 0.001200 -0.000400 -1.000000
vn 0.001000 0.000000 -1.000000
vn 0.899100 -0.012200 0.437500
vn 0.920100 0.000000 0.391800
vn 0.904300 -0.018200 -0.426600
vn 0.999900 0.014700 0.001400
vn 0.923900 0.000000 -0.382700
vn 0.996200 0.087500 0.001500
vn 0.948000 0.019500 -0.317800
vn 0.989400 0.145100 -0.000000
vn -0.899100 0.012200 0.437500
vn -0.920100 -0.000000 0.391800
vn -0.904300 0.018200 -0.426600
vn -0.999900 -0.014700 0.001400
vn -0.923900 0.000000 -0.382700
vn -0.996200 -0.087500 0.001500
vn -0.948000 -0.019500 -0.317700
vn -0.989400 -0.145200 0.000000
vn -0.913400 -0.008400 -0.407000
vn -0.935500 0.000000 -0.353500
vn -0.954000 -0.015200 0.299500
vn -0.998200 -0.010500 -0.058300
vn -0.970200 0.000000 0.242300
vn -0.998200 0.002700 -0.059300
vn -0.975600 0.016200 0.219100
vn -0.999900 0.015400 -0.000000
vn -0.000200 0.000100 1.000000
vn 0.000300 0.000500 1.000000
vn 0.000300 0.000100 1.000000
vn 0.000200 -0.000400 1.000000
vn -0.000200 -0.000100 -1.000000
vn 0.000300 -0.000500 -1.000000
vn 0.000000 -0.000400 -1.000000
vn 0.000300 -0.000100 -1.000000
vn 0.000000 -0.000100 -1.000000
vn 0.000200 0.000400 -1.000000
vn -0.901100 0.000000 -0.433500
vn 0.006100 0.967000 -0.254700
vn 0.000900 0.975500 -0.220200
vn 0.006800 0.951300 0.308300
vn 0.006300 0.999400 0.034000
vn 0.000900 0.960700 0.277500
vn 0.000900 0.999400 0.034300
vn -0.005500 0.979500 0.201300
vn -0.004700 1.000000 0.000000
vn -0.006500 -0.979500 0.201600
vn -0.005600 -1.000000 0.000000
vn 0.007800 -0.961900 0.273400
vn 0.000800 -0.969800 0.243900
vn 0.007200 -0.999300 0.036800
vn 0.000900 -0.999300 0.037100
vn 0.004900 -0.954700 -0.297700
vn -0.000000 -0.975600 -0.219300
vn -0.008100 -0.975100 -0.221400
vn -0.007400 -1.000000 -0.000000
vn 0.006200 -0.956700 -0.291000
vn -0.000800 -0.968100 -0.250600
vn 0.005600 -0.999300 0.036900
vn -0.000900 -0.999300 0.037300
vn 0.004900 -0.949600 0.313300
vn 0.000000 -0.958900 0.283800
vn 0.004900 0.948700 0.316000
vn -0.000000 0.958900 0.283700
vn 0.007400 0.968200 -0.250000
vn 0.005600 0.999400 0.033800
vn 0.000000 0.976200 -0.217000
vn -0.000900 0.999400 0.034200
vn -0.007400 1.000000 0.000000
vn 0.879300 -0.012000 0.476200
vn 0.901100 0.000000 0.433500
vn 0.921900 -0.018500 -0.387000
vn 0.998400 -0.014900 0.054800
vn 0.940500 0.000000 -0.339800
vn 0.998500 0.002500 0.055400
vn 0.999800 0.019600 -0.000000
vn -0.000300 0.000000 -1.000000
vn 0.000200 -0.000000 -1.000000
vn 0.000200 -0.000500 -1.000000
vn 0.000000 0.958900 0.283800
vn 1.000000 0.000000 -0.000300
vn 1.000000 0.000000 -0.000100
vn 1.000000 0.000000 -0.000200
vn 0.246900 -0.969100 0.000000
vn 0.007600 -0.979400 -0.201900
vn 0.476100 -0.879400 -0.000000
vn 0.242200 0.930300 -0.275300
vn 0.253000 0.967500 -0.000000
vn 0.231100 0.932100 -0.279000
vn 0.243400 0.969900 0.000200
vn 0.001500 -0.000300 -1.000000
vn 0.001500 0.000000 -1.000000
vn 0.001000 -0.000300 -1.000000
vn 0.001300 -0.000300 -1.000000
vn -0.948000 -0.019500 -0.317800
vn -0.989400 -0.145100 0.000000
vn 0.000000 -1.000000 0.000100
vn 0.000000 -1.000000 -0.000100
vn -0.006900 -1.000000 -0.000000
vn -0.004500 -1.000000 0.000000
vn 0.009800 -1.000000 0.000300
vn 0.010900 -0.999900 0.000100
vn 0.014100 -0.999900 0.000400
vn 0.012500 -0.999900 0.000100
vn 0.012200 0.999900 0.000400
vn 0.008100 1.000000 0.000100
vn -0.000300 1.000000 0.000100
vn 0.005800 1.000000 0.000300
vn 0.004900 1.000000 0.000100
vn 0.006500 1.000000 0.000100
vn 0.000000 1.000000 -0.000100
vn 0.000000 1.000000 -0.000200
vn 0.999900 -0.000000 0.014900
vn 0.999800 -0.013600 0.014900
vn 0.999900 -0.006900 0.014900
vn 0.999800 0.013900 0.011000
vn 0.999900 0.007000 0.010700
vn -0.000100 0.000000 1.000000
vn -1.000000 0.000000 0.005000
vn -0.999900 0.013700 0.003400
vn -1.000000 0.007000 0.004200
vn -1.000000 0.000000 0.003400
vn -0.999900 -0.013900 -0.000500
vn -1.000000 -0.007000 0.000000
vn -0.172500 0.955100 0.241000
vn -0.557900 0.789400 0.256100
vn -0.171000 0.955900 -0.238800
vn -0.176900 0.984200 -0.000000
vn -0.553300 0.793300 -0.254000
vn -0.574600 0.818400 -0.000000
vn -0.949200 0.205200 -0.238600
vn -0.978500 0.206300 0.000000
vn -0.584400 -0.776500 -0.235600
vn -0.602900 -0.797800 0.000000
vn -0.573700 -0.792000 -0.208800
vn -0.579200 -0.784300 -0.222000
vn -0.589400 -0.807800 0.000100
vn -0.596300 -0.802800 0.000100
vn -0.006600 0.970700 -0.240300
vn 0.000000 0.978300 -0.207100
vn 0.000900 -0.000400 -1.000000
vn 0.001200 -0.000300 -1.000000
vn 0.001200 0.000000 -1.000000
vn 0.934600 -0.056900 -0.351100
vn 0.952100 -0.113400 -0.284100
vn 0.935400 -0.057300 0.348900
vn 0.998200 -0.060600 0.000400
vn 0.952500 -0.112600 0.282900
vn 0.993000 -0.117900 0.000400
vn 0.971900 -0.127000 0.198300
vn 0.991400 -0.130600 0.000000
vn -0.934600 0.057000 -0.351200
vn -0.952100 0.113500 -0.284100
vn -0.935400 0.057300 0.349000
vn -0.998200 0.060600 0.000400
vn -0.952500 0.112700 0.282900
vn -0.993000 0.117900 0.000400
vn -0.971900 0.127100 0.198300
vn -0.991400 0.130700 0.000000
vn 0.901100 0.000000 0.433600
vn 0.921900 -0.018500 -0.386900
vn 0.998400 -0.014900 0.054900
vn 0.998500 0.002500 0.055500
vn 0.006500 -0.979500 -0.201500
vn 0.005600 -1.000000 0.000000
vn -0.007800 -0.961900 -0.273400
vn -0.000800 -0.969800 -0.243900
vn -0.007200 -0.999300 -0.036800
vn -0.000900 -0.999300 -0.037100
vn 0.000000 -0.975700 0.219300
vn -0.006100 0.967000 0.254600
vn -0.000900 0.975500 0.220200
vn -0.006800 0.951300 -0.308300
vn -0.006300 0.999400 -0.033900
vn -0.000900 0.960700 -0.277500
vn -0.000900 0.999400 -0.034200
vn 0.005500 0.979500 -0.201200
vn 0.004700 1.000000 0.000000
vn 0.000300 -0.000300 1.000000
vn 0.000200 -0.000100 1.000000
vn -0.000300 -0.000100 1.000000
vn -0.000000 -0.000100 1.000000
vn 0.000300 0.000300 -1.000000
vn 0.000200 0.000100 -1.000000
vn -0.000300 0.000100 -1.000000
vn -0.000000 0.000100 -1.000000
vn -0.000200 -0.000400 -1.000000
vn 0.879200 -0.012000 0.476200
vn 0.005700 -1.000000 0.000000
vn -0.007800 -0.961800 -0.273500
vn -0.000800 -0.969800 -0.244000
vn -0.007200 -0.999300 -0.037200
vn -0.000800 -0.999300 -0.037600
vn -0.004900 -0.954700 0.297700
vn 0.000000 -0.975800 0.218700
vn 0.001000 -0.000300 1.000000
vn 0.001000 0.000000 1.000000
vn 0.001600 -0.000300 1.000000
vn 0.001300 -0.000300 1.000000
vn 0.001500 0.000000 1.000000
vn 0.001300 0.000000 1.000000
vn 0.000100 0.000200 1.000000
vn 0.001100 -0.000400 1.000000
vn 0.001300 -0.000400 1.000000
vn 0.001600 -0.000000 1.000000
vn -0.001100 -0.000400 1.000000
vn 0.000200 0.000400 1.000000
vn 0.594300 -0.011700 -0.804200
vn 0.613100 -0.001600 -0.790000
vn 0.851500 -0.017300 -0.524000
vn 0.713200 -0.014500 -0.700800
vn 0.827700 -0.002200 -0.561200
vn 0.713400 -0.001900 -0.700700
vn 0.789100 0.012900 -0.614200
vn 0.707100 0.011100 -0.707000
vn -0.132100 -0.964000 0.230600
vn -0.057700 -0.996700 0.057700
vn -0.136000 -0.988500 0.066900
vn -0.061700 -0.998100 -0.000000
vn -0.057600 -0.990500 -0.125200
vn 0.000000 -0.982200 -0.187600
vn -0.061000 -0.981600 -0.181000
vn -0.006500 -0.972400 -0.233300
vn -0.000000 -1.000000 0.007900
vn 0.000000 -0.989200 -0.146500
vn -0.192400 -0.963300 -0.187200
vn -0.195000 -0.980800 0.000000
vn 0.108800 -0.994000 -0.010000
vn 0.107800 -0.988300 0.107800
vn -0.017600 -0.990500 0.136200
vn -0.017700 -0.999800 -0.007700
vn 0.007400 0.956700 0.291000
vn 0.031900 0.999500 0.000000
vn 0.029800 0.950000 0.310800
vn 0.000000 0.948400 0.317000
vn 0.000000 0.999200 -0.038900
vn -0.049600 0.997500 -0.049600
vn -0.046800 0.957500 0.284500
vn -0.007300 0.958700 0.284400
vn -0.006600 -0.970700 0.240100
vn 0.000000 -0.978300 0.207000
vn -0.731000 0.657800 -0.181600
vn -0.743500 0.668500 0.019100
vn -0.626100 0.746100 -0.226500
vn -0.639300 0.768800 -0.016400
vn -0.536500 0.843900 0.000800
vn -0.521900 0.825400 0.215000
vn -0.762100 0.000000 -0.647500
vn -0.762100 0.000000 -0.647400
vn -0.773600 0.010600 -0.633600
vn -0.768000 0.005300 -0.640500
vn -0.774200 0.000000 -0.633000
vn -0.768300 -0.000000 -0.640100
vn -0.715800 -0.009900 -0.698300
vn -0.707100 -0.005000 -0.707100
vn 0.172500 0.955100 -0.241000
vn 0.557900 0.789400 -0.256100
vn 0.171000 0.955900 0.238800
vn 0.176900 0.984200 0.000000
vn 0.553300 0.793300 0.254000
vn 0.574600 0.818500 0.000000
vn 0.949200 0.205200 0.238600
vn 0.978500 0.206300 0.000000
vn 0.584400 -0.776500 0.235600
vn 0.602900 -0.797800 0.000000
vn 0.573700 -0.792000 0.208800
vn 0.579300 -0.784300 0.222000
vn 0.589500 -0.807800 -0.000100
vn 0.596300 -0.802800 -0.000100
vn 0.006600 0.970700 0.240300
vn -0.000000 0.978300 0.207100
vn -0.934600 -0.056900 0.351100
vn -0.952100 -0.113400 0.284100
vn -0.935400 -0.057300 -0.348900
vn -0.998200 -0.060500 -0.000400
vn -0.952500 -0.112600 -0.282900
vn -0.993000 -0.117900 -0.000400
vn -0.971900 -0.127000 -0.198300
vn -0.991400 -0.130600 0.000000
vn 0.934600 0.056900 0.351200
vn 0.952100 0.113500 0.284100
vn 0.935400 0.057300 -0.349000
vn 0.998200 0.060600 -0.000400
vn 0.952500 0.112700 -0.282900
vn 0.993000 0.117900 -0.000400
vn 0.971900 0.127100 -0.198300
vn 0.991400 0.130700 0.000000
vn 0.934600 0.057000 0.351200
vn -0.998200 -0.060600 -0.000400
vn -0.991400 -0.130700 0.000000
vn 0.000200 0.000100 1.000000
vn 0.000100 -0.000400 1.000000
vn 0.000200 -0.000100 -1.000000
vn 0.004300 0.965400 -0.260800
vn 0.000300 0.968200 -0.250100
vn 0.005100 0.948100 0.318000
vn 0.004400 0.999300 0.036400
vn 0.000300 0.951200 0.308700
vn 0.000300 0.999300 0.036500
vn -0.004700 0.965000 0.262300
vn -0.003900 1.000000 0.000000
vn -0.005300 -0.964900 0.262400
vn 0.005800 -0.955900 0.293800
vn 0.000300 -0.958700 0.284400
vn 0.005000 -0.999100 0.041000
vn 0.000300 -0.999200 0.041100
vn 0.003300 -0.954700 -0.297700
vn 0.000000 -0.971200 -0.238400
vn -0.990300 -0.000100 -0.138900
vn -0.990500 0.000000 -0.137400
vn -0.991900 -0.015800 -0.126300
vn -0.991300 -0.005500 -0.131400
vn -0.992000 0.000000 -0.126300
vn -0.991300 0.000100 -0.131800
vn -0.999800 0.016600 0.005200
vn -1.000000 0.005600 -0.000000
vn -0.004400 -0.956700 0.290900
vn -0.002100 -1.000000 -0.000000
vn 0.004300 -0.938700 0.344800
vn 0.000000 -0.938600 0.345100
vn 0.002100 -0.995200 0.097600
vn 0.000000 -0.995200 0.097800
vn 0.000000 -0.975400 -0.220400
vn 0.000000 0.975100 -0.221900
vn 0.003800 0.933600 0.358300
vn 0.002100 0.996700 0.081700
vn 0.000000 0.933500 0.358500
vn 0.000000 0.996600 0.081800
vn -0.004000 0.956700 0.290900
vn -0.002100 1.000000 0.000000
vn 0.000100 -0.000000 1.000000
vn 0.000100 0.000300 1.000000
vn 0.000000 -0.000300 1.000000
vn -0.007200 -0.999300 -0.036700
vn 0.000000 -0.975600 0.219300
vn -0.006100 0.967000 0.254700
vn 0.005500 0.979500 -0.201300
vn 0.234700 0.972100 0.000000
vn 0.117300 0.993100 0.000000
vn 0.233600 0.965100 -0.118200
vn 0.121200 0.985200 -0.121100
vn 0.116700 0.985500 -0.122900
vn 0.000000 0.992300 -0.123500
vn 0.118800 0.963700 -0.239200
vn 0.006900 0.970500 -0.241200
vn -0.885300 -0.017400 0.464700
vn -0.908800 -0.047000 0.414500
vn -0.917100 -0.006500 -0.398600
vn -0.999000 -0.019300 0.039900
vn -0.937500 -0.047500 -0.344700
vn -0.997900 -0.051100 0.039900
vn -0.957900 -0.077400 -0.276500
vn -0.997300 -0.069200 0.025600
vn 0.909800 -0.031200 -0.413800
vn 0.931400 -0.048100 -0.360800
vn 0.893900 -0.032200 0.447000
vn 0.999000 -0.033900 0.028400
vn 0.915800 -0.046400 0.399000
vn 0.998300 -0.051000 0.028400
vn 0.944000 -0.049300 0.326300
vn 0.998200 -0.054900 0.025600
vn -0.015100 0.980700 0.194900
vn 0.647100 0.762200 -0.016600
vn 0.601700 0.713100 0.359800
vn 0.000000 0.953400 0.301600
vn 0.005100 0.993700 -0.112300
vn -0.963000 -0.268400 -0.024700
vn -0.908400 -0.256800 -0.330000
vn 0.015100 0.978700 0.204700
vn -0.000200 -0.000000 1.000000
vn 0.000300 0.000000 1.000000
vn 0.236700 0.932000 -0.274500
vn 0.247200 0.969000 0.000000
vn 0.214500 0.934500 -0.284200
vn 0.225600 0.933500 -0.278800
vn 0.228100 0.973600 0.000200
vn 0.237700 0.971300 0.000200
vn -0.004900 0.963600 0.267400
vn 0.898600 -0.012200 0.438500
vn 0.919600 0.000000 0.392900
vn 0.904700 -0.018200 -0.425600
vn 1.000000 0.000500 0.002800
vn 0.924300 0.000000 -0.381600
vn 0.998900 0.046400 0.002900
vn 0.996500 0.083400 0.000000
vn -0.000200 -0.000500 1.000000
vn 0.000000 -0.000500 1.000000
vn 0.000300 -0.000100 1.000000
vn 0.000300 0.000300 1.000000
vn 0.000000 -1.000000 0.003000
vn 0.000000 -1.000000 0.002800
vn -0.005000 -1.000000 0.003000
vn -0.002500 -1.000000 0.002900
vn 0.000100 -1.000000 0.003000
vn 0.000100 -1.000000 0.002900
vn 0.005000 -1.000000 0.000000
vn 0.002400 -1.000000 0.000000
vn -0.999900 -0.016400 -0.000800
vn -1.000000 -0.004100 0.000000
vn -0.982000 0.015900 -0.188100
vn -0.981800 -0.000000 -0.190000
vn -0.857600 0.003600 -0.514300
vn -0.857000 0.000000 -0.515300
vn -0.979200 0.000000 -0.203100
vn -0.979200 0.000000 -0.203000
vn 0.006200 1.000000 0.000000
vn 0.001600 1.000000 0.000000
vn -0.006100 1.000000 0.001700
vn 0.000000 1.000000 0.001700
vn -0.001500 1.000000 0.005300
vn 0.000000 1.000000 0.005300
vn 0.999900 -0.016400 0.000500
vn 1.000000 -0.004100 0.000000
vn 0.982000 0.015900 0.188000
vn 0.981800 0.000000 0.189900
vn 0.857700 0.003600 0.514200
vn 0.857100 0.000000 0.515200
vn 0.979100 0.000000 0.203300
vn -0.006100 0.967100 0.254300
vn -0.000900 0.975600 0.219700
vn -0.006800 0.951200 -0.308600
vn -0.006300 0.999400 -0.034400
vn -0.000900 0.960600 -0.277800
vn -0.000900 0.999400 -0.034700
vn 0.004800 1.000000 0.000000
vn 0.985200 -0.000100 0.171600
vn 0.985400 0.000000 0.170000
vn 0.987000 -0.019800 0.159400
vn 0.986400 -0.006800 0.163900
vn 0.987400 0.000000 0.158100
vn 0.986500 0.000100 0.163900
vn 0.999800 0.020600 -0.006300
vn 0.999900 0.013800 0.000000
vn -0.007300 -0.960200 -0.279300
vn 0.072600 -0.997400 0.000000
vn 0.241500 -0.970400 0.000000
vn 0.463500 -0.886100 0.000000
vn -1.000000 0.000000 0.008700
vn -1.000000 0.000000 0.008600
vn -0.999700 0.020100 0.011000
vn -0.999900 0.006100 0.008300
vn -1.000000 0.000000 0.008100
vn -1.000000 -0.000100 0.008300
vn -0.999800 -0.020600 -0.006200
vn -0.899600 -0.017700 -0.436300
vn -0.878600 -0.002200 -0.477600
vn -0.939500 -0.020500 0.342000
vn -0.998200 -0.021800 -0.056100
vn -0.921700 -0.002200 0.387900
vn -0.998500 -0.002500 -0.055500
vn -0.896300 0.015300 0.443200
vn -0.999900 0.017100 0.000000
vn -0.939500 -0.020500 -0.342000
vn -0.921700 -0.002200 -0.387900
vn -0.899600 -0.017700 0.436300
vn -0.998200 -0.021800 0.056100
vn -0.878600 -0.002200 0.477600
vn -0.998500 -0.002500 0.055500
vn -0.891800 0.013400 0.452100
vn -0.921900 -0.018500 -0.386900
vn -0.940500 -0.000000 -0.339800
vn -0.879300 -0.012000 0.476200
vn -0.998400 -0.014900 0.054900
vn -0.901100 -0.000000 0.433500
vn -0.998500 0.002500 0.055500
vn -0.946800 0.013100 0.321400
vn -0.001300 -0.000500 1.000000
vn 0.001000 -0.000500 1.000000
vn 0.000900 0.000000 1.000000
vn 0.001500 -0.000400 1.000000
vn 0.001200 -0.000500 1.000000
vn 0.001200 -0.000000 1.000000
vn 0.000900 -0.000500 1.000000
vn 0.001700 -0.000400 1.000000
vn 0.001200 -0.000400 1.000000
vn 0.005100 -0.967300 0.253800
vn 0.000000 -0.958100 0.286500
vn 0.007500 -0.968400 -0.249500
vn -0.735600 0.677400 0.000000
vn 0.000000 -0.959900 -0.280300
vn -0.361300 0.932400 0.000000
vn -0.007200 -0.956700 -0.291000
vn -0.109800 0.994000 0.000000
vn 0.643900 -0.720700 -0.257000
vn 0.341700 -0.907300 -0.245000
vn 0.648600 -0.715700 0.258900
vn 0.668900 -0.743300 0.000000
vn 0.344900 -0.905500 0.247200
vn 0.354200 -0.935200 0.000000
vn 0.102600 -0.965600 0.239100
vn 0.105100 -0.994500 -0.000000
vn 0.007400 -0.974400 -0.224800
vn 0.000000 -0.982300 -0.187300
vn 0.006600 -0.973900 0.226900
vn -0.105300 -0.994400 0.000000
vn 0.000000 -0.982000 0.188800
vn -0.354300 -0.935100 0.000000
vn -0.006900 -0.990500 0.137500
vn -0.668800 -0.743400 0.000000
vn -0.349800 0.912600 0.211800
vn -0.357100 0.934100 0.000100
vn -0.327300 0.917200 0.227100
vn -0.338600 0.915100 0.219000
vn -0.333900 0.942600 0.000000
vn -0.345500 0.938400 0.000100
vn 0.007400 0.971200 -0.238100
vn 0.000000 0.985200 -0.171200
vn 0.327000 0.917300 0.227100
vn 0.333600 0.942700 -0.000000
vn 0.349400 0.912700 0.211800
vn 0.338300 0.915200 0.219000
vn 0.356700 0.934200 0.000100
vn 0.345200 0.938500 0.000100
vn 0.007700 0.990500 -0.136900
vn -0.339200 -0.897600 0.281600
vn -0.359600 -0.933100 -0.000200
vn -0.358200 -0.884600 0.298700
vn -0.348800 -0.891300 0.289600
vn -0.377700 -0.925900 0.000000
vn -0.368700 -0.929600 -0.000200
vn 0.005100 0.971400 0.237200
vn 0.001000 -0.000400 1.000000
vn 0.001500 -0.000300 1.000000
vn 0.001200 -0.000300 1.000000
vn -0.920200 -0.012700 0.391200
vn -0.899800 0.000000 0.436300
vn -0.921800 -0.019000 -0.387300
vn -0.991300 0.132000 -0.001300
vn -0.902900 0.000000 -0.429900
vn -0.993800 0.111300 -0.001300
vn -0.896300 0.018000 -0.443200
vn -0.998300 0.058400 0.000000
vn -0.939500 -0.149900 -0.308000
vn -0.930100 -0.092900 -0.355500
vn -0.938500 -0.150100 0.311000
vn -0.987400 -0.158100 0.000500
vn -0.928500 -0.093700 0.359300
vn -0.995000 -0.099900 0.000500
vn -0.927600 -0.014600 0.373400
vn -0.999900 -0.014900 0.000000
vn -0.936300 -0.018800 -0.350800
vn -0.955300 -0.000000 -0.295800
vn -0.934900 -0.016800 0.354600
vn -0.999900 0.015600 0.000500
vn -0.954300 0.000000 0.298700
vn -0.995000 0.099900 0.000500
vn -0.975300 0.017900 0.220100
vn -0.987500 0.157300 0.000000
vn 0.920200 0.012700 0.391200
vn 0.899800 0.000000 0.436300
vn 0.921800 0.019000 -0.387300
vn 0.991300 -0.132000 -0.001300
vn 0.902900 0.000000 -0.429900
vn 0.993800 -0.111300 -0.001300
vn 0.896200 -0.018000 -0.443200
vn 0.998300 -0.058400 -0.000000
vn 0.939500 0.149900 -0.308000
vn 0.930000 0.093000 -0.355500
vn 0.938400 0.150200 0.311100
vn 0.987400 0.158200 0.000500
vn 0.928500 0.093700 0.359300
vn 0.995000 0.099900 0.000500
vn 0.927500 0.014600 0.373400
vn 0.999900 0.014900 -0.000000
vn 0.936200 0.018800 -0.350900
vn 0.955200 0.000000 -0.295800
vn 0.934800 0.016800 0.354700
vn 0.999900 -0.015600 0.000500
vn 0.954300 0.000000 0.298700
vn 0.995000 -0.099900 0.000500
vn 0.975300 -0.017900 0.220100
vn 0.987500 -0.157400 -0.000000
vn 0.907900 0.133800 -0.397200
vn 0.898500 0.078000 -0.431900
vn 0.903700 0.133800 0.406600
vn 0.989100 0.147200 0.001500
vn 0.893200 0.079400 0.442600
vn 0.999900 0.012700 -0.000000
vn 0.904300 0.018200 -0.426600
vn 0.899100 0.012200 0.437500
vn 0.999900 -0.014700 0.001400
vn 0.996200 -0.087500 0.001500
vn 0.946900 -0.013100 0.321400
vn 0.989400 -0.145100 -0.000000
vn -0.907900 -0.133900 -0.397200
vn -0.898500 -0.078000 -0.431900
vn -0.903700 -0.133900 0.406600
vn -0.989100 -0.147300 0.001500
vn -0.893200 -0.079400 0.442600
vn -0.891800 -0.013400 0.452200
vn -0.999900 -0.012700 0.000000
vn -0.904300 -0.018200 -0.426600
vn -0.923900 -0.000000 -0.382600
vn -0.899100 -0.012200 0.437500
vn -0.999900 0.014700 0.001400
vn -0.920100 0.000000 0.391700
vn -0.996200 0.087600 0.001500
vn -0.946900 0.013100 0.321300
vn -0.989400 0.145100 0.000000
vn -0.001500 -0.000400 1.000000
vn 0.001600 -0.000400 1.000000
vn 0.001300 -0.000500 1.000000
vn -0.245900 0.927700 0.280800
vn -0.255000 0.966900 0.000200
vn -0.226900 0.929800 0.290000
vn -0.236400 0.928900 0.284900
vn -0.232500 0.972600 0.000000
vn -0.243800 0.969800 0.000200
vn 0.007300 0.965100 -0.261700
vn 0.000000 0.972700 -0.232000
vn 0.226400 0.929900 0.289900
vn 0.232100 0.972700 -0.000000
vn 0.245500 0.927900 0.280800
vn 0.236000 0.929100 0.284900
vn 0.254600 0.967000 0.000200
vn 0.007700 0.979400 -0.201900
vn -0.377600 -0.926000 0.000000
vn -0.007300 -0.956700 -0.291000
vn 0.444500 -0.833700 -0.327600
vn 0.232500 -0.924500 -0.301900
vn 0.454200 -0.825500 0.335000
vn 0.476300 -0.879300 0.000000
vn 0.237900 -0.920800 0.309000
vn 0.246900 -0.969000 0.000000
vn 0.071800 -0.952200 0.296900
vn 0.074100 -0.997200 -0.000000
vn 0.007300 -0.960200 -0.279300
vn 0.005000 -0.958200 0.285900
vn -0.074400 -0.997200 0.000000
vn 0.000000 -0.967600 0.252500
vn -0.247100 -0.969000 0.000000
vn -0.476300 -0.879300 0.000000
vn 0.000000 -0.970700 0.240400
vn -0.146600 -0.959300 0.241300
vn -0.007600 -0.971200 -0.238000
vn -0.995100 -0.099200 0.000100
vn 0.000000 -0.972100 -0.234700
vn -0.000400 -1.000000 0.000100
vn 0.994800 -0.102100 0.000300
vn 0.994800 -0.102100 -0.000000
vn -0.444500 -0.833700 0.327600
vn -0.232500 -0.924500 0.301900
vn -0.454200 -0.825500 -0.335000
vn -0.237900 -0.920800 -0.309000
vn -0.247000 -0.969000 -0.000000
vn -0.071900 -0.952200 -0.296900
vn -0.074200 -0.997200 0.000000
vn -0.007300 -0.960200 0.279300
vn 0.000000 -0.968900 0.247600
vn -0.004900 -0.958200 -0.285900
vn 0.074400 -0.997200 -0.000000
vn 0.000000 -0.967600 -0.252600
vn 0.247000 -0.969000 -0.000000
vn 0.005100 -0.978900 -0.204300
vn 0.476000 -0.879400 -0.000000
vn 0.246000 0.927700 -0.280800
vn 0.255100 0.966900 -0.000200
vn 0.226900 0.929700 -0.290000
vn 0.236500 0.928900 -0.284900
vn 0.232600 0.972600 0.000000
vn 0.243800 0.969800 -0.000200
vn -0.007400 0.965100 0.261700
vn -0.000000 0.972700 0.231900
vn -0.226400 0.929900 -0.289900
vn -0.232000 0.972700 0.000000
vn -0.245400 0.927900 -0.280800
vn -0.235900 0.929100 -0.284900
vn -0.254600 0.967100 -0.000200
vn -0.243300 0.970000 -0.000200
vn -0.007700 0.979400 0.202000
vn 0.000000 0.972700 0.232000
vn 0.089200 0.996000 -0.002000
vn 0.086100 0.996300 0.000100
vn -0.089500 0.996000 0.000000
vn 0.000800 1.000000 -0.002000
vn -0.086200 0.996300 0.000000
vn 0.000100 1.000000 0.000100
vn 0.001200 -0.000500 -1.000000
vn 0.000900 0.000000 -1.000000
vn -0.000900 -0.000500 -1.000000
vn -0.000900 0.000000 -1.000000
vn -0.001500 -0.000400 -1.000000
vn -0.001200 -0.000500 -1.000000
vn -0.001500 -0.000000 -1.000000
vn -0.001200 -0.000000 -1.000000
vn -0.001000 -0.000500 -1.000000
vn -0.001000 0.000000 -1.000000
vn -0.001200 -0.000400 -1.000000
vn -0.001600 0.000000 -1.000000
vn 1.000000 -0.007000 0.004500
vn 0.999900 -0.013800 0.003900
vn 0.999900 -0.013800 0.004200
vn 1.000000 0.000000 0.004000
vn 0.999900 0.013600 0.000000
vn 0.907900 -0.133800 0.397200
vn 0.898500 -0.077900 0.431900
vn 0.903700 -0.133800 -0.406600
vn 0.989100 -0.147200 -0.001500
vn 0.893200 -0.079400 -0.442600
vn 0.996200 -0.087400 -0.001500
vn 0.891800 -0.013300 -0.452200
vn 0.999900 -0.012700 -0.000000
vn 0.904300 -0.018200 0.426600
vn 0.923900 -0.000000 0.382600
vn 0.899100 -0.012200 -0.437500
vn 0.999900 0.014700 -0.001400
vn 0.920100 0.000000 -0.391700
vn 0.996200 0.087600 -0.001500
vn 0.946900 0.013100 -0.321400
vn -1.000000 0.000300 0.004200
vn -0.999900 0.014000 0.004000
vn -1.000000 0.007300 0.004100
vn -1.000000 0.000100 0.003900
vn -1.000000 0.000100 0.004100
vn -0.999900 -0.013600 -0.000100
vn -0.907900 0.134000 0.397200
vn -0.898500 0.078000 0.431900
vn -0.903700 0.134000 -0.406600
vn -0.989100 0.147400 -0.001500
vn -0.893200 0.079400 -0.442600
vn -0.996200 0.087500 -0.001500
vn -0.999900 0.012700 0.000000
vn -0.904300 0.018200 0.426600
vn -0.923900 0.000000 0.382700
vn -0.899100 0.012200 -0.437500
vn -0.999900 -0.014700 -0.001400
vn -0.920100 0.000000 -0.391800
vn -0.996200 -0.087500 -0.001500
vn -0.946900 -0.013100 -0.321400
vn 0.005100 -0.967200 0.253800
vn 0.000000 -0.958100 0.286600
vn -0.735500 0.677500 0.000000
vn -0.361200 0.932500 0.000000
vn -0.109700 0.994000 0.000000
vn 0.454300 -0.825500 0.335000
vn 0.476400 -0.879200 0.000000
vn 0.004900 -0.958200 0.285900
vn -0.005100 -0.978900 0.204300
vn -0.226800 0.929800 0.290000
vn 0.007400 0.965100 -0.261700
vn 0.007700 0.979400 -0.202000
vn -0.339000 -0.897700 0.281600
vn -0.359400 -0.933200 -0.000200
vn -0.358000 -0.884700 0.298600
vn -0.348600 -0.891400 0.289600
vn -0.377400 -0.926000 0.000000
vn -0.368500 -0.929600 -0.000200
vn -0.920200 -0.012700 0.391300
vn -0.921700 -0.019000 -0.387300
vn -0.991300 0.131900 -0.001300
vn -0.996200 0.087500 0.001500
vn -0.989400 0.145200 0.000000
vn 0.991200 -0.132100 -0.001300
vn 0.993800 -0.111500 -0.001300
vn 0.896300 -0.018000 -0.443200
vn 0.903700 0.133900 0.406600
vn 0.989100 0.147300 0.001500
vn -0.891900 0.013400 0.452100
vn -0.940500 0.000000 -0.339900
vn -0.879200 -0.012000 0.476200
vn -0.998400 -0.014900 0.054800
vn -0.998500 0.002500 0.055400
vn -0.454700 -0.825200 0.335100
vn -0.238100 -0.920800 0.309000
vn -0.445000 -0.833500 -0.327700
vn -0.476900 -0.879000 0.000000
vn -0.232700 -0.924500 -0.302000
vn -0.247200 -0.969000 0.000000
vn -0.070300 -0.954400 -0.290300
vn -0.007500 -0.956700 0.290900
vn 0.000000 -0.956800 0.290900
vn -0.000000 -0.954600 -0.297800
vn -0.005200 -1.000000 -0.000100
vn 0.002500 -0.954700 -0.297700
vn 0.005100 -1.000000 0.000000
vn -0.007300 -0.960200 0.279400
vn -0.000000 -0.967600 -0.252500
vn 0.005100 -0.978900 -0.204400
vn 0.476200 -0.879300 -0.000000
vn 0.245900 0.927700 -0.280800
vn 0.236400 0.928900 -0.284900
vn -0.007300 0.965100 0.261700
vn 0.003200 0.954700 -0.297700
vn 0.006600 1.000000 -0.000100
vn -0.003200 0.954700 -0.297700
vn 0.000000 0.954600 -0.297800
vn -0.006600 1.000000 -0.000100
vn -0.007500 0.956700 0.290900
vn -0.000000 0.956700 0.290900
vn -0.220200 0.933200 -0.283900
vn -0.234200 0.972200 0.000200
vn -0.242500 0.930200 -0.275400
vn -0.231400 0.932000 -0.279100
vn -0.253300 0.967400 0.000000
vn -0.005100 0.978900 0.204300
vn 0.001300 -0.000500 -1.000000
vn 0.903700 -0.133900 0.406600
vn 0.893200 -0.079500 0.442600
vn 0.907900 -0.133900 -0.397200
vn 0.989100 -0.147300 0.001500
vn 0.898500 -0.078000 -0.431900
vn 0.896300 -0.011200 -0.443200
vn 0.907900 -0.133900 0.397200
vn 0.898500 -0.078000 0.431900
vn 0.903700 -0.133900 -0.406600
vn 0.989100 -0.147300 -0.001500
vn 0.996200 -0.087500 -0.001500
vn 0.891800 -0.013400 -0.452200
vn 0.923900 -0.000000 0.382700
vn 0.996200 0.087500 -0.001500
vn -0.903700 0.134000 0.406600
vn -0.893200 0.079500 0.442600
vn -0.907900 0.133900 -0.397200
vn -0.989100 0.147400 0.001500
vn -0.898500 0.078000 -0.431900
vn -0.896300 0.011100 -0.443200
vn -0.999900 0.013000 -0.000800
vn -1.000000 0.000000 -0.004100
vn -1.000000 0.006600 -0.006000
vn -0.999900 0.013000 -0.004200
vn -1.000000 0.000000 -0.004200
vn -1.000000 -0.005500 0.000200
vn -0.999900 -0.010900 0.000000
vn -0.999800 0.020100 -0.007100
vn -1.000000 0.005600 -0.004200
vn -1.000000 0.000000 -0.004300
vn -1.000000 -0.006500 0.000000
vn -0.933900 -0.014500 -0.357300
vn -0.912600 -0.002500 -0.408900
vn -0.969400 -0.017200 0.244800
vn -0.998000 -0.017800 -0.060300
vn -0.953800 -0.002600 0.300400
vn -0.998200 -0.002700 -0.059200
vn -0.930800 0.011900 0.365500
vn -0.999900 0.012800 -0.000000
vn -0.969400 -0.017200 -0.244900
vn -0.953800 -0.002600 -0.300400
vn -0.933900 -0.014500 0.357300
vn -0.998000 -0.017800 0.060300
vn -0.912600 -0.002500 0.408900
vn -0.998200 -0.002700 0.059200
vn -0.925600 0.009800 0.378300
vn -0.953900 -0.015200 -0.299600
vn -0.970200 0.000000 -0.242400
vn -0.913400 -0.008400 0.407000
vn -0.998200 -0.010500 0.058300
vn -0.935400 0.000000 0.353500
vn -0.998200 0.002700 0.059200
vn -0.975000 0.009000 0.221900
vn 0.000200 -0.000600 -1.000000
vn -0.000200 -0.000600 -1.000000
vn -0.000000 -0.000600 -1.000000
vn -0.000300 -0.000100 -1.000000
vn -0.000200 0.000400 -1.000000
vn -0.000200 0.000000 -1.000000
vn -0.000100 0.000500 -1.000000
vn 0.000000 0.000600 -1.000000
vn -0.000300 0.000100 1.000000
vn -0.000300 -0.000300 1.000000
vn 0.000300 0.000000 -1.000000
vn -0.000300 -0.000500 -1.000000
vn -0.000300 0.000300 -1.000000
vn -0.878600 -0.002200 -0.477500
vn -0.901100 0.000000 0.433600
vn -0.946900 0.013100 0.321400
vn -0.007100 0.958300 -0.285800
vn -0.000900 0.948400 -0.317100
vn -0.008000 0.975800 0.218500
vn -0.008300 0.999400 -0.034600
vn -0.000900 0.968100 0.250600
vn 0.006200 0.956700 0.291000
vn 0.006500 1.000000 0.000000
vn -0.008000 0.975800 -0.218500
vn -0.000900 0.968100 -0.250600
vn -0.007100 0.958200 0.285900
vn -0.008300 0.999400 0.034500
vn -0.000900 0.948400 0.317000
vn 0.005400 0.954700 0.297700
vn 0.006800 0.951300 -0.308300
vn 0.000900 0.960700 -0.277500
vn 0.006100 0.967000 0.254700
vn 0.006300 0.999400 -0.034000
vn 0.000900 0.975500 0.220200
vn 0.000900 0.999400 -0.034200
vn -0.004700 0.978900 0.204200
vn -0.005600 -0.978800 0.204500
vn -0.006600 -0.999300 -0.037600
vn 0.007100 -0.975700 0.219100
vn 0.000800 -0.982500 0.186400
vn 0.008100 -1.000000 0.000000
vn 0.000900 -0.999300 -0.037100
vn 0.007300 -0.956700 -0.291000
vn 0.000000 -0.961600 -0.274300
vn 0.005300 -0.954700 0.297700
vn 0.006500 -1.000000 0.000000
vn -0.007100 -0.958200 0.285900
vn -0.000800 -0.949300 0.314300
vn -0.008400 -0.999300 0.037800
vn -0.000000 -0.975500 -0.219900
vn 0.006200 -0.956700 0.291000
vn 0.005600 -0.999300 -0.036900
vn -0.008100 -0.975100 0.221400
vn -0.000800 -0.968100 0.250600
vn -0.000900 -0.999300 -0.037300
vn -0.005100 -0.978900 -0.204300
vn 0.000000 -0.958900 -0.283800
vn -0.939500 -0.020500 0.342100
vn -0.939500 -0.020500 -0.342100
vn -0.899600 -0.017700 0.436400
vn -0.921900 -0.018500 -0.387000
vn -0.007100 -0.958200 -0.285900
vn -0.008400 -0.999300 -0.037800
vn 0.005300 -0.954600 -0.297700
vn -0.000800 -0.949300 -0.314300
vn 0.007400 -0.968200 0.249900
vn -0.000000 -0.975500 0.219900
vn -0.003200 -0.954700 -0.297700
vn -0.006600 -1.000000 0.000000
vn 0.003100 -0.912800 -0.408400
vn 0.000000 -0.912900 -0.408200
vn 0.006600 -0.991200 -0.132200
vn 0.000000 -0.991400 -0.130800
vn 0.007500 -0.968200 0.249900
vn -0.000000 -0.967900 0.251400
vn -0.006200 -0.956700 -0.291000
vn -0.005600 -0.999300 0.036900
vn 0.008100 -0.975100 -0.221400
vn 0.000800 -0.968100 -0.250600
vn 0.007400 -1.000000 -0.000000
vn 0.000900 -0.999300 0.037300
vn 0.007100 0.958200 0.285800
vn 0.000900 0.948400 0.317100
vn 0.008000 0.975800 -0.218500
vn 0.008300 0.999400 0.034600
vn 0.000900 0.968100 -0.250600
vn 0.000900 0.999400 0.034200
vn -0.006200 0.956700 -0.291000
vn -0.006500 1.000000 0.000000
vn 0.007600 0.979900 0.199200
vn -0.000000 0.979700 0.200400
vn 0.002400 0.922700 -0.385600
vn 0.005200 0.994700 -0.103000
vn 0.000000 0.922800 -0.385300
vn 0.000000 0.994800 -0.102100
vn -0.002500 0.954700 -0.297700
vn -0.005100 1.000000 0.000000
vn 0.007400 0.968200 0.250000
vn -0.000000 0.976200 0.217000
vn 0.004900 0.948700 -0.316000
vn 0.005600 0.999400 -0.033800
vn 0.000000 0.958900 -0.283800
vn -0.005100 0.978900 -0.204400
vn 0.899600 -0.017700 0.436300
vn 0.878600 -0.002200 0.477500
vn 0.939500 -0.020500 -0.342100
vn 0.998200 -0.021800 0.056100
vn 0.921700 -0.002200 -0.387900
vn 0.998500 -0.002500 0.055400
vn 0.896300 0.015300 -0.443200
vn 0.999900 0.017100 -0.000000
vn 0.987900 -0.013700 -0.154500
vn 0.987700 -0.000100 -0.156500
vn 0.985100 -0.007000 -0.171900
vn 0.986400 -0.007000 -0.164000
vn 0.985100 -0.000100 -0.171700
vn 0.986500 -0.000100 -0.164000
vn 1.000000 0.006800 -0.000200
vn 0.999900 0.013500 -0.000000
vn 0.987000 -0.019800 -0.159300
vn 0.987400 -0.000000 -0.158000
vn 0.986400 -0.006800 -0.163900
vn 0.985400 0.000000 -0.170200
vn 0.986500 0.000100 -0.163900
vn 0.000300 0.000100 -1.000000
vn -0.007100 -0.958300 -0.285800
vn -0.003400 -0.954700 -0.297700
vn -0.003600 -1.000000 0.000000
vn 0.008300 -0.942800 -0.333200
vn 0.002400 -0.909500 -0.415700
vn 0.009000 -0.999900 -0.007100
vn 0.002600 -1.000000 -0.003200
vn 0.000000 -0.943800 0.330400
vn -0.000000 -0.911800 0.410700
vn -0.003800 -0.903500 -0.428700
vn -0.004400 -1.000000 -0.002700
vn 0.004200 -0.956700 -0.291000
vn -0.000000 -0.903700 -0.428100
vn 0.004400 -1.000000 0.000000
vn 0.000000 -0.954700 0.297600
vn 0.000100 0.954100 0.299500
vn 0.000000 0.954100 0.299500
vn 0.000000 0.956200 -0.292800
vn 0.000100 1.000000 -0.000000
vn 0.000000 0.956700 -0.291000
vn -0.000100 1.000000 0.000000
vn 0.000000 0.988600 0.150600
vn -0.000000 0.965700 0.259600
vn 0.003800 0.988300 -0.152500
vn 0.003900 1.000000 -0.001400
vn 0.002900 0.964600 -0.263800
vn 0.003000 1.000000 -0.001100
vn 0.000900 0.954700 -0.297700
vn 0.000900 1.000000 0.000000
vn 1.000000 0.000000 -0.000400
vn 1.000000 -0.000400 0.006500
vn 1.000000 -0.000100 0.003000
vn 1.000000 0.000000 0.006400
vn 1.000000 -0.000000 0.003000
vn 1.000000 0.000400 -0.000100
vn 1.000000 0.000100 0.000000
vn 1.000000 0.000000 -0.005600
vn 1.000000 0.000000 -0.005700
vn 1.000000 0.000300 0.000800
vn 1.000000 0.000200 -0.002400
vn 1.000000 0.000000 0.000900
vn 1.000000 0.000000 -0.002400
vn 1.000000 -0.000300 0.000000
vn 1.000000 -0.000200 0.000000
vn 0.000100 0.000300 -1.000000
vn 0.000000 -0.000200 -1.000000
vn -0.454500 -0.825300 0.335100
vn -0.444700 -0.833600 -0.327600
vn -0.476600 -0.879100 0.000000
vn -0.643900 -0.720700 0.257000
vn -0.341700 -0.907300 0.245000
vn -0.648600 -0.715700 -0.258900
vn -0.668900 -0.743300 -0.000000
vn -0.344900 -0.905500 -0.247200
vn -0.354200 -0.935200 -0.000000
vn -0.102600 -0.965600 -0.239100
vn -0.105100 -0.994500 0.000000
vn -0.007400 -0.974400 0.224900
vn 0.000000 -0.982300 0.187300
vn -0.006600 -0.973900 -0.226900
vn 0.105300 -0.994400 -0.000000
vn 0.000000 -0.982000 -0.188800
vn 0.354300 -0.935100 -0.000000
vn 0.006900 -0.990500 -0.137500
vn 0.668800 -0.743400 -0.000000
vn 0.349800 0.912600 -0.211800
vn 0.357100 0.934100 -0.000100
vn 0.327300 0.917200 -0.227100
vn 0.338600 0.915100 -0.219000
vn 0.333900 0.942600 0.000000
vn 0.345500 0.938400 -0.000100
vn -0.007400 0.971200 0.238100
vn 0.000000 0.985200 0.171200
vn -0.327000 0.917300 -0.227100
vn -0.333600 0.942700 0.000000
vn -0.349400 0.912700 -0.211800
vn -0.338300 0.915200 -0.219000
vn -0.356700 0.934200 -0.000100
vn -0.345200 0.938500 -0.000100
vn -0.007700 0.990600 0.136900
vn -0.234100 0.972200 0.000200
vn -0.242400 0.930300 -0.275400
vn -0.231300 0.932000 -0.279100
vn -0.243700 0.969900 0.000200
vn 0.001100 -0.000400 -1.000000
vn -0.001100 -0.000400 -1.000000
vn -0.001600 -0.000300 -1.000000
vn -0.001400 -0.000400 -1.000000
vn -0.001300 -0.000000 -1.000000
vn -0.001000 -0.000300 -1.000000
vn -0.001300 -0.000300 -1.000000
vn -0.000100 0.000200 -1.000000
vn 0.896300 -0.011100 -0.443200
vn 0.939500 -0.149900 0.308000
vn 0.930100 -0.092900 0.355500
vn 0.938500 -0.150100 -0.311000
vn 0.987400 -0.158100 -0.000500
vn 0.928500 -0.093700 -0.359300
vn 0.995000 -0.099900 -0.000500
vn 0.927600 -0.014600 -0.373400
vn 0.999900 -0.014900 -0.000000
vn 0.936300 -0.018800 0.350800
vn 0.955300 0.000000 0.295800
vn 0.934900 -0.016800 -0.354600
vn 0.999900 0.015600 -0.000500
vn 0.954300 0.000000 -0.298700
vn 0.995000 0.099900 -0.000500
vn 0.975300 0.017900 -0.220100
vn 0.987500 0.157300 -0.000000
vn -0.903700 0.133900 0.406600
vn -0.893200 0.079400 0.442600
vn -0.989100 0.147300 0.001500
vn -0.939500 0.149900 0.308000
vn -0.930000 0.093000 0.355500
vn -0.938400 0.150200 -0.311100
vn -0.987400 0.158200 -0.000500
vn -0.928500 0.093700 -0.359300
vn -0.995000 0.099900 -0.000500
vn -0.927500 0.014600 -0.373400
vn -0.999900 0.014900 0.000000
vn -0.936200 0.018800 0.350900
vn -0.955200 0.000000 0.295800
vn -0.934800 0.016800 -0.354700
vn -0.999900 -0.015600 -0.000500
vn -0.954300 0.000000 -0.298700
vn -0.995000 -0.099900 -0.000500
vn -0.975300 -0.017900 -0.220100
vn -0.987500 -0.157400 0.000000
vn 0.000000 -1.000000 0.000300
vn -0.000000 -1.000000 0.000200
vn 0.002300 -1.000000 -0.000200
vn 0.005700 -1.000000 0.000100
vn 0.008000 -1.000000 -0.000000
vn 0.008900 -1.000000 0.000100
vn -0.456900 -0.826700 0.328200
vn -0.237900 -0.923300 0.301500
vn -0.460300 -0.821500 -0.336400
vn -0.489700 -0.871900 -0.000900
vn -0.240500 -0.919800 -0.309900
vn -0.252700 -0.967500 -0.000900
vn -0.072600 -0.952000 -0.297300
vn -0.075900 -0.997100 -0.000400
vn -0.004900 -0.958200 -0.286000
vn 0.076000 -0.997100 0.000500
vn 0.249900 -0.968300 0.002200
vn 0.482800 -0.875700 0.005200
vn 0.249000 0.927400 -0.279200
vn 0.261200 0.965300 0.002100
vn 0.229900 0.929400 -0.288700
vn 0.239500 0.928600 -0.283500
vn 0.238600 0.971100 0.001300
vn 0.249900 0.968300 0.001600
vn -0.007300 0.965100 0.261600
vn -0.229200 0.928900 -0.290800
vn -0.238100 0.971200 -0.001300
vn -0.248200 0.926900 -0.281600
vn -0.238700 0.928100 -0.285800
vn -0.260600 0.965400 -0.000700
vn -0.249300 0.968400 -0.001100
vn -0.007600 0.979400 0.202000
vn 0.013900 0.999900 0.000100
vn 0.010300 0.999900 0.000100
vn 0.001900 1.000000 -0.000200
vn 0.007900 1.000000 -0.000100
vn 0.007300 1.000000 0.000100
vn 0.008800 1.000000 0.000100
vn 0.000000 1.000000 0.000300
vn -0.000000 1.000000 0.000200
vn -0.001600 -0.000400 -1.000000
vn -0.001300 -0.000500 -1.000000
vn 0.999900 -0.007000 0.014900
vn 0.999900 0.000000 0.014800
vn 0.999700 -0.020600 0.015000
vn 0.999800 -0.013900 0.014900
vn 0.999700 0.020100 0.010900
vn 0.999800 0.013600 0.010700
vn 0.904400 -0.133300 0.405300
vn 0.894800 -0.077600 0.439700
vn 0.907300 -0.134400 -0.398500
vn 0.989100 -0.147300 0.009100
vn 0.897000 -0.079800 -0.434900
vn 0.996100 -0.087500 0.009200
vn 0.895700 -0.013400 -0.444500
vn 0.999900 -0.012700 0.010700
vn 0.900500 -0.018100 0.434500
vn 0.920400 0.000000 0.391100
vn 0.902900 -0.012300 -0.429600
vn 0.999800 0.014700 0.009300
vn 0.923600 0.000000 -0.383300
vn 0.996100 0.087500 0.009200
vn 0.949900 0.013100 -0.312200
vn 0.989400 0.145100 0.010600
vn -1.000000 0.007000 0.005000
vn -1.000000 0.000000 0.004900
vn -0.999800 0.020600 0.003500
vn -0.999900 0.013900 0.004200
vn -0.999800 -0.020100 -0.000500
vn -0.999900 -0.013600 0.000000
vn -0.907900 0.133800 0.397200
vn -0.903700 0.133900 -0.406600
vn -0.989100 0.147300 -0.001500
vn -0.006800 -0.981800 -0.190000
vn 0.000000 -0.973800 -0.227600
vn -0.007700 -0.982000 0.188700
vn 0.978500 0.206400 -0.000000
vn 0.000000 -0.974200 0.225600
vn 0.574300 0.818600 -0.000000
vn 0.007400 -0.971200 0.238100
vn 0.176700 0.984300 0.000000
vn -0.007800 -0.996100 0.088400
vn 0.000000 -0.984100 0.177700
vn -0.007100 -0.996100 -0.088500
vn -0.920600 0.390500 -0.000000
vn 0.000000 -0.983900 -0.178600
vn -0.965400 -0.260600 -0.000000
vn 0.006900 -0.970700 -0.240300
vn -0.597000 -0.802200 0.000000
vn -0.007400 -0.974100 0.225900
vn 0.000000 -0.981900 0.189300
vn -0.006600 -0.973600 -0.228100
vn 0.095300 -0.995400 -0.000000
vn 0.000000 -0.981600 -0.190800
vn 0.341100 -0.940000 -0.000000
vn 0.006800 -0.990100 -0.140000
vn 0.649500 -0.760400 0.000000
vn 0.337100 0.916900 -0.213600
vn 0.344300 0.938900 -0.000100
vn 0.314500 0.921400 -0.228200
vn 0.325800 0.919400 -0.220400
vn 0.321100 0.947100 -0.000000
vn 0.332700 0.943000 -0.000100
vn 0.000000 0.985000 0.172800
vn -0.959300 0.278900 -0.044600
vn -0.959900 0.280500 0.000000
vn -0.953100 0.302700 0.000000
vn -0.956400 0.291100 -0.022700
vn -0.953200 0.302300 -0.000000
vn -0.956600 0.291600 -0.000000
vn -0.007800 0.996500 0.082700
vn 0.000000 0.986700 0.162500
vn 0.573100 -0.792400 -0.208800
vn 0.588900 -0.808200 0.000100
vn 0.583900 -0.776900 -0.235600
vn 0.578700 -0.784800 -0.222000
vn 0.602400 -0.798200 0.000000
vn 0.595700 -0.803200 0.000100
vn -0.006800 0.984800 -0.173300
vn 0.000000 0.978300 -0.207200
vn 0.001400 -0.000300 -1.000000
vn 0.001700 -0.000000 -1.000000
vn 0.001000 -0.000400 -1.000000
vn 0.001400 -0.000400 -1.000000
vn -0.002800 -0.000400 -1.000000
vn -0.002800 0.000000 -1.000000
vn -0.002900 -0.000200 -1.000000
vn -0.003000 -0.000300 -1.000000
vn -0.003100 -0.000000 -1.000000
vn -0.002900 -0.000000 -1.000000
vn -0.002800 -0.000300 -1.000000
vn 0.953900 -0.017500 -0.299700
vn 0.934900 0.000000 -0.354800
vn 0.954200 -0.019700 0.298600
vn 0.991500 0.129900 0.000400
vn 0.935700 0.000000 0.352700
vn 0.993000 0.117900 0.000400
vn 0.928800 0.018700 0.370100
vn 0.998100 0.061300 0.000000
vn 0.937800 -0.149600 0.313300
vn 0.928300 -0.092400 0.360300
vn 0.936700 -0.149800 -0.316500
vn 0.987400 -0.158200 -0.000500
vn 0.926600 -0.093200 -0.364200
vn 0.995000 -0.099600 -0.000500
vn 0.925600 -0.014500 -0.378200
vn 0.934500 -0.018800 0.355600
vn 0.953600 0.000000 0.301000
vn 0.933000 -0.016700 -0.359600
vn 0.952600 0.000000 -0.304100
vn 0.995000 0.099600 -0.000500
vn 0.974100 0.017700 -0.225600
vn -0.953900 0.017500 -0.299700
vn -0.934900 0.000000 -0.354900
vn -0.954200 0.019700 0.298600
vn -0.991500 -0.130000 0.000400
vn -0.935700 0.000000 0.352700
vn -0.993000 -0.117900 0.000400
vn -0.928800 -0.018700 0.370200
vn -0.998100 -0.061400 0.000000
vn -0.999800 0.020100 -0.000300
vn -1.000000 0.000000 -0.000300
vn -0.999800 0.019100 -0.000300
vn -0.999800 0.019600 -0.000300
vn -0.999800 -0.018500 0.000000
vn -0.999800 -0.019000 0.000000
vn -0.999800 0.019000 -0.000300
vn 0.878600 -0.002200 0.477600
vn 0.998500 -0.002500 0.055500
vn 0.939500 -0.020500 0.342000
vn 0.921700 -0.002200 0.387900
vn 0.899600 -0.017700 -0.436300
vn 0.998200 -0.021800 -0.056100
vn 0.878600 -0.002200 -0.477600
vn 0.998500 -0.002500 -0.055500
vn 0.891800 0.013400 -0.452200
vn 0.921900 -0.018500 0.387000
vn 0.940500 0.000000 0.339800
vn 0.879300 -0.012000 -0.476200
vn 0.998400 -0.014900 -0.054900
vn 0.901100 0.000000 -0.433500
vn 0.998500 0.002500 -0.055500
vn 0.005600 -0.978800 -0.204500
vn 0.006600 -0.999300 0.037600
vn -0.007100 -0.975700 -0.219200
vn -0.000800 -0.982500 -0.186500
vn -0.008100 -1.000000 0.000000
vn -0.000900 -0.999300 0.037100
vn 0.000000 -0.961600 0.274300
vn -0.005300 -0.954600 -0.297700
vn -0.006500 -1.000000 0.000000
vn 0.007100 -0.958200 -0.285900
vn 0.000800 -0.949300 -0.314300
vn 0.008400 -0.999300 -0.037800
vn 0.000900 -0.999300 -0.037300
vn 0.000900 0.948400 0.317000
vn 0.008000 0.975800 0.218500
vn 0.000900 0.968100 0.250600
vn 0.007100 0.958300 -0.285800
vn 0.008300 0.999400 -0.034500
vn 0.000900 0.948400 -0.317000
vn -0.005400 0.954700 -0.297700
vn -0.006800 0.951300 0.308300
vn -0.000900 0.960700 0.277500
vn -0.006100 0.967000 -0.254700
vn -0.006300 0.999400 0.034000
vn -0.000900 0.975500 -0.220200
vn 0.004700 0.978900 -0.204200
vn 0.939500 -0.020500 -0.342000
vn 0.921900 -0.018500 0.386900
vn 0.879200 -0.012000 -0.476200
vn 0.901100 0.000000 -0.433600
vn 0.000200 -0.000300 1.000000
vn 0.000300 -0.000300 -1.000000
vn 0.921700 -0.002300 0.388000
vn 0.899700 -0.017800 -0.436100
vn 0.998200 -0.021900 -0.056000
vn 0.878700 -0.002200 -0.477400
vn 0.998500 -0.002500 -0.055400
vn 0.879300 -0.012000 -0.476100
vn 0.998400 -0.014900 -0.054800
vn 0.901200 0.000000 -0.433300
vn 0.998500 0.002500 -0.055300
vn 0.947000 0.013100 -0.321100
vn 0.878600 -0.002200 -0.477500
vn 0.940500 -0.000000 0.339900
vn 0.006600 -0.999300 0.038000
vn -0.007100 -0.975800 -0.218600
vn -0.000800 -0.982600 -0.185800
vn -0.000800 -0.999300 0.037600
vn 0.000000 -0.961600 0.274500
vn -0.005400 -0.954600 -0.297700
vn 0.007100 -0.958100 -0.286400
vn 0.000800 -0.949100 -0.314900
vn 0.008300 -0.999200 -0.038200
vn 0.000800 -0.999300 -0.037800
vn 0.000000 -0.975600 0.219700
vn -0.006300 -0.967700 -0.252100
vn -0.003300 -0.991300 0.131700
vn 0.006300 -0.956700 -0.290900
vn -0.000000 -0.968000 -0.250900
vn 0.003300 -1.000000 0.000000
vn 0.000000 -0.991200 0.132400
vn 0.000000 -0.954700 0.297700
vn 0.612400 -0.011300 -0.790500
vn 0.594100 0.000000 -0.804400
vn 0.828600 -0.017100 -0.559600
vn 0.713500 -0.011700 -0.700600
vn 0.852200 -0.000000 -0.523300
vn 0.713400 0.001900 -0.700800
vn 0.853500 0.017200 -0.520800
vn 0.707100 0.013900 -0.707000
vn 0.661300 -0.009500 -0.750100
vn 0.662000 -0.000200 -0.749500
vn 0.643600 -0.004900 -0.765400
vn 0.652200 -0.005000 -0.758000
vn 0.642200 -0.000200 -0.766600
vn 0.652300 -0.000200 -0.757900
vn 0.698200 0.004900 -0.715800
vn 0.707100 0.009600 -0.707000
vn 0.661100 -0.013300 -0.750200
vn 0.660100 0.000000 -0.751200
vn 0.642200 -0.000400 -0.766500
vn 0.652300 -0.004700 -0.758000
vn 0.644300 0.000000 -0.764800
vn 0.652200 0.000200 -0.758000
vn 0.702600 0.000400 -0.711500
vn 0.707100 0.010100 -0.707000
vn 0.009100 -0.999900 -0.009100
vn 0.000000 -1.000000 -0.009100
vn -0.009100 -1.000000 -0.000000
vn 0.008700 -0.960300 0.278800
vn 0.000000 -0.958000 0.286800
vn -0.008600 -0.958000 0.286800
vn -0.013100 -0.956700 0.290900
vn -0.013300 -0.969500 0.244900
vn 0.000000 -0.966200 0.257800
vn 0.013000 -0.969400 0.245200
vn 0.013300 -0.999800 -0.013300
vn -0.015700 -0.965900 0.258400
vn -0.016100 -0.999900 -0.000000
vn -0.001500 -0.999900 -0.014100
vn -0.001500 -0.972400 -0.233300
vn 0.234700 -0.972100 0.000000
vn 0.121100 -0.985200 -0.121100
vn 0.233600 -0.965100 -0.118200
vn 0.117300 -0.993100 0.000000
vn 0.118800 -0.963700 -0.239200
vn 0.000000 -0.992300 -0.123600
vn 0.116700 -0.985500 -0.122800
vn -0.007200 -1.000000 -0.000000
vn 0.000000 -0.978700 -0.205100
vn -0.204000 -0.957500 -0.204000
vn -0.205000 -0.978800 -0.000000
vn 0.203600 -0.979000 0.005100
vn 0.201100 -0.958700 0.201100
vn 0.005200 -0.979000 0.203700
vn 0.007800 -0.999900 0.007400
vn 0.023100 -0.999500 0.023100
vn 0.023000 -0.999700 0.007200
vn 0.000000 -1.000000 -0.007700
vn 0.007400 -0.999800 0.018100
vn -0.005900 -1.000000 0.000000
vn -0.005800 -1.000000 -0.005800
vn -0.007600 -0.999900 -0.007600
vn 0.007500 -0.956700 0.291000
vn -0.000000 -0.948400 0.317000
vn 0.029800 -0.950000 0.310800
vn 0.031900 -0.999500 0.000000
vn -0.046800 -0.957500 0.284500
vn -0.049600 -0.997500 -0.049600
vn 0.000000 -0.999200 -0.038900
vn 0.000000 -0.954700 -0.297700
vn -0.205100 0.978700 0.000000
vn -0.204000 0.957500 -0.204000
vn 0.000000 0.978700 -0.205100
vn 0.005200 0.979000 0.203600
vn 0.201100 0.958700 0.201100
vn 0.203700 0.979000 0.005100
vn 0.007400 0.999900 0.007800
vn 0.009000 0.999900 0.009000
vn 0.007400 0.999900 0.009000
vn -0.001300 1.000000 0.000000
vn 0.009000 0.999900 0.007400
vn 0.000000 1.000000 -0.001300
vn -0.001300 1.000000 -0.001300
vn -0.007600 0.999900 -0.007600
vn -0.000000 1.000000 0.007900
vn -0.195100 0.980800 0.000000
vn -0.192500 0.963300 -0.187300
vn 0.000000 0.989200 -0.146500
vn -0.017600 0.990500 0.136200
vn 0.107800 0.988300 0.107800
vn 0.108800 0.994000 -0.010000
vn 0.000000 0.999900 -0.010100
vn 0.000000 -0.976800 0.214300
vn 0.876100 0.422800 -0.231500
vn 0.898100 0.439200 -0.023000
vn 0.318400 0.918200 -0.235500
vn 0.327500 0.944800 0.008400
vn 0.536000 0.843500 0.033400
vn 0.522100 0.825300 0.215000
vn -0.014900 -0.971100 -0.238000
vn 0.203200 -0.979100 0.005200
vn 0.197900 -0.950700 -0.238600
vn 0.000000 -0.965200 -0.261500
vn 0.000000 -0.999700 0.025500
vn -0.801900 0.597100 0.020600
vn -0.796400 0.591800 0.124400
vn 0.014900 -0.971100 -0.238000
vn -0.015100 -0.980700 0.194900
vn 0.000000 -0.953400 0.301600
vn 0.601700 -0.713100 0.359800
vn 0.647100 -0.762200 -0.016600
vn -0.908400 0.256800 -0.330000
vn -0.963000 0.268400 -0.024700
vn 0.005200 -0.993700 -0.112300
vn -0.762400 0.005400 -0.647100
vn -0.774900 0.016000 -0.631900
vn -0.768800 0.010700 -0.639400
vn -0.774100 0.000000 -0.633000
vn -0.715700 -0.014400 -0.698200
vn -0.707100 -0.009700 -0.707100
vn -0.661400 0.009500 -0.750000
vn -0.662300 0.000200 -0.749300
vn -0.643500 0.005000 -0.765400
vn -0.652300 0.005000 -0.758000
vn -0.642000 0.000200 -0.766700
vn -0.652300 0.000200 -0.758000
vn -0.698000 -0.005000 -0.716100
vn -0.707100 -0.009600 -0.707100
vn -0.661200 0.013300 -0.750100
vn -0.660200 -0.000000 -0.751100
vn -0.642100 0.000400 -0.766700
vn -0.652300 0.004700 -0.758000
vn -0.644200 0.000000 -0.764900
vn -0.652300 -0.000200 -0.758000
vn -0.702500 -0.000400 -0.711600
vn -0.707100 -0.010100 -0.707100
vn 0.006800 -0.981800 0.190000
vn 0.000000 -0.973800 0.227600
vn 0.007600 -0.982000 -0.188700
vn -0.978400 0.206900 0.000000
vn 0.000000 -0.974200 -0.225600
vn -0.574400 0.818600 0.000000
vn -0.007400 -0.971200 -0.238100
vn -0.176800 0.984300 0.000000
vn 0.643300 -0.721200 -0.257000
vn 0.341400 -0.907400 -0.245000
vn 0.648000 -0.716200 0.259000
vn 0.668300 -0.743900 0.000000
vn 0.344500 -0.905600 0.247300
vn 0.353900 -0.935300 0.000000
vn 0.102400 -0.965600 0.239100
vn 0.104900 -0.994500 0.000000
vn 0.007400 -0.974400 -0.224900
vn 0.000000 -0.982300 -0.187400
vn 0.006600 -0.973900 0.227000
vn -0.105000 -0.994500 0.000000
vn -0.353900 -0.935300 0.000000
vn -0.668400 -0.743800 0.000000
vn -0.349400 0.912700 0.211800
vn -0.356700 0.934200 0.000100
vn -0.326900 0.917300 0.227200
vn -0.338200 0.915200 0.219100
vn -0.345200 0.938500 0.000100
vn 0.326600 0.917500 0.227100
vn 0.333300 0.942800 0.000000
vn 0.349100 0.912800 0.211800
vn 0.337900 0.915300 0.219100
vn 0.356400 0.934300 0.000100
vn 0.344900 0.938700 0.000100
vn 0.007700 0.990500 -0.137000
vn 0.000000 0.985200 -0.171300
vn -0.573000 -0.792500 0.208800
vn -0.588800 -0.808300 -0.000100
vn -0.583800 -0.777000 0.235600
vn -0.578600 -0.784800 0.222000
vn -0.602300 -0.798300 0.000000
vn -0.595600 -0.803200 -0.000100
vn 0.006800 0.984800 0.173300
vn -0.000000 0.978300 0.207200
vn -0.001500 -0.000300 1.000000
vn -0.953900 -0.017500 0.299700
vn -0.934900 0.000000 0.354800
vn -0.954200 -0.019700 -0.298600
vn -0.991500 0.129900 -0.000400
vn -0.935700 0.000000 -0.352700
vn -0.993000 0.117900 -0.000400
vn -0.928800 0.018700 -0.370100
vn -0.998100 0.061300 0.000000
vn -0.939500 -0.149900 -0.308100
vn -0.930000 -0.092900 -0.355600
vn -0.938400 -0.150100 0.311200
vn -0.928500 -0.093600 0.359400
vn -0.927500 -0.014600 0.373500
vn -0.936200 -0.018800 -0.350900
vn -0.955200 0.000000 -0.295900
vn -0.934800 -0.016800 0.354700
vn -0.954300 0.000000 0.298800
vn -0.975300 0.017900 0.220200
vn 0.953900 0.017500 0.299700
vn 0.934900 0.000000 0.354900
vn 0.954200 0.019700 -0.298600
vn 0.991500 -0.130000 -0.000400
vn 0.935700 0.000000 -0.352700
vn 0.993000 -0.117900 -0.000400
vn 0.928800 -0.018700 -0.370200
vn 0.998100 -0.061400 0.000000
vn 0.939500 0.149900 -0.308100
vn 0.930000 0.092900 -0.355700
vn 0.938400 0.150100 0.311200
vn 0.928500 0.093700 0.359400
vn 0.927500 0.014600 0.373500
vn 0.936200 0.018800 -0.351000
vn 0.955200 0.000000 -0.295900
vn 0.934800 0.016800 0.354800
vn 0.954300 0.000000 0.298900
vn 0.975300 -0.017900 0.220200
vn 0.930000 0.092900 -0.355500
vn -0.978500 0.206400 0.000000
vn -0.574300 0.818600 0.000000
vn -0.176700 0.984300 0.000000
vn 0.643800 -0.720700 -0.257000
vn 0.341800 -0.907300 -0.245000
vn 0.648600 -0.715800 0.258900
vn 0.668900 -0.743400 0.000000
vn -0.007100 0.958200 -0.285800
vn -0.007100 0.958200 0.285800
vn -0.008300 0.999400 0.034600
vn -0.000900 0.948400 0.317100
vn 0.005100 0.948100 -0.318000
vn 0.000300 0.951200 -0.308700
vn 0.004300 0.965400 0.260800
vn 0.004400 0.999300 -0.036400
vn 0.000300 0.968200 0.250100
vn 0.000300 0.999300 -0.036500
vn -0.003800 0.963500 0.267600
vn -0.004400 -0.963500 0.267700
vn -0.005500 -0.999100 -0.041300
vn 0.004900 -0.971200 0.238300
vn 0.000300 -0.973700 0.227700
vn 0.006100 -1.000000 0.000000
vn 0.000300 -0.999200 -0.041100
vn 0.005900 -0.956700 -0.291000
vn 0.000000 -0.955700 -0.294200
vn -0.007100 -0.958300 0.285800
vn -0.005100 -0.978900 -0.204400
vn -0.990200 -0.005700 -0.139400
vn -0.992200 -0.011100 -0.124000
vn -0.991100 -0.011100 -0.132400
vn -0.992200 -0.000100 -0.124900
vn -0.991300 -0.000100 -0.131800
vn -0.999900 0.010800 0.000300
vn -0.999900 0.010800 -0.000000
vn -0.999700 -0.016600 -0.020300
vn -0.999800 0.000000 -0.020600
vn -0.999600 -0.018300 -0.020100
vn -0.999600 -0.017400 -0.020200
vn -0.999800 0.000000 -0.020500
vn -0.999800 0.017600 -0.000000
vn -0.999900 0.016800 0.000000
vn -0.999600 -0.016800 -0.021000
vn -0.999600 -0.018500 -0.020900
vn -0.999600 -0.017600 -0.020900
vn -0.999800 0.019100 -0.000000
vn -0.999800 0.018300 -0.000000
vn -0.004300 -1.000000 -0.000000
vn -0.003900 -1.000000 0.000000
vn 0.009100 -0.976900 0.213700
vn 0.002600 -0.993500 0.114200
vn 0.009000 -0.999900 0.012300
vn 0.002600 -0.999900 0.012500
vn 0.006000 -0.982300 -0.187200
vn 0.000000 -0.996100 -0.088600
vn 0.004300 -0.954700 0.297700
vn 0.005500 -1.000000 0.000000
vn -0.004900 -0.945400 0.326000
vn -0.000300 -0.942200 0.335000
vn -0.006100 -0.999100 0.041300
vn -0.000300 -0.999200 0.041100
vn -0.006000 -0.964900 -0.262500
vn 0.000000 -0.965900 -0.259000
vn 0.005300 -0.956700 0.291000
vn 0.004500 -0.999100 -0.041000
vn -0.005900 -0.965700 0.259700
vn -0.000300 -0.963100 0.269000
vn -0.005100 -1.000000 0.000000
vn -0.000300 -0.999200 -0.041100
vn -0.003300 -0.963600 -0.267400
vn -0.000000 -0.945700 -0.325100
vn -0.004600 0.948500 -0.316900
vn -0.000300 0.945300 -0.326300
vn -0.005600 0.969200 0.246200
vn -0.005800 0.999300 -0.036600
vn -0.000300 0.966700 0.256000
vn -0.000300 0.999300 -0.036400
vn 0.004900 0.956700 0.291000
vn 0.005100 1.000000 0.000000
vn -0.005600 0.969200 -0.246200
vn -0.000300 0.966700 -0.256000
vn -0.004600 0.948500 0.316900
vn -0.005800 0.999300 0.036600
vn -0.000300 0.945200 0.326400
vn -0.000300 0.999300 0.036400
vn 0.004100 0.954700 0.297700
vn 0.007200 0.969800 -0.243700
vn 0.003100 0.992000 -0.126300
vn 0.007600 0.963000 0.269200
vn 0.007500 0.999900 0.012300
vn 0.003100 0.988500 0.151100
vn 0.003100 0.999900 0.012500
vn -0.003300 1.000000 0.000000
vn 0.000100 0.000500 1.000000
vn 0.000200 0.000600 1.000000
vn -0.000200 0.000600 1.000000
vn -0.000000 0.000600 1.000000
vn -0.000200 -0.000400 1.000000
vn -0.000100 -0.000500 1.000000
vn 0.000000 -0.000600 1.000000
vn 0.005600 -0.978900 -0.204500
vn 0.006600 -0.999300 0.037500
vn -0.007100 -0.975600 -0.219300
vn -0.000800 -0.982400 -0.186500
vn -0.000900 -0.999300 0.037000
vn 0.007100 -0.958300 -0.285800
vn 0.007100 0.958200 0.285900
vn -0.006200 0.956700 -0.290900
vn 0.007100 0.958200 -0.285800
vn 0.000900 0.948400 -0.317100
vn -0.005400 0.954600 -0.297700
vn -0.006800 0.951300 0.308200
vn -0.000900 0.960700 0.277400
vn -0.006100 0.967000 -0.254800
vn -0.006300 0.999400 0.033900
vn -0.000900 0.975400 -0.220300
vn 0.891800 0.013400 -0.452100
vn 0.000000 0.954600 -0.297700
vn -0.009100 1.000000 0.000000
vn 0.000000 1.000000 -0.009100
vn 0.009100 0.999900 -0.009200
vn -0.008600 0.958000 0.286800
vn 0.000000 0.958000 0.286800
vn 0.008700 0.960300 0.278800
vn 0.013400 0.960300 0.278700
vn 0.013600 0.972900 0.230900
vn 0.000000 0.965700 0.259700
vn -0.016000 0.965800 0.258600
vn -0.016500 0.999900 0.000000
vn 0.016600 0.969300 0.245200
vn 0.017000 0.999700 -0.017000
vn -0.001500 0.999900 -0.016000
vn -0.001500 0.972400 -0.233200
vn -0.132100 0.964000 0.230600
vn -0.061700 0.998100 0.000000
vn -0.136000 0.988500 0.066900
vn -0.057700 0.996700 0.057700
vn -0.061000 0.981600 -0.181000
vn 0.000000 0.982200 -0.187600
vn -0.057600 0.990500 -0.125200
vn 0.006800 0.990100 -0.140000
vn -0.906100 -0.012600 0.422800
vn -0.884800 -0.000000 0.465900
vn -0.936900 0.019300 -0.349000
vn -0.995900 0.081000 0.039900
vn -0.916900 0.000000 -0.399000
vn -0.997900 0.051100 0.039900
vn -0.905300 -0.018200 -0.424400
vn -0.999600 0.007300 0.025600
vn -0.960800 0.019800 -0.276400
vn -0.943400 0.000000 -0.331600
vn -0.946900 0.017400 0.321100
vn -0.998300 -0.052900 0.024700
vn -0.927000 0.000000 0.375000
vn -0.998200 -0.055100 0.024700
vn -0.919200 -0.016500 0.393400
vn -0.999000 -0.038000 0.025600
vn -0.943500 0.036500 -0.329400
vn -0.961900 0.052900 -0.268300
vn -0.927200 0.035400 0.372800
vn -0.998900 0.038700 0.024700
vn -0.948100 0.052500 0.313600
vn -0.998200 0.055100 0.024700
vn -0.970800 0.051600 0.234400
vn -0.998300 0.052200 0.025600
vn 0.929100 -0.012900 -0.369600
vn 0.909300 0.000000 -0.416200
vn 0.912700 -0.018800 0.408100
vn 0.998200 0.052600 0.028300
vn 0.893300 -0.000000 0.449500
vn 0.998300 0.051000 0.028400
vn 0.887000 0.017800 0.461400
vn 0.999000 0.036200 0.025600
vn 0.960800 -0.019800 -0.276400
vn 0.943400 -0.000000 -0.331700
vn 0.946900 -0.017400 0.321200
vn 0.998300 0.052900 0.024700
vn 0.927000 0.000000 0.375000
vn 0.998200 0.055100 0.024700
vn 0.919200 0.016500 0.393400
vn 0.999000 0.038000 0.025600
vn 0.943500 -0.036500 -0.329400
vn 0.961900 -0.052900 -0.268300
vn 0.927200 -0.035400 0.372900
vn 0.998900 -0.038700 0.024700
vn 0.948100 -0.052600 0.313600
vn 0.998200 -0.055100 0.024700
vn 0.970800 -0.051600 0.234400
vn 0.998300 -0.052200 0.025600
vn -0.006900 0.990500 0.137500
vn 0.898300 -0.438900 -0.023000
vn 0.876300 -0.422500 -0.231500
vn 0.000000 0.976800 0.214300
vn 0.536200 -0.843400 0.033400
vn 0.327800 -0.944700 0.008400
vn 0.318700 -0.918100 -0.235500
vn 0.006600 0.970700 0.240100
vn -0.000000 0.970800 0.240000
vn -0.010900 0.999900 -0.000300
vn -0.000000 1.000000 -0.000600
vn 0.010900 0.999900 -0.000300
vn -0.010600 0.971200 -0.238200
vn 0.000000 0.971300 -0.237900
vn 0.010600 0.971200 -0.238200
vn 0.015000 0.971100 -0.238000
vn -0.006600 0.970700 0.240100
vn -0.743100 -0.668900 0.019100
vn -0.730600 -0.658200 -0.181600
vn 0.000000 0.978300 0.207000
vn -0.536300 -0.844100 0.000800
vn -0.639200 -0.768900 -0.016400
vn -0.625900 -0.746300 -0.226500
vn 0.006900 0.990500 0.137600
vn -0.005800 1.000000 0.000200
vn -0.001300 1.000000 -0.000100
vn -0.008800 1.000000 0.000600
vn -0.007300 1.000000 0.000400
vn -0.013300 0.999900 -0.000100
vn -0.007300 1.000000 -0.000100
vn -0.007600 1.000000 -0.000500
vn -0.005800 1.000000 0.000800
vn -0.001100 1.000000 -0.000100
vn -0.008900 1.000000 0.001300
vn -0.007300 1.000000 0.001000
vn -0.013700 0.999900 -0.000100
vn -0.007800 1.000000 -0.001100
vn 0.000000 1.000000 -0.000900
vn 0.003200 1.000000 0.000100
vn -0.006400 0.956700 -0.290900
vn -0.000100 0.956700 -0.290900
vn -0.003400 1.000000 0.000000
vn -0.000100 1.000000 0.000100
vn 0.912200 -0.077100 0.402300
vn 0.896000 -0.042100 0.442000
vn 0.917100 -0.078200 -0.390900
vn 0.996300 -0.085700 0.002900
vn 0.902200 -0.041400 -0.429300
vn 0.998900 -0.046400 0.002900
vn 0.896400 0.001600 -0.443300
vn 1.000000 0.001600 0.000000
vn 0.999800 -0.020600 -0.007700
vn 1.000000 0.000000 -0.007500
vn 0.999900 -0.007100 -0.009200
vn 0.999900 -0.013900 -0.008400
vn 1.000000 -0.000100 -0.009300
vn 1.000000 -0.000100 -0.008300
vn 1.000000 0.006900 -0.000500
vn 0.999900 -0.013700 -0.007200
vn 1.000000 -0.000100 -0.007200
vn 1.000000 -0.000000 -0.009400
vn 0.999900 -0.007000 -0.008300
vn 1.000000 0.000000 -0.009500
vn 1.000000 0.000000 -0.000800
vn -0.002900 -1.000000 0.003300
vn 0.000100 -1.000000 0.003100
vn -0.007800 -1.000000 0.002600
vn -0.005500 -1.000000 0.003000
vn -0.007800 -1.000000 -0.003300
vn 0.000000 -1.000000 -0.002900
vn -0.002200 -1.000000 -0.002600
vn -0.004800 -1.000000 -0.002900
vn -0.000300 -1.000000 -0.002900
vn -0.000300 -1.000000 -0.003000
vn 0.001900 -1.000000 -0.000700
vn 0.004500 -1.000000 0.000000
vn -0.005000 -1.000000 -0.002300
vn 0.000000 -1.000000 -0.002300
vn 0.000000 -1.000000 -0.003500
vn -0.002400 -1.000000 -0.003000
vn 0.000000 -1.000000 -0.000400
vn -0.978700 -0.004100 0.205300
vn -0.854800 -0.014200 0.518800
vn -1.000000 0.004100 0.000600
vn -0.978800 0.000000 0.204800
vn -0.999900 0.016100 0.000000
vn -0.857200 -0.000000 0.515000
vn -0.999800 0.020100 -0.000600
vn -0.982000 0.000000 0.188800
vn -1.000000 -0.004100 0.000600
vn -0.999900 -0.016100 -0.000000
vn -0.978700 0.004100 0.205300
vn -0.978800 0.000000 0.204700
vn -0.854800 0.014200 0.518800
vn -0.981400 0.020200 0.191000
vn -0.982100 -0.015900 -0.187900
vn -0.857700 -0.003600 -0.514200
vn -0.999900 0.016400 -0.000200
vn -0.981900 0.000000 -0.189600
vn -1.000000 0.004100 0.000000
vn -0.857100 0.000000 -0.515100
vn -1.000000 0.000000 0.000200
vn -0.979000 -0.000000 -0.203600
vn 0.001600 1.000000 -0.001800
vn 0.006200 1.000000 -0.005300
vn -0.001500 1.000000 0.000000
vn 0.000000 1.000000 -0.001800
vn -0.006100 1.000000 0.000000
vn 0.000000 1.000000 -0.005300
vn -0.007600 1.000000 -0.000000
vn 0.000000 1.000000 -0.001700
vn 0.001500 1.000000 -0.000000
vn 0.006100 1.000000 0.000000
vn -0.001600 1.000000 -0.001800
vn -0.006200 1.000000 -0.005300
vn -0.007800 1.000000 -0.001800
vn 0.006100 1.000000 0.001700
vn 0.001500 1.000000 0.005300
vn -0.006300 1.000000 0.000100
vn -0.001600 1.000000 0.000000
vn 0.978800 -0.004100 -0.205000
vn 0.854900 -0.014200 -0.518700
vn 1.000000 0.004100 -0.000100
vn 0.978900 0.000000 -0.204500
vn 0.999900 0.016100 0.000000
vn 0.857200 0.000000 -0.514900
vn 0.999800 0.020100 0.000100
vn 0.982000 0.000000 -0.189100
vn 1.000000 -0.004100 -0.000100
vn 0.999900 -0.016100 0.000000
vn 0.978800 0.004100 -0.204600
vn 0.979000 0.000000 -0.204100
vn 0.854800 0.014200 -0.518800
vn 0.857100 0.000000 -0.515100
vn 0.981300 0.020200 -0.191600
vn 0.981900 0.000000 -0.189300
vn 0.982000 -0.015900 0.188000
vn 0.857600 -0.003600 0.514200
vn 0.999900 0.016400 0.000500
vn 0.981800 0.000000 0.189800
vn 1.000000 0.004100 0.000000
vn 0.002400 0.922200 0.386700
vn 0.000000 0.922400 0.386300
vn 0.007600 0.980200 -0.198000
vn 0.005200 0.994500 0.104200
vn -0.000000 0.980000 -0.199200
vn 0.000000 0.994600 0.103400
vn -0.007300 0.956700 -0.291000
vn 0.008000 0.975900 0.218100
vn 0.000900 0.968200 0.250200
vn 0.007100 0.958100 -0.286200
vn 0.008300 0.999400 -0.035000
vn 0.000900 0.948300 -0.317400
vn 0.000900 0.999400 -0.034500
vn -0.006800 0.951100 0.308700
vn -0.000900 0.960600 0.277800
vn -0.006100 0.967100 -0.254300
vn -0.006300 0.999400 0.034300
vn -0.000900 0.975500 -0.219800
vn -0.000900 0.999400 0.034700
vn 0.985100 -0.007000 0.171900
vn 0.987900 -0.013700 0.154500
vn 0.986400 -0.007000 0.163900
vn 0.987700 -0.000100 0.156600
vn 0.986500 -0.000100 0.163900
vn 0.999900 0.013500 -0.000100
vn 0.946800 0.013100 -0.321400
vn 0.000000 -0.954600 0.297800
vn -0.007500 -0.956700 -0.290900
vn -0.005200 -1.000000 0.000100
vn 0.000000 -0.956700 -0.290900
vn 0.004900 -0.956700 -0.291000
vn -0.007800 -1.000000 -0.000100
vn -0.002600 -1.000000 -0.000100
vn 0.005200 -1.000000 0.000000
vn -0.007600 -1.000000 -0.000100
vn 0.002500 -1.000000 0.000000
vn 0.001800 -0.000500 1.000000
vn 0.001700 0.000000 1.000000
vn 0.002300 -0.000400 1.000000
vn 0.002100 -0.000500 1.000000
vn 0.002500 -0.000000 1.000000
vn 0.002000 -0.000000 1.000000
vn 0.001700 -0.000500 1.000000
vn 0.002400 -0.000400 1.000000
vn 0.002000 -0.000400 1.000000
vn 0.002300 0.000000 1.000000
vn 0.001900 0.000000 1.000000
vn -0.999900 0.006800 0.010500
vn -1.000000 0.000100 0.008700
vn -0.999900 0.013400 0.004500
vn -0.999900 0.013500 0.008300
vn -1.000000 0.000100 0.008000
vn -1.000000 0.000100 0.008300
vn -0.999900 -0.012100 0.000000
vn -0.999800 0.020600 -0.008200
vn -1.000000 0.000000 -0.008100
vn -0.999900 0.006900 -0.008600
vn -0.999900 0.013800 -0.008400
vn -1.000000 0.000000 -0.008600
vn -1.000000 0.000000 -0.008300
vn -1.000000 -0.006900 0.000000
vn -0.999900 -0.013500 0.000000
vn -0.999900 0.013700 -0.007900
vn -1.000000 0.000000 -0.007900
vn -1.000000 0.000000 -0.008800
vn -0.999900 0.007000 -0.008300
vn -0.001600 0.000300 1.000000
vn -0.899600 0.017700 -0.436300
vn -0.001500 0.000400 1.000000
vn -0.005100 -0.967300 0.253800
vn 0.364000 -0.880200 -0.304700
vn -0.920200 0.012700 0.391300
vn 0.920200 -0.012700 0.391200
vn -0.920100 0.012700 0.391400
vn 0.364100 -0.880100 -0.304700
vn -0.127800 -0.991800 0.006700
vn -0.128100 0.991700 0.006700
vn 0.001500 0.000400 -1.000000
vn 1.000000 0.007100 0.004500
vn -1.000000 0.000400 0.004300
vn -0.005100 -0.967300 0.253700
vn 0.364200 -0.880000 -0.304800
vn -0.001600 0.000400 1.000000
vn 0.454100 -0.825600 0.335000
vn 0.245500 0.927800 0.280800
vn 0.001600 0.000400 -1.000000
vn -0.903700 -0.134000 0.406600
vn -0.933900 0.014500 -0.357300
vn -0.899600 0.017700 -0.436400
vn -0.005100 0.975200 -0.221300
vn -0.005600 -0.978800 -0.204500
vn -0.007100 0.958300 0.285800
vn 0.899600 0.017700 0.436300
vn 0.001600 0.000300 -1.000000
vn 0.012500 -0.999900 0.000000
vn 0.008100 1.000000 -0.000100
vn 0.999900 0.007000 0.014900
vn -1.000000 -0.007000 0.005000
vn 0.006800 -0.981800 -0.190000
vn -0.588000 -0.773300 0.237300
vn 0.001500 0.000300 -1.000000
vn 0.953900 0.017500 -0.299700
vn -0.953900 -0.017500 -0.299700
vn 0.005600 -0.978900 0.204500
vn 0.005100 0.975200 0.221300
vn 0.005600 -0.978800 0.204500
vn 0.001100 0.000400 1.000000
vn 0.001000 0.000300 1.000000
vn 0.612400 0.011300 -0.790500
vn -0.762400 -0.005400 -0.647100
vn -0.006800 -0.981800 0.190000
vn 0.588000 -0.773300 -0.237300
vn -0.953900 0.017500 0.299700
vn 0.953900 -0.017500 0.299700
vn -0.003400 0.968100 -0.250600
vn -0.004400 -0.963500 -0.267700
vn -0.990200 0.005700 -0.139300
vn -0.002100 -0.975400 -0.220400
vn -0.002000 0.975100 -0.221800
vn 0.899600 0.017700 0.436400
vn -0.906100 0.012600 0.422800
vn 0.929100 0.012900 -0.369600
vn 0.240000 0.929500 0.280000
vn 0.912200 0.077100 0.402300
vn 0.002400 -1.000000 0.002800
vn -0.979100 -0.004000 -0.203500
vn 0.001600 1.000000 0.001800
vn 0.979000 -0.004000 0.203800
vn 0.005100 0.975300 0.220900
vn 0.985100 0.007000 0.171900
vn 0.442500 -0.832400 0.333700
vn -0.999900 -0.006800 0.010500
vn -0.879300 0.012000 -0.476200
vn -0.921900 0.018500 -0.387000
vn -0.939500 0.020500 -0.342000
vn -0.001700 0.000400 1.000000
vn 0.000900 0.000500 1.000000
vn 0.001000 0.000500 1.000000
vn -0.105900 0.948500 -0.298600
vn -0.007400 -0.974400 -0.224800
vn -0.643900 -0.720700 -0.257000
vn -0.347700 0.913700 -0.210200
vn 0.324200 0.920700 -0.217300
vn -0.348400 -0.892300 -0.287200
vn 0.001000 0.000400 1.000000
vn -0.900300 0.050900 0.432200
vn -0.936300 0.018800 -0.350800
vn -0.939500 0.149900 -0.308000
vn 0.900300 -0.050900 0.432200
vn 0.936200 -0.018800 -0.350900
vn 0.939500 -0.149900 -0.308000
vn -0.907900 0.133900 -0.397100
vn 0.219800 0.933300 -0.283800
vn -0.000000 -0.969800 0.243900
vn 0.007300 -0.960200 0.279400
vn 0.444400 -0.833800 0.327600
vn 0.242600 0.930200 0.275400
vn -0.219800 0.933400 0.283800
vn 0.086100 0.996300 -0.000000
vn -0.001000 0.000500 -1.000000
vn -0.000900 0.000500 -1.000000
vn 0.904300 0.018200 0.426600
vn 0.907900 0.133900 0.397100
vn -1.000000 -0.007000 0.004300
vn -0.904300 -0.018200 0.426600
vn -0.907900 -0.133900 0.397200
vn -0.105800 0.948500 -0.298600
vn -0.242500 0.930300 -0.275400
vn -0.348200 -0.892300 -0.287200
vn -0.907900 0.134000 -0.397200
vn 0.900300 -0.051000 0.432200
vn -0.879200 0.012000 -0.476200
vn -0.921900 0.018500 -0.386900
vn 0.007300 -0.956700 0.290900
vn 0.444600 -0.833700 0.327600
vn 0.242500 0.930200 0.275400
vn 0.907900 0.133900 0.397200
vn -0.999800 -0.020100 -0.007100
vn -0.999900 -0.013000 -0.000700
vn -0.913400 0.008400 -0.407100
vn -0.954000 0.015200 -0.299600
vn -0.969400 0.017200 -0.244900
vn 0.000200 0.000600 -1.000000
vn -0.939500 0.020500 -0.342100
vn 0.004900 0.948700 -0.316100
vn -0.007500 0.960000 -0.279900
vn -0.006500 -0.979500 -0.201500
vn -0.006300 -0.967500 0.252700
vn -0.005300 -0.954600 0.297700
vn -0.004900 0.948700 0.316000
vn -0.005000 0.979500 0.201200
vn 0.879300 0.012000 0.476200
vn 0.987000 0.019800 -0.159400
vn 0.987900 0.013700 -0.154400
vn -0.003300 -0.911500 0.411200
vn -0.004200 -0.954700 0.297700
vn 0.000800 0.965800 0.259400
vn 1.000000 -0.000200 -0.005700
vn 0.000100 -0.000300 -1.000000
vn 0.000100 -0.000500 -1.000000
vn 0.007400 -0.974400 0.224900
vn 0.643900 -0.720700 0.257000
vn 0.347700 0.913700 0.210200
vn -0.324200 0.920700 0.217300
vn -0.001000 0.000300 -1.000000
vn -0.001200 0.000400 -1.000000
vn 0.936300 0.018800 0.350800
vn 0.939500 0.149900 0.308000
vn -0.936200 -0.018800 0.350900
vn -0.939500 -0.149900 0.308000
vn 0.010900 -0.999900 0.000200
vn 0.007300 -0.960100 0.279400
vn 0.456200 -0.825400 0.332600
vn 0.248100 0.927900 0.278300
vn -0.225600 0.932400 0.282300
vn 0.010300 0.999900 0.000200
vn 0.900500 0.018100 0.434500
vn 0.904400 0.133400 0.405300
vn 0.172300 0.955100 0.241000
vn -0.584100 -0.791700 0.179200
vn 0.624700 -0.736400 0.259800
vn 0.335100 0.918000 0.211900
vn -0.958700 0.281000 0.044600
vn 0.577800 -0.788700 0.210000
vn -0.002700 0.000300 -1.000000
vn -0.002900 0.000400 -1.000000
vn 0.934600 0.056900 -0.351100
vn 0.934500 0.018800 0.355600
vn 0.937800 0.149600 0.313300
vn -0.934600 -0.057000 -0.351200
vn -0.999800 -0.020100 -0.000300
vn 0.921900 0.018500 0.387000
vn 0.939500 0.020500 0.342000
vn 0.006500 -0.979500 0.201600
vn -0.006200 -0.956700 0.291000
vn -0.007400 0.968200 0.250000
vn 0.007500 0.960000 0.279900
vn -0.003200 -0.954700 0.297700
vn 0.594300 0.011700 -0.804100
vn 0.661000 0.013300 -0.750300
vn 0.661300 0.009500 -0.750100
vn -0.661200 -0.013300 -0.750100
vn -0.661400 -0.009500 -0.750000
vn -0.172300 0.955100 -0.241000
vn -0.007400 -0.974400 -0.224900
vn -0.643500 -0.721000 -0.257000
vn -0.347400 0.913900 -0.210300
vn 0.323900 0.920800 -0.217300
vn -0.577700 -0.788700 -0.210000
vn -0.934600 0.056900 0.351100
vn -0.936200 0.018800 -0.350900
vn -0.939500 0.149900 -0.308100
vn 0.934600 -0.056900 0.351200
vn 0.936200 -0.018800 -0.351000
vn 0.939500 -0.149900 -0.308100
vn -0.005900 0.950800 -0.309700
vn -0.005300 -0.964900 -0.262400
vn -0.990300 0.000100 -0.138900
vn -0.999600 0.016800 -0.021000
vn -0.999700 0.016600 -0.020300
vn -0.003900 -0.996100 -0.088400
vn 0.005300 -0.956700 -0.291000
vn 0.004300 -0.954700 -0.297700
vn 0.003300 0.945400 -0.326000
vn 0.005900 0.966700 -0.255700
vn -0.006100 0.991900 -0.127000
vn 0.000200 -0.000600 1.000000
vn 0.006500 -0.979500 0.201500
vn -0.004900 0.948700 0.316100
vn 0.007500 0.960000 0.279800
vn -0.885300 0.017400 0.464700
vn -0.943500 -0.036500 -0.329300
vn -0.960800 -0.019800 -0.276400
vn 0.909800 0.031200 -0.413800
vn 0.943500 0.036500 -0.329400
vn 0.960800 0.019800 -0.276400
vn -0.001300 1.000000 -0.000200
vn -0.001100 1.000000 -0.000900
vn 0.003100 0.954700 0.297700
vn 0.898600 0.012200 0.438500
vn 0.999900 0.013600 -0.007400
vn 0.999800 0.020600 -0.007300
vn 0.000000 -1.000000 0.003100
vn 0.004500 -1.000000 -0.002900
vn 0.007800 -1.000000 -0.002400
vn -0.999900 -0.016400 -0.000600
vn -0.982300 -0.015900 0.186900
vn 0.006100 1.000000 -0.001700
vn 0.999900 -0.016400 0.000100
vn 0.982100 -0.015900 -0.187400
vn 1.000000 -0.004100 -0.000600
vn -0.007400 0.968300 0.249600
vn 0.007500 0.959900 0.280200
vn 0.985200 0.000100 0.171600
vn 0.921900 0.018500 0.386900
vn 0.005200 -1.000000 -0.000100
vn 0.005100 -1.000000 -0.000100
vn 0.001800 0.000500 1.000000
vn -0.999900 -0.013500 -0.008000
vn -0.999800 -0.020600 -0.008000
vn -0.001100 0.000400 1.000000
vn -0.001300 0.000400 1.000000
vn -0.891800 -0.013400 -0.452200
vn -0.878600 0.002200 -0.477600
vn -0.896300 -0.015300 0.443200
vn -0.999900 -0.017100 0.000000
vn -0.921700 0.002200 0.387900
vn -0.939500 0.020500 0.342000
vn -0.998200 0.021800 -0.056100
vn -0.000900 0.000500 1.000000
vn -0.001300 0.000500 1.000000
vn 0.004900 -0.954600 0.297700
vn 0.007200 -0.956700 -0.291000
vn 0.109800 0.994000 -0.000000
vn -0.007500 -0.968400 -0.249500
vn 0.735600 0.677500 0.000000
vn -0.007600 0.972300 -0.233500
vn 0.379700 -0.925100 -0.000200
vn 0.007300 0.956700 -0.291000
vn 0.000000 0.964900 -0.262400
vn 0.357600 -0.933900 -0.000000
vn 0.348400 -0.892300 -0.287300
vn 0.356300 -0.886400 -0.295500
vn -0.891800 -0.012200 0.452200
vn -0.896300 -0.018000 -0.443200
vn -0.998300 -0.058400 0.000000
vn -0.921700 0.019000 -0.387400
vn -0.991300 -0.131600 -0.001300
vn 0.891800 0.012200 0.452200
vn 0.896200 0.018000 -0.443200
vn 0.998300 0.058400 -0.000000
vn 0.921800 -0.019000 -0.387300
vn 0.991300 0.132000 -0.001300
vn -0.891800 -0.012100 0.452200
vn -0.998300 -0.058300 0.000000
vn -0.991200 -0.132100 -0.001300
vn -0.001000 0.000500 1.000000
vn 0.379800 -0.925100 -0.000200
vn 0.357700 -0.933800 -0.000000
vn 0.348600 -0.892200 -0.287200
vn 0.356500 -0.886300 -0.295500
vn 0.735600 0.677400 0.000000
vn -0.129800 -0.991500 0.003400
vn -0.007600 -1.000000 -0.000000
vn -0.131500 -0.991300 0.000000
vn -0.129800 -0.991500 -0.003100
vn -0.125800 -0.992000 -0.006300
vn -0.125800 -0.992100 0.000100
vn 0.007800 0.999900 -0.009600
vn -0.125700 0.992100 0.000100
vn 0.000000 1.000000 -0.006300
vn -0.132200 0.991200 0.000000
vn -0.129900 0.991500 0.003400
vn -0.129000 0.991600 0.003400
vn 0.001000 0.000500 -1.000000
vn 0.001300 0.000500 -1.000000
vn 1.000000 -0.006900 -0.000000
vn 0.999900 -0.013600 0.000000
vn 0.999900 0.013900 0.003900
vn 0.999900 0.013900 0.004200
vn -1.000000 -0.000400 0.000100
vn -0.999900 0.013200 -0.000100
vn -1.000000 0.006400 0.000000
vn -0.999900 -0.013800 0.004100
vn -1.000000 -0.006800 0.004200
vn 0.109800 0.993900 -0.000000
vn -0.007500 -0.968400 -0.249400
vn 0.735800 0.677200 0.000000
vn 0.379900 -0.925000 -0.000200
vn 0.000000 0.964900 -0.262500
vn 0.357800 -0.933800 -0.000000
vn 0.348600 -0.892100 -0.287300
vn 0.356500 -0.886300 -0.295600
vn -0.921700 0.019000 -0.387300
vn -0.991300 -0.131800 -0.001300
vn 0.071700 -0.952200 0.296900
vn 0.237700 -0.920900 0.309000
vn 0.070000 -0.954400 -0.290200
vn 0.074000 -0.997300 -0.000000
vn 0.232400 -0.924600 -0.301900
vn 0.444400 -0.833800 -0.327600
vn 0.907900 0.133900 -0.397200
vn -0.001200 0.000500 1.000000
vn -0.989100 -0.147400 0.001500
vn -0.925600 -0.009800 -0.378300
vn -0.912600 0.002500 -0.408900
vn -0.930800 -0.011900 0.365500
vn -0.999900 -0.012800 -0.000000
vn -0.953800 0.002600 0.300400
vn -0.998200 0.002700 -0.059200
vn -0.969400 0.017200 0.244800
vn -0.998000 0.017800 -0.060300
vn -0.878600 0.002200 -0.477500
vn 0.004900 0.954700 -0.297700
vn -0.000000 0.966900 -0.255100
vn 0.007300 0.956700 0.291000
vn 0.007100 1.000000 0.000000
vn 0.000000 0.950900 0.309500
vn -0.007500 0.960000 0.279900
vn -0.005600 0.999400 0.034600
vn -0.007600 -0.969300 0.245800
vn -0.006600 -0.999300 0.037600
vn 0.007300 -0.956700 0.291000
vn 0.007100 -0.975700 -0.219200
vn 0.000800 -0.982500 -0.186400
vn 0.005300 -0.954600 0.297700
vn 0.005400 0.954600 0.297700
vn 0.878600 0.002200 0.477500
vn 0.896300 -0.015300 -0.443200
vn 0.999900 -0.017100 -0.000000
vn 0.921700 0.002200 -0.387900
vn 0.939500 0.020500 -0.342000
vn 0.998200 0.021800 0.056100
vn 0.237800 -0.920900 0.309000
vn 0.074100 -0.997300 0.000000
vn 0.254700 0.967000 0.000200
vn 0.226500 0.929900 0.289900
vn 0.236000 0.929000 0.284900
vn 0.001400 0.000000 -1.000000
vn 0.001200 0.000400 -1.000000
vn 0.001400 0.000400 -1.000000
vn 0.009800 -1.000000 0.000100
vn 0.007800 -1.000000 0.000300
vn 0.014100 -0.999900 0.000200
vn 0.007800 1.000000 0.000300
vn 0.012200 0.999900 0.000200
vn -0.000000 1.000000 0.000100
vn -0.000300 1.000000 -0.000000
vn 0.005800 1.000000 0.000100
vn 0.004900 1.000000 0.000000
vn 0.999900 -0.006900 0.010500
vn 0.999700 -0.020100 0.010900
vn 0.999800 -0.013600 0.010700
vn 0.999700 0.020600 0.015000
vn 0.999800 0.013900 0.014900
vn -1.000000 0.007000 0.000500
vn -0.999800 0.020100 -0.000500
vn -0.999900 0.013700 0.000000
vn -0.999800 -0.020600 0.003500
vn -0.999900 -0.013900 0.004200
vn -0.006600 -0.970700 -0.240300
vn -0.007400 -0.971200 0.238100
vn -0.177000 0.984200 0.000000
vn -0.574600 0.818500 -0.000000
vn 0.007700 -0.982000 0.188700
vn -0.978400 0.206600 -0.000000
vn 0.007700 0.985000 0.172300
vn -0.603700 -0.797200 0.000100
vn -0.007400 0.971200 0.238000
vn -0.000000 0.978700 0.205500
vn -0.588700 -0.808300 0.000000
vn -0.578400 -0.788300 0.210100
vn -0.583400 -0.780900 0.223500
vn 0.000400 -0.000300 -1.000000
vn -0.000100 -0.000400 -1.000000
vn 0.000800 0.000000 -1.000000
vn 0.001100 0.000400 -1.000000
vn 0.927500 -0.016700 -0.373400
vn 0.928800 -0.018700 0.370100
vn 0.998100 -0.061300 0.000000
vn 0.954200 0.019700 0.298600
vn 0.991500 -0.129900 0.000400
vn -0.927500 0.016700 -0.373400
vn -0.928800 0.018700 0.370200
vn -0.998100 0.061400 0.000000
vn -0.954200 -0.019700 0.298600
vn -0.991500 0.130000 0.000400
vn 0.878600 0.002200 0.477600
vn 0.007600 -0.969300 -0.245800
vn 0.006600 -0.999300 -0.037600
vn -0.007100 -0.975700 0.219100
vn -0.000800 -0.982500 0.186400
vn 0.000000 0.966900 0.255200
vn -0.007100 1.000000 0.000000
vn -0.000000 0.950900 -0.309500
vn -0.000900 0.999400 -0.034300
vn 0.007500 0.960000 -0.279900
vn 0.005600 0.999400 -0.034600
vn 0.007600 -0.969300 -0.245900
vn 0.006600 -0.999300 -0.038100
vn -0.000000 -0.961600 -0.274400
vn -0.007100 -0.975800 0.218500
vn -0.000800 -0.982600 0.185800
vn 0.001600 0.000300 1.000000
vn 0.001300 0.000400 1.000000
vn 0.000100 -0.000200 1.000000
vn 0.001300 0.000300 1.000000
vn -0.000100 -0.000200 1.000000
vn -0.001000 0.000300 1.000000
vn -0.001300 0.000300 1.000000
vn 0.583000 -0.010500 -0.812400
vn 0.853500 -0.017200 -0.520800
vn 0.707100 -0.013900 -0.707000
vn 0.828700 0.017100 -0.559500
vn 0.713500 0.011700 -0.700600
vn -0.698100 0.004900 -0.716000
vn -0.715700 0.014400 -0.698200
vn -0.707100 0.009700 -0.707100
vn -0.774900 -0.016000 -0.631900
vn -0.768700 -0.010700 -0.639500
vn 0.006600 -0.970700 0.240300
vn 0.007400 -0.971200 -0.238100
vn 0.177000 0.984200 0.000000
vn -0.007600 -0.982000 -0.188700
vn 0.978400 0.206600 0.000000
vn -0.007700 0.985000 -0.172300
vn 0.603700 -0.797200 -0.000100
vn 0.000000 0.978700 -0.205500
vn 0.588700 -0.808300 0.000000
vn 0.578400 -0.788300 -0.210100
vn 0.583400 -0.780800 -0.223500
vn -0.927500 -0.016700 0.373400
vn -0.928800 -0.018700 -0.370100
vn -0.998100 -0.061300 0.000000
vn -0.954200 0.019700 -0.298600
vn -0.991500 -0.129900 -0.000400
vn 0.927500 0.016700 0.373400
vn 0.928800 0.018700 -0.370200
vn 0.998100 0.061400 0.000000
vn 0.954200 -0.019700 -0.298600
vn 0.991500 0.130000 -0.000400
vn 0.003300 0.954700 -0.297700
vn 0.000000 0.965300 -0.261000
vn 0.005900 0.956700 0.291000
vn 0.005400 1.000000 0.000000
vn 0.000000 0.947900 0.318500
vn -0.005900 0.950800 0.309700
vn -0.004800 0.999300 0.036700
vn -0.005900 -0.958400 0.285300
vn -0.005500 -0.999100 0.041300
vn 0.005900 -0.956700 0.291000
vn 0.000000 -0.955700 0.294200
vn 0.004900 -0.971200 -0.238300
vn 0.000300 -0.973700 -0.227700
vn -1.000000 -0.005500 -0.000400
vn -0.999900 -0.010700 0.000300
vn -0.999900 -0.010800 -0.000000
vn -0.992200 0.000100 -0.124900
vn -0.992200 0.011100 -0.124100
vn -0.991100 0.011100 -0.132400
vn -0.005800 -0.938400 0.345600
vn -0.004600 -0.995200 0.098100
vn 0.000000 -0.938500 0.345200
vn 0.004600 -1.000000 0.000000
vn 0.002000 -0.954700 -0.297700
vn 0.002000 0.954700 -0.297700
vn 0.004100 1.000000 0.000000
vn 0.000000 0.996700 0.081800
vn -0.005800 0.933400 0.358800
vn -0.004100 0.996600 0.082100
vn 0.000000 0.000200 1.000000
vn 0.000100 -0.000300 1.000000
vn -0.007100 -0.975700 0.219200
vn -0.000000 0.950900 -0.309400
vn -0.882500 -0.012000 0.470100
vn -0.905300 0.018200 -0.424400
vn -0.999600 -0.007300 0.025600
vn -0.936900 -0.019300 -0.349000
vn -0.995900 -0.081000 0.039900
vn 0.901000 -0.012300 -0.433700
vn 0.887000 -0.017800 0.461400
vn 0.999000 -0.036200 0.025600
vn 0.912700 0.018800 0.408100
vn 0.998200 -0.052600 0.028400
vn 0.007600 0.979400 -0.201900
vn 0.248900 0.968500 0.000300
vn 0.226500 0.974000 0.000000
vn 0.220900 0.931100 0.290300
vn 0.230500 0.930500 0.284700
vn -0.000100 0.000000 -1.000000
vn 0.891900 0.000500 0.452200
vn 0.896000 0.042100 0.442000
vn 0.896400 -0.001600 -0.443300
vn 1.000000 -0.001600 0.000000
vn 0.902200 0.041400 -0.429300
vn 0.917100 0.078200 -0.390900
vn 0.996300 0.085700 0.002900
vn -0.002500 -1.000000 0.000000
vn -0.005000 -1.000000 0.000000
vn -0.000000 -1.000000 0.002900
vn 0.007800 -1.000000 0.003100
vn 0.005000 -1.000000 0.002900
vn -0.981100 -0.020200 -0.192200
vn -0.854600 -0.014200 -0.519100
vn -0.981800 0.000000 -0.189900
vn -1.000000 0.004000 0.000600
vn 0.007800 1.000000 0.001800
vn 0.006200 1.000000 0.005300
vn 0.981200 -0.020200 0.192100
vn 0.854700 -0.014200 0.518900
vn 0.999800 0.020100 0.000600
vn 1.000000 0.004100 -0.000600
vn 0.000000 0.967000 0.254800
vn -0.000000 0.950800 -0.309800
vn 0.007500 0.959900 -0.280200
vn 0.005600 0.999400 -0.035100
vn 1.000000 -0.006800 0.000100
vn 0.999900 -0.013500 -0.000100
vn 0.999900 -0.013500 0.000000
vn 0.987700 0.000100 0.156600
vn 0.987900 0.013700 0.154500
vn 0.986400 0.007000 0.163900
vn 0.070200 -0.952300 0.297000
vn 0.232600 -0.922300 0.308700
vn 0.068500 -0.954500 -0.290300
vn 0.072500 -0.997400 0.000000
vn 0.227300 -0.925900 -0.301600
vn 0.433000 -0.840300 -0.326300
vn 0.463800 -0.885900 0.000000
vn -1.000000 0.006100 -0.000100
vn -1.000000 -0.000100 0.008700
vn -0.999900 0.012100 0.000000
vn -1.000000 -0.000000 0.008000
vn -0.999900 -0.013400 0.004500
vn -0.999900 -0.013500 0.008300
vn -0.921900 0.018500 0.386900
vn -0.998400 0.014900 -0.054900
vn -0.879300 0.012000 0.476200
vn -0.998400 0.014900 0.054900
vn -0.896300 -0.015300 -0.443200
vn -0.921700 0.002200 -0.387900
vn -0.891800 -0.013400 0.452100
vn -0.878600 0.002200 0.477600
vn -0.899600 0.017700 0.436300
vn -0.998200 0.021800 0.056100
vn 0.001700 0.000400 1.000000
vn 0.001200 0.000400 1.000000
vn 0.001500 0.000400 1.000000
vn 0.001200 0.000500 1.000000
vn -0.693300 0.623000 -0.362300
vn -0.346600 0.881300 -0.321200
vn -0.680200 0.640900 0.355700
vn -0.736000 0.677000 0.000000
vn -0.338700 0.886900 0.314000
vn -0.103700 0.950800 0.291900
vn -0.109500 0.994000 0.000000
vn 0.007700 -0.990600 -0.136900
vn -0.006600 -0.973900 0.227000
vn 0.105200 -0.994500 0.000000
vn -0.101700 -0.966200 -0.236800
vn -0.341900 -0.907300 -0.245000
vn -0.102800 -0.965600 0.239100
vn -0.105200 -0.994400 0.000000
vn -0.345000 -0.905500 0.247200
vn -0.648600 -0.715700 0.258900
vn -0.669000 -0.743300 0.000000
vn -0.006900 0.990500 0.137400
vn -0.356400 0.934300 0.000000
vn 0.006700 0.978400 0.206700
vn 0.000000 0.985000 0.172300
vn -0.334500 0.942400 0.000100
vn -0.324500 0.920600 -0.217300
vn -0.335800 0.916500 -0.217300
vn -0.006700 0.978400 0.206700
vn 0.334200 0.942500 0.000100
vn 0.006900 0.990500 0.137500
vn 0.000000 0.985000 0.172400
vn 0.356100 0.934400 -0.000000
vn 0.347400 0.913900 -0.210200
vn 0.335500 0.916600 -0.217300
vn -0.357600 -0.933900 0.000000
vn 0.007600 0.972300 -0.233600
vn -0.379700 -0.925100 -0.000200
vn -0.364000 -0.880200 -0.304700
vn -0.356300 -0.886400 -0.295500
vn 0.001100 -0.000000 1.000000
vn 0.001500 0.000300 1.000000
vn -0.947600 0.129300 0.292200
vn -0.921900 0.104300 0.373100
vn -0.949200 0.125300 -0.288700
vn -0.991000 0.134200 0.000000
vn -0.923800 0.102500 -0.368800
vn -0.903400 0.052400 -0.425600
vn -0.998400 0.055900 -0.001300
vn -0.975500 -0.020100 -0.219200
vn -0.975300 -0.017900 0.220100
vn -0.987500 -0.157300 0.000000
vn -0.934900 0.016800 0.354600
vn -0.999900 -0.015600 0.000500
vn -0.928900 0.013700 -0.370200
vn -0.930100 0.092900 -0.355500
vn -0.927600 0.014600 0.373400
vn -0.928500 0.093700 0.359200
vn -0.938500 0.150100 0.311000
vn -0.987400 0.158100 0.000500
vn 0.947600 -0.129300 0.292200
vn 0.921900 -0.104300 0.373100
vn 0.949200 -0.125300 -0.288700
vn 0.991000 -0.134200 -0.000000
vn 0.923800 -0.102500 -0.368800
vn 0.903400 -0.052400 -0.425600
vn 0.998400 -0.055900 -0.001300
vn 0.975500 0.020100 -0.219200
vn 0.975300 0.017900 0.220100
vn 0.987500 0.157400 -0.000000
vn 0.934800 -0.016800 0.354700
vn 0.999900 0.015600 0.000500
vn 0.928800 -0.013700 -0.370200
vn 0.930000 -0.092900 -0.355500
vn 0.927500 -0.014600 0.373400
vn 0.928500 -0.093700 0.359300
vn 0.938500 -0.150100 0.311100
vn 0.987400 -0.158200 0.000500
vn 0.947900 0.019500 -0.317800
vn 0.946800 0.013100 0.321500
vn 0.989400 0.145000 -0.000000
vn 0.893200 -0.079400 0.442600
vn -0.896300 0.011200 -0.443200
vn -0.001200 0.000400 1.000000
vn 0.001600 0.000400 1.000000
vn 0.001300 0.000500 1.000000
vn 0.233700 0.972300 0.000200
vn -0.005000 -0.958200 0.286000
vn 0.074300 -0.997200 0.000000
vn -0.070200 -0.954400 -0.290300
vn -0.232600 -0.924500 -0.302000
vn -0.074300 -0.997200 0.000000
vn -0.238000 -0.920800 0.309000
vn -0.454400 -0.825400 0.335100
vn -0.995000 -0.099600 0.000000
vn -0.995100 -0.099200 0.000000
vn 0.142300 -0.961400 -0.235600
vn -0.000500 -1.000000 0.000100
vn 0.007400 -0.972000 -0.234700
vn 0.994800 -0.101700 -0.000100
vn -0.476100 -0.879400 0.000000
vn 0.004900 -0.958200 -0.286000
vn 0.070200 -0.954400 0.290300
vn 0.232600 -0.924500 0.302000
vn 0.071900 -0.952200 -0.296900
vn 0.237900 -0.920800 -0.309000
vn 0.454200 -0.825500 -0.335000
vn 0.253400 0.967400 0.000000
vn -0.005000 0.963600 -0.267300
vn 0.000000 0.971700 -0.236200
vn 0.234200 0.972200 -0.000200
vn 0.220300 0.933200 0.283900
vn 0.231400 0.932000 0.279100
vn 0.005000 0.963600 -0.267300
vn -0.233700 0.972300 -0.000200
vn -0.252900 0.967500 0.000000
vn -0.242000 0.930400 0.275300
vn -0.230900 0.932100 0.279000
vn 0.088600 0.996100 0.000000
vn -0.007800 1.000000 -0.002000
vn 0.000000 1.000000 -0.002000
vn -0.089500 0.996000 0.000100
vn -0.086900 0.996200 0.002200
vn -0.000600 1.000000 0.002200
vn -0.000100 -0.000500 -1.000000
vn -0.001600 0.000400 -1.000000
vn -0.001200 0.000500 -1.000000
vn 0.999800 -0.020600 -0.000200
vn 1.000000 -0.007000 -0.000000
vn 0.999800 0.020100 0.004000
vn 1.000000 0.006900 0.004200
vn 0.947900 -0.019500 0.317900
vn 0.946800 -0.013100 -0.321500
vn 0.989400 -0.145000 -0.000000
vn 0.920000 0.000000 -0.391800
vn 0.899100 0.012200 -0.437500
vn 0.999900 -0.014700 -0.001400
vn 0.896300 0.011200 0.443200
vn 0.898500 0.078000 0.431900
vn 0.893200 0.079500 -0.442600
vn 0.903700 0.134000 -0.406600
vn 0.989100 0.147400 -0.001500
vn -1.000000 0.007300 0.000000
vn -1.000000 0.000100 0.004200
vn -0.999800 0.020600 0.000000
vn -0.999900 0.014000 0.000000
vn -1.000000 0.000000 0.004000
vn -0.999800 -0.020100 0.004000
vn -0.999900 -0.013600 0.004100
vn -0.948000 0.019500 0.317700
vn -0.899100 -0.012200 -0.437500
vn -0.999900 0.014700 -0.001400
vn -0.896300 -0.011100 0.443200
vn -0.898500 -0.078000 0.431900
vn -0.893200 -0.079400 -0.442600
vn -0.903700 -0.133900 -0.406600
vn -0.989100 -0.147300 -0.001500
vn -0.693200 0.623100 -0.362300
vn -0.346400 0.881400 -0.321200
vn -0.680100 0.641000 0.355600
vn -0.735900 0.677100 0.000000
vn -0.338600 0.887000 0.314000
vn -0.103600 0.950800 0.291900
vn -0.357300 -0.934000 0.000000
vn -0.379500 -0.925200 -0.000200
vn -0.363800 -0.880300 -0.304700
vn -0.356100 -0.886500 -0.295500
vn -0.991000 0.134100 0.000000
vn -0.903400 0.052400 -0.425700
vn 0.947600 -0.129500 0.292000
vn 0.921900 -0.104400 0.373000
vn 0.949200 -0.125400 -0.288500
vn 0.990900 -0.134300 -0.000000
vn 0.923900 -0.102600 -0.368700
vn -0.946800 -0.013100 -0.321400
vn -0.940500 0.000000 0.339900
vn -0.947900 -0.019500 -0.317800
vn -0.879200 0.012000 0.476200
vn -0.074500 -0.997200 0.000000
vn -0.005000 -0.956700 0.291000
vn 0.000000 -0.956700 0.290900
vn -0.002500 -0.954700 -0.297700
vn -0.002600 -1.000000 0.000000
vn 0.002600 -1.000000 -0.000100
vn 0.238000 -0.920800 -0.309000
vn 0.454400 -0.825400 -0.335100
vn 0.476500 -0.879200 -0.000000
vn 0.003300 1.000000 -0.000000
vn -0.006400 0.956700 0.291000
vn 0.000000 0.972700 -0.231900
vn 0.000900 0.000500 -1.000000
vn 0.920100 0.000000 0.391700
vn 0.923900 0.000000 -0.382600
vn 0.948000 -0.019500 0.317800
vn 0.946800 -0.013100 -0.321400
vn 0.920100 0.000000 -0.391800
vn 0.896300 0.011100 0.443200
vn -0.999800 0.020600 0.006100
vn -1.000000 -0.000000 0.000100
vn -1.000000 0.006500 0.000000
vn -1.000000 -0.005500 -0.004200
vn -0.999900 0.011000 -0.000200
vn -1.000000 0.005600 0.000200
vn -0.999900 0.011000 0.000000
vn -1.000000 -0.006600 -0.006100
vn -0.999900 -0.013000 -0.004200
vn -0.975000 -0.009000 -0.221900
vn -0.935500 0.000000 -0.353400
vn -0.975600 -0.016200 0.219100
vn -0.999900 -0.015400 0.000000
vn -0.970200 0.000000 0.242400
vn -0.954000 0.015200 0.299600
vn -0.998200 0.010500 -0.058300
vn -0.975600 -0.016200 -0.219100
vn -0.975000 -0.009000 0.221900
vn -0.935500 0.000000 0.353400
vn -0.913400 0.008400 0.407000
vn -0.998200 0.010500 0.058200
vn -0.930700 -0.011900 -0.365500
vn -0.953800 0.002600 -0.300400
vn -0.925600 -0.009800 0.378300
vn -0.912600 0.002500 0.408800
vn -0.933900 0.014500 0.357300
vn -0.998000 0.017800 0.060300
vn -0.000200 0.000600 -1.000000
vn -0.000200 -0.000100 1.000000
vn -0.000200 0.000100 -1.000000
vn 0.000200 -0.000400 -1.000000
vn -0.896300 -0.015300 -0.443300
vn 0.000000 0.958900 -0.283700
vn 0.004900 0.954700 0.297700
vn 0.000900 0.999400 -0.034300
vn -0.005100 0.975200 0.221400
vn -0.005600 0.999400 -0.034600
vn -0.005100 -0.982300 0.187200
vn 0.004900 -0.954700 0.297700
vn 0.007200 -0.999300 -0.036800
vn 0.007800 -0.961900 -0.273400
vn 0.000800 -0.969800 -0.243800
vn -0.008100 -0.975100 -0.221500
vn -0.000800 -0.968100 -0.250700
vn -0.003300 -0.991500 -0.130200
vn 0.006300 -0.956700 0.291000
vn -0.007400 -0.968200 -0.249900
vn 0.008400 -0.999300 0.037800
vn 0.007100 -0.958200 0.285800
vn 0.000800 -0.949300 0.314300
vn 0.007400 1.000000 0.000000
vn -0.007400 0.968200 -0.250000
vn -0.005600 0.999400 0.033800
vn 0.005000 0.956700 0.291000
vn -0.000000 0.979700 0.200300
vn 0.002600 1.000000 0.000000
vn -0.002600 0.994800 -0.101700
vn 0.005400 0.954600 -0.297700
vn -0.000900 0.948400 -0.317000
vn 0.999800 -0.019600 -0.000000
vn 0.940500 0.000000 -0.339900
vn 0.921900 0.018500 -0.387000
vn 0.998400 0.014900 0.054800
vn 0.999800 -0.020600 0.006300
vn 0.987400 0.000000 -0.158100
vn 0.999900 -0.013800 -0.000000
vn 0.985400 0.000000 -0.170100
vn 0.985100 0.000100 -0.171700
vn 0.986400 0.006800 -0.164000
vn 0.999900 -0.013500 0.000100
vn 0.987700 0.000100 -0.156400
vn 1.000000 -0.006800 -0.000200
vn 0.985100 0.000100 -0.171800
vn 0.985100 0.007000 -0.172000
vn 0.986500 0.007000 -0.163900
vn 0.000000 -0.909700 -0.415300
vn -0.003600 -1.000000 0.000500
vn 0.000000 -0.943400 -0.331700
vn 0.008800 -1.000000 0.000000
vn 0.009000 -1.000000 0.000000
vn 0.002400 -0.944000 0.330000
vn 0.000000 -0.956700 -0.291000
vn 0.004500 -1.000000 0.002600
vn 0.004000 -0.896800 0.442500
vn 0.000100 0.956700 -0.291000
vn 0.003900 1.000000 0.000000
vn 0.002900 0.988700 0.149600
vn 0.003800 1.000000 -0.000000
vn 0.000000 0.988500 -0.151200
vn 0.000000 0.964800 -0.262900
vn 0.000900 1.000000 -0.000400
vn 1.000000 -0.000100 0.000000
vn 1.000000 0.000100 0.006300
vn 1.000000 0.000200 0.000100
vn 1.000000 0.000300 -0.000100
vn 1.000000 0.000300 0.000000
vn 1.000000 0.000000 0.000800
vn 1.000000 -0.000300 0.000800
vn 1.000000 -0.000300 -0.002500
vn 0.000000 0.000200 -1.000000
vn 0.000100 -0.000200 -1.000000
vn -0.007700 -0.990600 0.136900
vn 0.000000 -0.982300 0.187400
vn -0.006900 -0.990500 -0.137500
vn 0.006600 -0.973900 -0.227000
vn 0.101700 -0.966200 0.236800
vn 0.341900 -0.907300 0.245000
vn 0.102800 -0.965600 -0.239100
vn 0.105200 -0.994400 -0.000000
vn 0.345000 -0.905500 -0.247200
vn 0.648600 -0.715700 -0.258900
vn 0.006900 0.990500 -0.137400
vn 0.356400 0.934300 0.000000
vn -0.006700 0.978400 -0.206700
vn 0.000000 0.985000 -0.172300
vn 0.334500 0.942400 -0.000100
vn 0.324500 0.920600 0.217300
vn 0.335800 0.916500 0.217300
vn 0.006700 0.978400 -0.206700
vn -0.334200 0.942500 -0.000100
vn -0.006900 0.990500 -0.137500
vn 0.000000 0.985000 -0.172400
vn -0.356100 0.934400 0.000000
vn -0.347400 0.913900 0.210200
vn -0.335500 0.916600 0.217300
vn -0.232400 0.972600 0.000000
vn -0.245800 0.927700 0.280800
vn -0.236300 0.929000 0.284900
vn 0.001000 0.000300 -1.000000
vn 0.001300 0.000300 -1.000000
vn 0.000100 -0.000400 -1.000000
vn -0.000100 -0.000200 -1.000000
vn -0.001600 0.000300 -1.000000
vn -0.001300 0.000300 -1.000000
vn -0.001400 0.000400 -1.000000
vn 0.975500 -0.020100 0.219200
vn 0.975300 -0.017900 -0.220100
vn 0.987500 -0.157300 -0.000000
vn 0.934900 0.016800 -0.354600
vn 0.999900 -0.015600 -0.000500
vn 0.928900 0.013700 0.370200
vn 0.930100 0.092900 0.355500
vn 0.927600 0.014600 -0.373400
vn 0.928500 0.093700 -0.359200
vn 0.938500 0.150100 -0.311000
vn 0.987400 0.158100 -0.000500
vn -0.975500 0.020100 0.219200
vn -0.975300 0.017900 -0.220100
vn -0.987500 0.157400 0.000000
vn -0.934800 -0.016800 -0.354700
vn -0.999900 0.015600 -0.000500
vn -0.928800 -0.013700 0.370200
vn -0.930000 -0.092900 0.355500
vn -0.927500 -0.014600 -0.373400
vn -0.928500 -0.093700 -0.359300
vn -0.938500 -0.150100 -0.311100
vn -0.987400 -0.158200 -0.000500
vn 0.005700 -1.000000 0.000400
vn 0.008900 -1.000000 0.000300
vn -0.007800 -1.000000 -0.000400
vn 0.002300 -1.000000 0.000000
vn 0.000000 -1.000000 -0.000200
vn 0.008000 -1.000000 0.000100
vn -0.000000 -0.968800 0.247700
vn -0.482700 -0.875800 0.000000
vn -0.249800 -0.968300 -0.000500
vn 0.004900 -0.958200 -0.285900
vn -0.075100 -0.997200 -0.000300
vn 0.071800 -0.954200 0.290600
vn 0.237800 -0.922600 0.303800
vn 0.072700 -0.952200 -0.296600
vn 0.075200 -0.997200 0.000400
vn 0.240800 -0.920500 -0.307600
vn 0.252800 -0.967500 0.001800
vn 0.461200 -0.822800 -0.332100
vn 0.489800 -0.871800 0.004400
vn 0.256400 0.966600 0.002700
vn -0.005000 0.963600 -0.267400
vn 0.000000 0.971700 -0.236100
vn 0.237200 0.971500 0.001500
vn 0.246800 0.969100 0.002000
vn 0.226000 0.931600 0.284600
vn 0.237100 0.930000 0.280900
vn -0.236600 0.971600 -0.001100
vn -0.255800 0.966700 0.000000
vn -0.246200 0.969200 -0.000700
vn -0.247800 0.928700 0.275800
vn -0.236700 0.930800 0.278500
vn 0.007600 1.000000 -0.000100
vn -0.007800 1.000000 -0.000400
vn 0.001900 1.000000 0.000000
vn 0.007900 1.000000 0.000100
vn 0.007300 1.000000 0.000400
vn 0.008800 1.000000 0.000300
vn -0.001500 0.000400 -1.000000
vn 0.999900 0.000000 0.010500
vn 0.999800 -0.013900 0.011000
vn 0.999900 -0.007000 0.010700
vn 0.999800 0.013600 0.014900
vn 0.999900 0.006900 0.014900
vn 0.944900 -0.019500 0.326900
vn 0.949900 -0.013100 -0.312300
vn 0.989400 -0.145000 0.010600
vn 0.923600 0.000000 -0.383400
vn 0.902900 0.012300 -0.429700
vn 0.999800 -0.014700 0.009300
vn 0.892500 0.011100 0.450900
vn 0.894800 0.077700 0.439700
vn 0.895700 0.013400 -0.444500
vn 0.999900 0.012700 0.010700
vn 0.897000 0.079800 -0.434900
vn 0.907300 0.134500 -0.398500
vn 0.989000 0.147400 0.009100
vn -0.999900 0.013900 -0.000500
vn -1.000000 0.007000 0.000000
vn -0.999900 -0.013600 0.003400
vn -1.000000 -0.006900 0.004200
vn -0.946800 0.013100 -0.321500
vn -0.989400 0.145000 0.000000
vn -0.903700 -0.134000 -0.406600
vn 0.951100 0.195500 0.239000
vn 0.557600 0.789600 0.256100
vn 0.949200 0.205100 -0.238600
vn 0.978500 0.206100 0.000000
vn 0.553100 0.793500 -0.254000
vn 0.574400 0.818600 -0.000000
vn 0.170800 0.955900 -0.238800
vn 0.176600 0.984300 -0.000000
vn -0.961700 -0.261300 0.082900
vn -0.920800 0.390100 0.000000
vn -0.920700 0.390200 0.000000
vn -0.962500 -0.258200 -0.082800
vn -0.590800 -0.786600 -0.179600
vn -0.597200 -0.802100 -0.000000
vn 0.092100 -0.967100 0.237100
vn 0.329000 -0.911700 0.246100
vn 0.092900 -0.966500 -0.239300
vn 0.095200 -0.995500 0.000000
vn 0.331900 -0.910000 -0.248400
vn 0.629400 -0.731600 -0.261900
vn 0.649600 -0.760300 -0.000000
vn 0.006800 0.990100 -0.139900
vn 0.343700 0.939100 0.000000
vn -0.006600 0.978200 -0.207500
vn 0.000000 0.984700 -0.174000
vn 0.321700 0.946900 -0.000100
vn 0.312000 0.924600 0.218600
vn 0.323300 0.920700 0.218700
vn 0.006900 0.970700 -0.240300
vn -0.960000 0.280100 -0.000000
vn -0.007100 0.996500 -0.082800
vn 0.000000 0.986600 -0.163400
vn -0.953200 0.302200 0.000000
vn -0.956200 0.291900 0.022600
vn 0.588100 -0.808800 0.000000
vn -0.007700 0.985000 0.172300
vn 0.603100 -0.797600 0.000100
vn 0.587500 -0.773700 0.237300
vn 0.582800 -0.781300 0.223500
vn 0.001100 0.000300 -1.000000
vn -0.003000 0.000200 -1.000000
vn -0.002800 0.000200 -1.000000
vn -0.002700 0.000000 -1.000000
vn -0.002900 0.000200 -1.000000
vn -0.002800 0.000300 -1.000000
vn 0.971500 0.128400 -0.199200
vn 0.952100 0.113400 -0.284100
vn 0.971900 0.127000 0.198300
vn 0.952500 0.112600 0.282900
vn 0.935400 0.057300 0.348900
vn 0.998200 0.060600 0.000400
vn 0.974200 -0.020100 0.224700
vn 0.974100 -0.017800 -0.225600
vn 0.933000 0.016700 -0.359600
vn 0.927000 0.013700 0.374800
vn 0.928300 0.092400 0.360300
vn 0.925600 0.014500 -0.378200
vn 0.926600 0.093200 -0.364200
vn 0.936700 0.149800 -0.316500
vn -0.971500 -0.128500 -0.199100
vn -0.952100 -0.113500 -0.284100
vn -0.971900 -0.127100 0.198300
vn -0.952500 -0.112700 0.282900
vn -0.935400 -0.057300 0.349000
vn -0.998200 -0.060600 0.000400
vn -0.999800 0.020100 0.000000
vn -0.999800 -0.019000 -0.000300
vn -0.999800 -0.019600 -0.000300
vn -0.999800 0.018500 0.000000
vn -0.999800 0.019000 0.000000
vn -0.999800 -0.019100 -0.000300
vn 0.946800 -0.013100 0.321400
vn 0.921900 0.018500 -0.386900
vn 0.998400 0.014900 0.054900
vn 0.946900 -0.013100 -0.321400
vn 0.879300 0.012000 -0.476200
vn 0.998400 0.014900 -0.054900
vn 0.896300 -0.015300 0.443200
vn 0.921700 0.002200 0.387900
vn 0.878600 0.002200 -0.477600
vn 0.899600 0.017700 -0.436300
vn 0.998200 0.021800 -0.056100
vn 0.005100 -0.982300 -0.187200
vn -0.004900 -0.954600 -0.297700
vn -0.007200 -0.999300 0.036700
vn -0.007800 -0.961900 0.273400
vn -0.000800 -0.969800 0.243900
vn -0.004900 -0.949600 -0.313300
vn -0.005600 -0.999300 -0.036900
vn 0.008100 -0.975100 0.221400
vn 0.000800 -0.968100 0.250600
vn 0.007100 -0.958300 0.285800
vn -0.007400 0.968200 -0.249900
vn 0.005100 0.978900 -0.204400
vn -0.004900 0.948700 -0.316000
vn -0.005600 0.999400 -0.033800
vn 0.000000 0.950900 0.309400
vn -0.004900 0.954600 -0.297700
vn -0.000000 0.966900 -0.255200
vn 0.005100 0.975200 -0.221300
vn 0.005600 0.999400 0.034600
vn 0.879200 0.012000 -0.476200
vn 0.948100 -0.019500 0.317500
vn 0.947000 -0.013100 -0.321100
vn 0.901300 0.000000 -0.433300
vn 0.879300 0.012000 -0.476100
vn 0.998400 0.014900 -0.054800
vn 0.921700 0.002300 0.388000
vn 0.878700 0.002200 -0.477400
vn 0.998500 0.002500 -0.055400
vn 0.899700 0.017800 -0.436100
vn 0.998200 0.021900 -0.056000
vn 0.005100 -0.982400 -0.186600
vn -0.000000 -0.975800 -0.218700
vn -0.007200 -0.999300 0.037200
vn -0.007800 -0.961800 0.273500
vn -0.000800 -0.969800 0.244000
vn -0.004900 -0.949500 -0.313800
vn -0.005600 -0.999300 -0.037400
vn -0.000000 -0.958700 -0.284400
vn 0.008100 -0.975200 0.221300
vn 0.000800 -0.968100 0.250500
vn 0.007500 -0.968400 -0.249400
vn 0.006600 -0.991000 0.133900
vn 0.003100 -0.912200 0.409600
vn 0.633100 -0.009900 -0.774000
vn 0.613000 0.001600 -0.790100
vn 0.789100 -0.012900 -0.614200
vn 0.707100 -0.011100 -0.707100
vn 0.827700 0.002200 -0.561200
vn 0.713500 0.001900 -0.700700
vn 0.851500 0.017300 -0.524100
vn 0.713200 0.014500 -0.700800
vn 0.713700 -0.014700 -0.700300
vn 0.702600 -0.000400 -0.711500
vn 0.707100 -0.010100 -0.707000
vn 0.652200 -0.000200 -0.758000
vn 0.642200 0.000400 -0.766500
vn 0.652300 0.004600 -0.758000
vn 0.715700 -0.009700 -0.698400
vn 0.662000 0.000200 -0.749500
vn 0.698200 -0.005000 -0.715900
vn 0.707100 -0.009600 -0.707000
vn 0.642200 0.000200 -0.766500
vn 0.652300 0.000200 -0.757900
vn 0.643600 0.004900 -0.765400
vn 0.652300 0.005000 -0.758000
vn -0.715800 0.009900 -0.698200
vn -0.707100 0.005000 -0.707100
vn -0.773600 -0.010600 -0.633600
vn -0.768000 -0.005400 -0.640400
vn -0.713700 0.014700 -0.700300
vn -0.702600 0.000400 -0.711600
vn -0.707100 0.010100 -0.707100
vn -0.642100 -0.000400 -0.766600
vn -0.652300 -0.004700 -0.758000
vn -0.715900 0.009700 -0.698200
vn -0.662200 -0.000200 -0.749300
vn -0.698000 0.005000 -0.716100
vn -0.707100 0.009600 -0.707100
vn -0.642000 -0.000200 -0.766700
vn -0.643500 -0.005000 -0.765400
vn -0.652300 -0.005000 -0.758000
vn -0.951000 0.196000 -0.239100
vn -0.557700 0.789600 -0.256100
vn -0.949100 0.205600 0.238700
vn -0.978400 0.206700 0.000000
vn -0.553100 0.793400 0.254000
vn -0.170800 0.955900 0.238800
vn -0.176600 0.984300 0.000000
vn 0.007700 -0.990500 -0.137000
vn 0.668200 -0.744000 0.000000
vn -0.101500 -0.966200 -0.236800
vn -0.341500 -0.907400 -0.245000
vn -0.102500 -0.965600 0.239100
vn -0.344600 -0.905600 0.247300
vn -0.648200 -0.716100 0.259000
vn -0.668500 -0.743700 0.000000
vn -0.334200 0.942500 0.000100
vn -0.324200 0.920700 -0.217400
vn -0.335500 0.916600 -0.217400
vn 0.333900 0.942600 0.000100
vn 0.355800 0.934600 0.000000
vn 0.347000 0.914000 -0.210300
vn 0.335200 0.916700 -0.217300
vn -0.588100 -0.808800 0.000000
vn 0.007700 0.985000 -0.172300
vn -0.603000 -0.797700 -0.000100
vn -0.595700 -0.803200 -0.000100
vn -0.587400 -0.773700 -0.237300
vn -0.582800 -0.781300 -0.223500
vn -0.000200 -0.000200 1.000000
vn -0.971500 0.128400 0.199200
vn -0.952100 0.113400 0.284100
vn -0.971900 0.127000 -0.198300
vn -0.952500 0.112600 -0.282900
vn -0.935400 0.057300 -0.348900
vn -0.998200 0.060500 -0.000400
vn -0.975400 -0.020100 -0.219300
vn -0.975300 -0.017900 0.220200
vn -0.934800 0.016800 0.354700
vn -0.928800 0.013700 -0.370300
vn -0.930000 0.092900 -0.355600
vn -0.927500 0.014600 0.373500
vn -0.928500 0.093600 0.359400
vn -0.938400 0.150100 0.311200
vn 0.971500 -0.128400 0.199200
vn 0.952100 -0.113500 0.284100
vn 0.971900 -0.127100 -0.198300
vn 0.991400 -0.130700 0.000000
vn 0.952500 -0.112700 -0.282900
vn 0.935400 -0.057300 -0.349000
vn 0.998200 -0.060600 -0.000400
vn 0.975400 0.020100 -0.219300
vn 0.975300 0.017900 0.220200
vn 0.934800 -0.016800 0.354800
vn 0.928800 -0.013700 -0.370300
vn 0.930000 -0.092900 -0.355700
vn 0.927500 -0.014600 0.373500
vn 0.928500 -0.093700 0.359400
vn 0.938400 -0.150100 0.311200
vn 0.930000 -0.093000 -0.355500
vn -0.334600 0.942400 0.000100
vn -0.951100 0.195500 -0.239000
vn -0.557600 0.789600 -0.256100
vn -0.949200 0.205100 0.238600
vn -0.978500 0.206100 0.000000
vn -0.553100 0.793500 0.254000
vn 0.668800 -0.743500 0.000000
vn 0.004900 0.948700 0.316100
vn 0.005900 0.956700 -0.291000
vn 0.000000 0.947900 -0.318500
vn 0.003300 0.954700 0.297700
vn 0.000000 0.965300 0.261000
vn -0.003400 0.968100 0.250500
vn -0.004800 0.999300 -0.036700
vn -0.003400 -0.973600 0.228000
vn 0.003300 -0.954700 0.297700
vn 0.000000 -0.971200 0.238400
vn 0.005000 -0.999100 -0.041000
vn 0.005800 -0.955900 -0.293800
vn 0.000300 -0.958700 -0.284400
vn 0.004900 -0.949700 0.313300
vn -0.990500 0.000000 -0.137500
vn -0.999800 -0.016600 0.005200
vn -1.000000 -0.005600 -0.000000
vn -0.991300 -0.000100 -0.131700
vn -0.991900 0.015800 -0.126300
vn -0.991300 0.005500 -0.131400
vn -0.999800 -0.017500 0.000000
vn -0.999800 -0.019100 -0.000000
vn -0.999800 -0.018300 0.000000
vn -0.999600 0.018500 -0.020900
vn -0.999600 0.017600 -0.021000
vn -0.999900 -0.016000 -0.000000
vn -0.999800 -0.017600 -0.000000
vn -0.999900 -0.016800 0.000000
vn -0.999600 0.018300 -0.020100
vn -0.999600 0.017400 -0.020200
vn -0.007100 -0.993400 0.114600
vn -0.004300 -0.999900 0.012700
vn 0.006700 -0.954600 0.297700
vn 0.000000 -0.976800 0.214000
vn 0.009300 -1.000000 0.000000
vn 0.008600 -0.956700 -0.291000
vn 0.002500 -0.982300 -0.187000
vn 0.003300 -0.942300 0.334600
vn 0.004500 -0.999200 0.041000
vn -0.003300 -0.963600 0.267500
vn -0.000000 -0.945700 0.325100
vn -0.005900 -0.965700 -0.259700
vn -0.000300 -0.963100 -0.269000
vn 0.005900 -0.963200 0.268600
vn -0.006000 -0.964900 0.262500
vn 0.000000 -0.965900 0.259000
vn -0.006100 -0.999100 -0.041300
vn -0.004900 -0.945400 -0.326000
vn -0.000300 -0.942200 -0.335000
vn -0.003300 0.963600 -0.267500
vn -0.000000 0.948700 -0.316100
vn -0.006000 0.964900 0.262500
vn -0.004800 1.000000 0.000000
vn 0.000000 0.969400 0.245600
vn 0.005900 0.966700 0.255700
vn 0.004200 0.999300 -0.036300
vn -0.006000 0.964900 -0.262500
vn 0.000000 0.969400 -0.245600
vn -0.003300 0.963600 0.267500
vn -0.000000 0.948700 0.316100
vn 0.003300 0.945400 0.326000
vn 0.004200 0.999300 0.036300
vn -0.000000 0.969700 -0.244200
vn 0.006700 0.954600 0.297700
vn 0.000000 0.962800 0.270200
vn -0.007100 0.988300 0.152500
vn -0.003300 0.999900 0.012800
vn -0.000100 0.000500 1.000000
vn -0.000200 -0.000600 1.000000
vn 0.005100 -0.982300 -0.187300
vn -0.000000 -0.975600 -0.219400
vn -0.007200 -0.999300 0.036600
vn -0.007800 -0.961900 0.273300
vn -0.000800 -0.969800 0.243800
vn 0.000800 -0.968100 0.250700
vn -0.000900 0.999400 0.034100
vn 0.005100 0.975200 -0.221400
vn 0.891800 -0.013400 -0.452100
vn -0.942600 0.065800 0.327500
vn -0.908800 0.047000 0.414500
vn -0.957900 0.077400 -0.276500
vn -0.997300 0.069200 0.025600
vn -0.937500 0.047500 -0.344700
vn -0.917100 0.006500 -0.398600
vn -0.999000 0.019300 0.039900
vn -0.981300 -0.051100 -0.185600
vn -0.961900 -0.052900 -0.268300
vn -0.970800 -0.051600 0.234400
vn -0.998300 -0.052100 0.025600
vn -0.948100 -0.052500 0.313600
vn -0.927200 -0.035400 0.372800
vn -0.998900 -0.038700 0.024700
vn -0.936900 0.018800 -0.349100
vn -0.919200 0.016500 0.393400
vn -0.999000 0.038000 0.025600
vn -0.946900 -0.017400 0.321100
vn -0.998300 0.052900 0.024700
vn 0.956700 0.053100 -0.286100
vn 0.931400 0.048100 -0.360800
vn 0.944000 0.049300 0.326300
vn 0.998200 0.054900 0.025600
vn 0.915800 0.046300 0.399000
vn 0.893900 0.032200 0.447000
vn 0.999000 0.033900 0.028400
vn 0.981300 0.051100 -0.185600
vn 0.961900 0.052900 -0.268300
vn 0.970800 0.051600 0.234400
vn 0.998300 0.052200 0.025600
vn 0.948100 0.052600 0.313600
vn 0.927200 0.035400 0.372900
vn 0.998900 0.038700 0.024700
vn 0.936900 -0.018800 -0.349200
vn 0.919200 -0.016500 0.393400
vn 0.999000 -0.038000 0.025600
vn 0.946900 0.017400 0.321200
vn 0.998300 -0.052900 0.024700
vn -0.005800 1.000000 0.000000
vn 0.000000 1.000000 0.000400
vn -0.008800 1.000000 0.000000
vn -0.013300 0.999900 -0.000600
vn -0.007300 1.000000 -0.000500
vn 0.000000 1.000000 0.000600
vn 0.000000 1.000000 0.001000
vn 0.000000 1.000000 0.000800
vn -0.008900 1.000000 0.000000
vn -0.013700 0.999900 -0.001200
vn -0.007300 1.000000 -0.001100
vn 0.007300 0.956700 -0.290900
vn -0.007500 0.956700 -0.291000
vn -0.006700 1.000000 0.000100
vn -0.003300 0.954700 0.297700
vn -0.000100 0.954600 0.297800
vn 0.996500 -0.083400 0.000000
vn 0.904700 0.018200 -0.425600
vn 1.000000 -0.000500 0.002800
vn 0.999900 -0.013900 0.000300
vn 1.000000 -0.000100 -0.007600
vn 1.000000 -0.007100 0.000000
vn 1.000000 0.000000 -0.009200
vn 1.000000 0.000000 -0.009300
vn 0.999900 0.006900 -0.008300
vn 0.999800 -0.020100 0.000500
vn 1.000000 0.000000 -0.007300
vn 1.000000 -0.007000 -0.000500
vn 0.999900 -0.013700 0.000000
vn 1.000000 -0.000100 -0.009400
vn 0.999900 0.006900 -0.009600
vn 0.999900 0.013800 -0.008400
vn 0.000000 -1.000000 0.003200
vn -0.005500 -1.000000 0.000100
vn -0.002900 -1.000000 0.000000
vn 0.000200 -1.000000 0.002600
vn 0.000200 -1.000000 0.002900
vn 0.005100 -1.000000 0.002900
vn 0.002600 -1.000000 0.002900
vn -0.004800 -1.000000 0.000000
vn -0.000300 -1.000000 -0.003300
vn -0.002200 -1.000000 0.000000
vn 0.000000 -1.000000 -0.002600
vn 0.001900 -1.000000 -0.002900
vn -0.007600 -1.000000 0.000600
vn 0.000000 -1.000000 -0.002400
vn -0.002400 -1.000000 -0.000600
vn 0.000000 -1.000000 -0.003000
vn 0.002600 -1.000000 -0.003500
vn 0.005300 -1.000000 -0.003000
vn -1.000000 0.000000 0.000600
vn -0.857800 0.003600 0.514000
vn -0.982300 0.015900 0.186900
vn -0.857800 -0.003600 0.514000
vn -0.999900 0.016400 -0.000600
vn -0.982000 0.000000 0.188700
vn -0.981200 0.020200 -0.191900
vn -0.981800 0.000000 -0.189700
vn -0.854700 0.014200 -0.518900
vn -0.978900 0.004000 -0.204100
vn -0.001500 1.000000 -0.005300
vn -0.006100 1.000000 -0.001700
vn 0.001500 1.000000 -0.005300
vn -0.006200 1.000000 -0.000000
vn -0.007800 1.000000 0.001800
vn -0.006300 1.000000 0.005300
vn -0.001600 1.000000 0.001700
vn 0.857800 0.003600 -0.513900
vn 0.857300 0.000000 -0.514900
vn 0.982200 0.015900 -0.187300
vn 0.857700 -0.003600 -0.514100
vn 0.857200 0.000000 -0.515000
vn 0.999900 0.016400 0.000000
vn 0.999800 -0.020100 0.000600
vn 0.981200 0.020200 0.192100
vn 0.854700 0.014200 0.519000
vn 0.979000 0.004000 0.203800
vn 0.000000 0.922300 0.386400
vn 0.005000 0.956700 -0.290900
vn -0.005000 0.979800 -0.199900
vn -0.002600 0.994700 0.103000
vn 0.000000 0.976300 0.216600
vn -0.000000 0.958800 -0.284100
vn 0.000900 0.999400 -0.034600
vn -0.004900 0.948600 -0.316400
vn -0.005600 0.999400 -0.034200
vn -0.007300 0.956700 0.290900
vn 0.000000 0.950800 0.309800
vn -0.004900 0.954700 -0.297700
vn -0.000000 0.967000 -0.254800
vn 0.005100 0.975300 -0.221000
vn 0.005600 0.999400 0.035100
vn 0.999800 -0.020600 -0.006300
vn 0.987000 0.019800 0.159400
vn 0.986400 0.006800 0.163900
vn -0.002500 -0.954700 0.297700
vn -0.005000 -0.956700 -0.291000
vn 0.000000 -0.956800 -0.290900
vn -0.000100 -1.000000 0.000100
vn 0.007300 -0.956700 -0.290900
vn 0.002600 -1.000000 0.000100
vn -0.005200 -1.000000 0.000000
vn 0.002500 -1.000000 -0.000100
vn 0.002400 0.000000 1.000000
vn 0.002500 0.000400 1.000000
vn 0.002000 0.000400 1.000000
vn -0.000400 -0.000500 1.000000
vn 0.001800 0.000000 1.000000
vn 0.002300 0.000400 1.000000
vn 0.002100 0.000500 1.000000
vn -0.999800 0.020600 -0.006200
vn -1.000000 0.006800 0.000000
vn -0.999700 -0.020100 0.010900
vn -0.999900 -0.006100 0.008300
vn -0.999900 0.013800 -0.000100
vn -1.000000 0.006900 0.000000
vn -0.999900 -0.006900 -0.008300
vn -0.999900 -0.007000 -0.008800
vn -0.999900 -0.013900 -0.008400
s off
f 489//1 15//1 481//1
f 467//2 91//2 469//2
f 513//1 23//1 505//1
f 515//3 24//3 507//3
f 493//4 88//4 491//4
f 2343//5 511//5 90//5
f 2347//6 493//6 88//6
f 519//2 83//2 517//2
f 2355//7 521//7 88//7
f 2359//8 497//8 89//8
f 2363//8 537//8 7//8
f 2367//9 525//9 6//9
f 529//1 1//1 531//1
f 2375//10 541//10 6//10
f 2379//11 533//11 9//11
f 541//4 6//4 543//4
f 571//12 42//12 1013//12
f 1025//13 46//13 585//13
f 581//14 45//14 573//14
f 585//15 46//15 577//15
f 2403//16 587//16 47//16
f 2407//17 567//17 43//17
f 559//4 17//4 557//4
f 2415//18 595//18 13//18
f 2419//10 559//10 17//10
f 601//1 31//1 599//1
f 2427//19 605//19 17//19
f 2431//20 591//20 16//20
f 607//3 32//3 609//3
f 625//21 62//21 1067//21
f 1079//22 66//22 639//22
f 635//14 65//14 627//14
f 639//23 66//23 631//23
f 641//1 67//1 633//1
f 621//24 63//24 1071//24
f 655//25 70//25 651//25
f 657//26 55//26 643//26
f 2471//27 669//27 81//27
f 2475//28 659//28 79//28
f 661//29 72//29 663//29
f 2483//30 673//30 79//30
f 2487//31 665//31 82//31
f 673//3 79//3 675//3
f 475//32 11//32 917//32
f 1131//33 15//33 489//33
f 689//23 14//23 477//23
f 693//3 8//3 687//3
f 685//34 12//34 1125//34
f 499//32 19//32 941//32
f 953//33 23//33 513//33
f 699//35 22//35 501//35
f 697//34 20//34 945//34
f 523//21 27//21 965//21
f 1001//22 38//22 561//22
f 715//36 37//36 709//36
f 561//37 38//37 711//37
f 563//1 39//1 713//1
f 705//38 28//38 1151//38
f 723//39 54//39 1163//39
f 1171//40 58//40 731//40
f 727//14 50//14 597//14
f 731//41 58//41 617//41
f 733//16 52//16 603//16
f 721//42 49//42 1041//42
f 2579//43 741//43 26//43
f 2583//44 715//44 37//44
f 745//45 80//45 743//45
f 2591//46 747//46 37//46
f 2595//47 737//47 33//47
f 765//37 104//37 767//37
f 2603//48 757//48 106//48
f 2607//49 765//49 104//49
f 753//37 99//37 751//37
f 2615//50 755//50 104//50
f 2619//51 761//51 105//51
f 779//23 110//23 781//23
f 2627//51 777//51 111//51
f 803//23 118//23 805//23
f 2635//52 795//52 120//52
f 2639//53 882//53 113//53
f 1350//54 347//54 1352//54
f 2647//4 1349//4 129//4
f 2651//51 799//51 119//51
f 2655//55 815//55 80//55
f 68//56 735//56 813//56
f 46//57 821//57 1025//57
f 18//58 1257//58 695//58
f 97//59 1255//59 1187//59
f 821//60 46//60 577//60
f 2667//61 853//61 94//61
f 2671//62 467//62 91//62
f 465//2 95//2 827//2
f 2679//63 829//63 91//63
f 2683//64 857//64 92//64
f 2687//65 835//65 84//65
f 2691//63 831//63 83//63
f 2695//62 519//62 83//62
f 2699//61 833//61 87//61
f 2703//66 843//66 69//66
f 2707//67 839//67 70//67
f 2711//68 655//68 70//68
f 2715//69 841//69 57//69
f 849//70 55//70 643//70
f 649//71 51//71 817//71
f 849//72 55//72 657//72
f 2731//73 851//73 75//73
f 2735//48 865//48 112//48
f 2739//49 779//49 110//49
f 861//37 118//37 805//37
f 2747//50 863//50 110//50
f 71//74 1183//74 1281//74
f 2752//75 819//75 111//75
f 2756//76 871//76 108//76
f 108//77 871//77 869//77
f 926//78 139//78 1346//78
f 1321//22 128//22 893//22
f 889//79 123//79 873//79
f 893//23 128//23 879//23
f 2777//54 1342//54 346//54
f 1341//4 135//4 918//4
f 1325//80 52//80 733//80
f 873//81 123//81 897//81
f 725//82 49//82 1329//82
f 603//83 52//83 1325//83
f 2801//49 803//49 118//49
f 907//15 124//15 905//15
f 2809//50 909//50 118//50
f 885//84 126//84 1339//84
f 2817//85 895//85 124//85
f 911//86 117//86 1331//86
f 1357//4 147//4 942//4
f 2829//85 1358//85 348//85
f 950//85 151//85 1362//85
f 2837//87 1365//87 148//87
f 2841//88 1366//88 349//88
f 952//89 152//89 1370//89
f 2849//53 1373//53 140//53
f 1374//78 350//78 1376//78
f 2857//78 930//78 141//78
f 1381//90 137//90 922//90
f 2865//91 1382//91 351//91
f 948//92 150//92 1386//92
f 1389//93 155//93 958//93
f 1390//94 352//94 1392//94
f 930//95 141//95 1394//95
f 2885//1 1397//1 153//1
f 1398//53 353//53 1400//53
f 2893//96 956//96 154//96
f 1405//97 140//97 928//97
f 2901//98 1406//98 354//98
f 958//99 155//99 1410//99
f 1413//100 138//100 486//100
f 2913//101 1414//101 355//101
f 934//102 143//102 1418//102
f 1421//103 167//103 544//103
f 2925//104 1422//104 356//104
f 974//105 163//105 1426//105
f 1429//97 166//97 980//97
f 2937//106 1430//106 357//106
f 962//107 157//107 1434//107
f 2945//54 1437//54 160//54
f 1438//108 358//108 1440//108
f 2953//78 966//78 159//78
f 1445//109 157//109 962//109
f 2961//110 1446//110 359//110
f 978//95 165//95 1450//95
f 1453//90 168//90 984//90
f 2973//111 1454//111 360//111
f 970//112 161//112 1458//112
f 2981//53 1461//53 166//53
f 1462//78 361//78 1464//78
f 2989//78 978//78 165//78
f 2993//113 1469//113 182//113
f 2997//114 1470//114 362//114
f 1008//115 180//115 1474//115
f 1477//116 187//116 1022//116
f 3009//117 1478//117 363//117
f 3013//118 586//118 188//118
f 3017//119 1485//119 181//119
f 1486//120 364//120 1488//120
f 3025//121 1018//121 185//121
f 3029//122 1493//122 183//122
f 3033//123 1494//123 365//123
f 1022//124 187//124 1498//124
f 1501//16 184//16 1016//16
f 3045//16 1502//16 366//16
f 1024//16 188//16 1506//16
f 1509//125 184//125 578//125
f 3057//126 1510//126 367//126
f 1004//127 178//127 1514//127
f 3065//54 1517//54 173//54
f 1518//108 368//108 1520//108
f 3073//78 996//78 174//78
f 1525//90 171//90 990//90
f 3081//128 1526//128 369//128
f 1032//112 192//112 1530//112
f 1533//129 197//129 1042//129
f 3093//130 1534//130 370//130
f 996//95 174//95 1538//95
f 3101//54 1541//54 194//54
f 1542//108 371//108 1544//108
f 3109//78 1038//78 195//78
f 1549//97 173//97 994//97
f 3117//106 1550//106 372//106
f 1042//107 197//107 1554//107
f 1557//100 172//100 554//100
f 3129//104 1558//104 373//104
f 1028//105 190//105 1562//105
f 3137//87 1565//87 199//87
f 3141//88 1566//88 374//88
f 1044//131 198//131 1570//131
f 3149//132 1573//132 209//132
f 3153//133 1574//133 375//133
f 1062//115 207//115 1578//115
f 1581//134 214//134 1076//134
f 3165//135 1582//135 376//135
f 3169//136 640//136 215//136
f 3173//119 1589//119 208//119
f 1590//26 377//26 1592//26
f 1072//26 212//26 1594//26
f 3185//137 1597//137 210//137
f 3189//123 1598//123 378//123
f 1076//124 214//124 1602//124
f 3197//54 1605//54 211//54
f 1606//108 379//108 1608//108
f 3205//78 1078//78 215//78
f 3209//138 1613//138 211//138
f 3213//139 1614//139 380//139
f 1058//140 205//140 1618//140
f 3221//141 1621//141 220//141
f 3225//142 1622//142 381//142
f 1092//143 222//143 1626//143
f 3233//26 1629//26 216//26
f 3237//121 1630//121 382//121
f 1094//144 223//144 1634//144
f 3245//145 1637//145 233//145
f 3249//146 1638//146 383//146
f 1106//147 229//147 1642//147
f 3257//148 1645//148 232//148
f 3261//119 1646//119 384//119
f 1096//121 224//121 1650//121
f 3269//87 1653//87 226//87
f 3273//149 1654//149 385//149
f 1098//89 225//89 1658//89
f 3281//150 1661//150 224//150
f 3285//151 1662//151 386//151
f 3289//152 1110//152 231//152
f 3293//153 1669//153 234//153
f 3297//154 1670//154 387//154
f 3301//155 1102//155 227//155
f 3305//87 1677//87 232//87
f 3309//149 1678//149 388//149
f 1110//89 231//89 1682//89
f 1685//156 134//156 478//156
f 1686//157 389//157 1688//157
f 3325//158 788//158 132//158
f 3329//159 1693//159 139//159
f 1694//160 390//160 1696//160
f 692//161 241//161 1698//161
f 3341//162 1701//162 133//162
f 3345//163 1702//163 391//163
f 1126//164 239//164 1706//164
f 3353//87 1709//87 238//87
f 3357//88 1710//88 392//88
f 1130//89 241//89 1714//89
f 1717//165 238//165 686//165
f 3369//166 1718//166 393//166
f 1122//166 237//166 1722//166
f 1725//156 146//156 502//156
f 1726//167 394//167 1728//167
f 3385//168 936//168 144//168
f 3389//169 1733//169 151//169
f 1734//170 395//170 1736//170
f 514//161 152//161 1738//161
f 3401//171 1741//171 145//171
f 3405//172 1742//172 396//172
f 1136//15 244//15 1746//15
f 1749//165 148//165 506//165
f 1750//166 397//166 1752//166
f 3421//173 1134//173 243//173
f 3425//174 1757//174 158//174
f 3429//175 1758//175 398//175
f 960//176 156//176 1762//176
f 1765//177 175//177 998//177
f 1766//178 399//178 1768//178
f 3445//136 562//136 176//136
f 3449//179 1773//179 249//179
f 1774//119 400//119 1776//119
f 3457//119 1152//119 252//119
f 3461//137 1781//137 250//137
f 3465//180 1782//180 401//180
f 998//181 175//181 1786//181
f 3473//54 1789//54 251//54
f 1790//108 402//108 1792//108
f 3481//78 1000//78 176//78
f 3485//138 1797//138 251//138
f 3489//182 1798//182 403//182
f 1142//183 247//183 1802//183
f 1805//80 257//80 724//80
f 3501//184 1806//184 404//184
f 1160//185 256//185 1810//185
f 1813//186 260//186 1168//186
f 3513//187 1814//187 405//187
f 732//82 261//82 1818//82
f 3521//119 1821//119 193//119
f 1822//120 406//120 1824//120
f 3529//121 1164//121 258//121
f 3533//188 1829//188 203//188
f 3537//189 1830//189 407//189
f 1168//190 260//190 1834//190
f 1837//16 196//16 1040//16
f 1838//16 408//16 1840//16
f 1170//16 261//16 1842//16
f 3557//191 1845//191 196//191
f 3561//126 1846//126 409//126
f 1158//127 255//127 1850//127
f 1853//192 246//192 1140//192
f 1854//193 410//193 1856//193
f 1178//194 265//194 1858//194
f 1861//195 268//195 1184//195
f 1862//178 411//178 1864//178
f 1152//196 252//196 1866//196
f 3593//179 1869//179 266//179
f 1870//197 412//197 1872//197
f 3601//198 1182//198 267//198
f 1877//199 249//199 1146//199
f 3609//200 1878//200 413//200
f 1184//201 268//201 1882//201
f 1885//202 248//202 706//202
f 3621//203 1886//203 414//203
f 1174//204 263//204 1890//204
f 3629//162 1893//162 278//162
f 3633//205 1894//205 415//205
f 1202//124 277//124 1898//124
f 3641//206 1901//206 280//206
f 3645//207 1902//207 416//207
f 3649//158 1194//158 273//158
f 3653//159 1909//159 272//159
f 3657//208 1910//208 417//208
f 3661//209 1202//209 277//209
f 3665//162 1917//162 270//162
f 3669//205 1918//205 418//205
f 1190//210 271//210 1922//210
f 3677//211 1925//211 278//211
f 3681//54 1926//54 419//54
f 1192//78 272//78 1930//78
f 3689//212 1933//212 279//212
f 3693//213 1934//213 420//213
f 1198//214 275//214 1938//214
f 3701//162 1941//162 285//162
f 3705//205 1942//205 421//205
f 1216//215 284//215 1946//215
f 3713//212 1949//212 286//212
f 3717//213 1950//213 422//213
f 1214//214 283//214 1954//214
f 3725//162 1957//162 294//162
f 3729//205 1958//205 423//205
f 1234//210 293//210 1962//210
f 3737//216 1965//216 296//216
f 3741//217 1966//217 424//217
f 3745//218 1226//218 289//218
f 3749//212 1973//212 295//212
f 3753//213 1974//213 425//213
f 1230//214 291//214 1978//214
f 1981//219 266//219 1180//219
f 3765//220 1982//220 426//220
f 1246//221 299//221 1986//221
f 298//222 1988//222 1244//222
f 298//223 1990//223 1988//223
f 262//224 1172//224 1993//224
f 188//80 1994//80 586//80
f 188//225 1996//225 1994//225
f 302//226 1252//226 1999//226
f 242//82 2000//82 1132//82
f 242//227 2002//227 2000//227
f 304//228 824//228 2005//228
f 269//229 2006//229 748//229
f 269//230 2008//230 2006//230
f 303//231 822//231 2011//231
f 3785//232 2013//232 183//232
f 3789//233 2014//233 427//233
f 1252//234 302//234 2018//234
f 2021//235 131//235 790//235
f 3801//236 2022//236 428//236
f 1284//237 318//237 2026//237
f 2029//238 306//238 1260//238
f 2030//94 429//94 2032//94
f 882//239 113//239 2034//239
f 3821//1 2037//1 305//1
f 2038//53 430//53 2040//53
f 3829//96 886//96 122//96
f 2045//240 129//240 874//240
f 3837//241 2046//241 431//241
f 1260//242 306//242 2050//242
f 2053//243 130//243 470//243
f 3849//244 2054//244 432//244
f 1288//245 320//245 2058//245
f 2061//243 149//243 508//243
f 3861//101 2062//101 433//101
f 1266//102 309//102 2066//102
f 2069//240 153//240 954//240
f 3873//98 2070//98 434//98
f 1262//99 307//99 2074//99
f 2077//93 307//93 1262//93
f 2078//94 435//94 2080//94
f 956//239 154//239 2082//239
f 2085//235 142//235 932//235
f 3897//91 2086//91 436//91
f 1264//92 308//92 2090//92
f 3905//246 2093//246 218//246
f 3909//146 2094//146 437//146
f 1274//147 313//147 2098//147
f 3917//247 2101//247 220//247
f 3921//119 2102//119 438//119
f 1270//121 311//121 2106//121
f 3929//150 2109//150 311//150
f 3933//151 2110//151 439//151
f 3937//248 1092//248 222//248
f 3941//249 2117//249 217//249
f 3945//250 2118//250 440//250
f 3949//251 1272//251 312//251
f 3953//252 2125//252 216//252
f 2126//253 441//253 2128//253
f 3961//254 1280//254 316//254
f 2133//255 300//255 1248//255
f 3969//256 2134//256 442//256
f 3973//257 1086//257 219//257
f 3977//258 2141//258 223//258
f 3981//259 2142//259 443//259
f 3985//260 1280//260 316//260
f 3989//73 2149//73 264//73
f 3993//147 2150//147 444//147
f 1282//261 317//261 2154//261
f 4001//262 2157//262 287//262
f 4005//263 2158//263 445//263
f 4009//264 1296//264 324//264
f 4013//265 2165//265 323//265
f 4017//266 2166//266 446//266
f 4021//267 1216//267 284//267
f 4025//162 2173//162 294//162
f 4029//205 2174//205 447//205
f 1292//210 322//210 2178//210
f 4037//211 2181//211 285//211
f 4041//54 2182//54 448//54
f 1294//78 323//78 2186//78
f 316//268 2188//268 848//268
f 316//269 2190//269 2188//269
f 267//270 744//270 2193//270
f 2195//271 286//271 782//271
f 2196//272 449//272 2198//272
f 4060//273 1250//273 301//273
f 2203//274 286//274 1220//274
f 2204//275 450//275 2206//275
f 4072//276 1302//276 327//276
f 326//277 2210//277 1300//277
f 326//278 2212//278 2210//278
f 327//279 1302//279 2215//279
f 2217//280 335//280 1318//280
f 2218//281 451//281 2220//281
f 4087//282 894//282 336//282
f 2225//283 328//283 1304//283
f 2226//79 452//79 2228//79
f 1314//79 333//79 2230//79
f 4103//284 2233//284 330//284
f 2234//285 453//285 2236//285
f 4111//286 1318//286 335//286
f 4115//287 2241//287 261//287
f 2242//288 454//288 2244//288
f 4123//289 898//289 338//289
f 4127//290 2249//290 337//290
f 2250//291 455//291 2252//291
f 4135//292 1304//292 328//292
f 4139//293 2257//293 340//293
f 2258//294 456//294 2260//294
f 4147//295 1162//295 257//295
f 4151//296 2265//296 338//296
f 2266//297 457//297 2268//297
f 4159//298 1040//298 196//298
f 4163//299 2273//299 343//299
f 4167//266 2274//266 458//266
f 4171//209 1234//209 293//209
f 4175//300 2281//300 341//300
f 4179//205 2282//205 459//205
f 1332//210 342//210 2286//210
f 4187//211 2289//211 294//211
f 4191//85 2290//85 460//85
f 4195//85 1334//85 343//85
f 4199//301 2297//301 345//301
f 2298//302 461//302 2300//302
f 1312//303 332//303 2302//303
f 2305//85 341//85 1330//85
f 2306//304 462//304 2308//304
f 4219//78 1320//78 336//78
f 4223//305 2313//305 341//305
f 2314//306 463//306 2316//306
f 4231//307 1336//307 344//307
f 1341//145 2321//145 480//145
f 2323//308 481//308 480//308
f 346//309 1347//309 2320//309
f 1340//310 2320//310 2321//310
f 1347//311 1346//311 2322//311
f 2322//312 2323//312 2321//312
f 1346//313 139//313 488//313
f 488//85 489//85 2323//85
f 2325//314 468//314 129//314
f 2327//315 469//315 468//315
f 1355//316 2324//316 1348//316
f 2324//317 2325//317 1349//317
f 1354//318 2326//318 2324//318
f 2326//319 2327//319 2325//319
f 113//320 466//320 2326//320
f 466//321 467//321 2327//321
f 1357//145 2329//145 504//145
f 2331//308 505//308 504//308
f 348//309 1363//309 2328//309
f 1356//310 2328//310 2329//310
f 1363//311 1362//311 2330//311
f 2330//312 2331//312 2329//312
f 1362//313 151//313 512//313
f 512//85 513//85 2331//85
f 2333//322 506//322 148//322
f 2335//323 507//323 506//323
f 349//324 1371//324 2332//324
f 2332//325 2333//325 1365//325
f 1371//326 1370//326 2334//326
f 2334//327 2335//327 2333//327
f 1370//328 152//328 514//328
f 514//329 515//329 2335//329
f 2337//330 490//330 140//330
f 2339//315 491//315 490//315
f 1379//331 2336//331 1372//331
f 2336//332 2337//332 1373//332
f 1378//333 2338//333 2336//333
f 2338//319 2339//319 2337//319
f 141//313 492//313 2338//313
f 492//334 493//334 2339//334
f 1381//335 2341//335 484//335
f 2341//336 2343//336 485//336
f 1387//337 2340//337 1380//337
f 2340//338 2341//338 1381//338
f 1386//339 2342//339 2340//339
f 2342//340 2343//340 2341//340
f 150//341 510//341 2342//341
f 510//342 511//342 2343//342
f 2345//343 520//343 155//343
f 2347//344 521//344 520//344
f 1395//345 2344//345 1388//345
f 2344//346 2345//346 1389//346
f 1394//347 2346//347 2344//347
f 2346//348 2347//348 2345//348
f 1394//349 141//349 492//349
f 2346//350 492//350 493//350
f 2349//314 516//314 153//314
f 2351//351 517//351 516//351
f 1403//316 2348//316 1396//316
f 2348//317 2349//317 1397//317
f 1402//352 2350//352 2348//352
f 2350//319 2351//319 2349//319
f 154//320 518//320 2350//320
f 518//321 519//321 2351//321
f 1405//353 2353//353 490//353
f 2353//354 2355//354 491//354
f 1411//355 2352//355 1404//355
f 2352//356 2353//356 1405//356
f 1410//357 2354//357 2352//357
f 2354//358 2355//358 2353//358
f 155//359 520//359 2354//359
f 520//360 521//360 2355//360
f 1413//361 2357//361 924//361
f 2357//362 2359//362 925//362
f 1419//363 2356//363 1412//363
f 2356//364 2357//364 1413//364
f 1418//365 2358//365 2356//365
f 2358//366 2359//366 2357//366
f 143//367 496//367 2358//367
f 496//368 497//368 2359//368
f 1421//361 2361//361 982//361
f 2361//362 2363//362 983//362
f 1427//369 2360//369 1420//369
f 2360//364 2361//364 1421//364
f 1426//365 2362//365 2360//365
f 2362//366 2363//366 2361//366
f 163//367 536//367 2362//367
f 536//368 537//368 2363//368
f 1429//353 2365//353 542//353
f 2365//370 2367//370 543//370
f 1435//371 2364//371 1428//371
f 2364//372 2365//372 1429//372
f 1434//373 2366//373 2364//373
f 2366//374 2367//374 2365//374
f 157//375 524//375 2366//375
f 524//376 525//376 2367//376
f 2369//377 530//377 160//377
f 2371//315 531//315 530//315
f 1443//331 2368//331 1436//331
f 2368//378 2369//378 1437//378
f 1442//352 2370//352 2368//352
f 2370//319 2371//319 2369//319
f 159//313 528//313 2370//313
f 528//334 529//334 2371//334
f 2373//379 524//379 157//379
f 2375//380 525//380 524//380
f 1451//381 2372//381 1444//381
f 2372//382 2373//382 1445//382
f 1450//383 2374//383 2372//383
f 2374//384 2375//384 2373//384
f 1450//349 165//349 540//349
f 2374//350 540//350 541//350
f 1453//335 2377//335 546//335
f 2377//336 2379//336 547//336
f 1459//337 2376//337 1452//337
f 2376//338 2377//338 1453//338
f 1458//339 2378//339 2376//339
f 2378//340 2379//340 2377//340
f 161//385 532//385 2378//385
f 532//386 533//386 2379//386
f 2381//330 542//330 166//330
f 2383//315 543//315 542//315
f 1467//331 2380//331 1460//331
f 2380//332 2381//332 1461//332
f 1466//333 2382//333 2380//333
f 2382//319 2383//319 2381//319
f 165//313 540//313 2382//313
f 540//334 541//334 2383//334
f 1469//387 2385//387 1012//387
f 2387//388 1013//388 1012//388
f 1475//389 2384//389 1468//389
f 2384//390 2385//390 1469//390
f 1475//391 1474//391 2386//391
f 2386//392 2387//392 2385//392
f 1474//393 180//393 570//393
f 570//394 571//394 2387//394
f 1477//395 2389//395 584//395
f 2391//396 585//396 584//396
f 1483//397 2388//397 1476//397
f 1476//398 2388//398 2389//398
f 1482//399 2390//399 2388//399
f 2390//400 2391//400 2389//400
f 1482//82 188//82 1024//82
f 1024//401 1025//401 2391//401
f 2393//402 572//402 181//402
f 2395//403 573//403 572//403
f 1491//404 2392//404 1484//404
f 2392//405 2393//405 1485//405
f 1490//406 2394//406 2392//406
f 2394//407 2395//407 2393//407
f 185//408 580//408 2394//408
f 580//409 581//409 2395//409
f 2397//410 576//410 183//410
f 2399//410 577//410 576//410
f 365//411 1499//411 2396//411
f 2396//412 2397//412 1493//412
f 1499//413 1498//413 2398//413
f 2398//414 2399//414 2397//414
f 1498//415 187//415 584//415
f 584//416 585//416 2399//416
f 1501//16 2401//16 578//16
f 2401//16 2403//16 579//16
f 366//16 1507//16 2400//16
f 1500//16 2400//16 2401//16
f 1507//16 1506//16 2402//16
f 2400//16 2402//16 2403//16
f 1506//16 188//16 586//16
f 2402//16 586//16 587//16
f 1509//417 2405//417 1016//417
f 2405//418 2407//418 1017//418
f 367//419 1515//419 2404//419
f 1508//420 2404//420 2405//420
f 1515//421 1514//421 2406//421
f 2404//421 2406//421 2407//421
f 1514//204 178//204 566//204
f 2406//422 566//422 567//422
f 2409//377 556//377 173//377
f 2411//315 557//315 556//315
f 1523//423 2408//423 1516//423
f 2408//378 2409//378 1517//378
f 1522//318 2410//318 2408//318
f 2410//319 2411//319 2409//319
f 174//313 558//313 2410//313
f 558//334 559//334 2411//334
f 1525//335 2413//335 552//335
f 2413//424 2415//424 553//424
f 1531//425 2412//425 1524//425
f 2412//426 2413//426 1525//426
f 1530//427 2414//427 2412//427
f 2414//428 2415//428 2413//428
f 192//429 594//429 2414//429
f 594//430 595//430 2415//430
f 2417//431 604//431 197//431
f 2419//432 605//432 604//432
f 1539//433 2416//433 1532//433
f 2416//434 2417//434 1533//434
f 1538//383 2418//383 2416//383
f 2418//435 2419//435 2417//435
f 1538//349 174//349 558//349
f 2418//350 558//350 559//350
f 2421//377 598//377 194//377
f 2423//315 599//315 598//315
f 1547//331 2420//331 1540//331
f 2420//378 2421//378 1541//378
f 1546//352 2422//352 2420//352
f 2422//436 2423//436 2421//436
f 195//313 600//313 2422//313
f 600//334 601//334 2423//334
f 1549//353 2425//353 556//353
f 2425//354 2427//354 557//354
f 1555//355 2424//355 1548//355
f 2424//356 2425//356 1549//356
f 1554//357 2426//357 2424//357
f 2426//358 2427//358 2425//358
f 197//437 604//437 2426//437
f 604//438 605//438 2427//438
f 1557//361 2429//361 992//361
f 2429//439 2431//439 993//439
f 1563//363 2428//363 1556//363
f 2428//364 2429//364 1557//364
f 1562//365 2430//365 2428//365
f 2430//440 2431//440 2429//440
f 190//367 590//367 2430//367
f 590//368 591//368 2431//368
f 2433//441 608//441 199//441
f 2435//323 609//323 608//323
f 374//442 1571//442 2432//442
f 2432//325 2433//325 1565//325
f 1571//326 1570//326 2434//326
f 2434//327 2435//327 2433//327
f 1570//328 198//328 606//328
f 606//329 607//329 2435//329
f 2437//443 1066//443 209//443
f 2439//444 1067//444 1066//444
f 375//445 1579//445 2436//445
f 2436//446 2437//446 1573//446
f 1579//447 1578//447 2438//447
f 2438//448 2439//448 2437//448
f 1578//449 207//449 624//449
f 624//450 625//450 2439//450
f 1581//451 2441//451 638//451
f 2443//452 639//452 638//452
f 376//453 1587//453 2440//453
f 1580//454 2440//454 2441//454
f 1586//455 2442//455 2440//455
f 2442//456 2443//456 2441//456
f 215//457 1078//457 2442//457
f 1078//458 1079//458 2443//458
f 2445//402 626//402 208//402
f 2447//403 627//403 626//403
f 1595//459 2444//459 1588//459
f 2444//460 2445//460 1589//460
f 1594//461 2446//461 2444//461
f 2446//407 2447//407 2445//407
f 212//408 634//408 2446//408
f 634//197 635//197 2447//197
f 2449//462 630//462 210//462
f 2451//463 631//463 630//463
f 378//464 1603//464 2448//464
f 2448//465 2449//465 1597//465
f 1603//466 1602//466 2450//466
f 2450//467 2451//467 2449//467
f 1602//468 214//468 638//468
f 638//469 639//469 2451//469
f 2453//377 632//377 211//377
f 2455//315 633//315 632//315
f 1611//331 2452//331 1604//331
f 2452//332 2453//332 1605//332
f 1610//352 2454//352 2452//352
f 2454//319 2455//319 2453//319
f 215//313 640//313 2454//313
f 640//96 641//96 2455//96
f 2457//470 1070//470 211//470
f 2459//471 1071//471 1070//471
f 380//472 1619//472 2456//472
f 2456//473 2457//473 1613//473
f 1619//474 1618//474 2458//474
f 2458//475 2459//475 2457//475
f 1618//476 205//476 620//476
f 620//477 621//477 2459//477
f 2461//478 650//478 220//478
f 2463//479 651//479 650//479
f 381//480 1627//480 2460//480
f 2460//481 2461//481 1621//481
f 1627//482 1626//482 2462//482
f 2462//483 2463//483 2461//483
f 1626//484 222//484 654//484
f 654//485 655//485 2463//485
f 2465//166 642//166 216//166
f 2467//79 643//79 642//79
f 1635//166 2464//166 1628//166
f 2464//166 2465//166 1629//166
f 1634//79 2466//79 2464//79
f 2466//79 2467//79 2465//79
f 223//26 656//26 2466//26
f 656//26 657//26 2467//26
f 2469//4 1114//4 233//4
f 2469//486 2471//486 1115//486
f 1643//487 2468//487 1636//487
f 2468//334 2469//334 1637//334
f 1642//488 2470//488 2468//488
f 2470//312 2471//312 2469//312
f 229//489 668//489 2470//489
f 2470//310 668//310 669//310
f 2473//165 674//165 232//165
f 2473//490 2475//490 675//490
f 1651//491 2472//491 1644//491
f 2472//492 2473//492 1645//492
f 1650//493 2474//493 2472//493
f 2474//494 2475//494 2473//494
f 224//495 658//495 2474//495
f 2474//197 658//197 659//197
f 2477//322 662//322 226//322
f 2479//496 663//496 662//496
f 385//324 1659//324 2476//324
f 2476//325 2477//325 1653//325
f 1659//326 1658//326 2478//326
f 2478//327 2479//327 2477//327
f 1658//328 225//328 660//328
f 660//329 661//329 2479//329
f 1661//497 2481//497 658//497
f 2481//498 2483//498 659//498
f 1667//499 2480//499 1660//499
f 2480//500 2481//500 1661//500
f 1666//501 2482//501 2480//501
f 2482//502 2483//502 2481//502
f 231//503 672//503 2482//503
f 672//504 673//504 2483//504
f 2485//505 678//505 234//505
f 2487//506 679//506 678//506
f 1675//507 2484//507 1668//507
f 2484//508 2485//508 1669//508
f 1674//509 2486//509 2484//509
f 2486//510 2487//510 2485//510
f 1674//511 227//511 664//511
f 2486//512 664//512 665//512
f 2489//441 674//441 232//441
f 2491//496 675//496 674//496
f 388//324 1683//324 2488//324
f 2488//325 2489//325 1677//325
f 1683//326 1682//326 2490//326
f 2490//327 2491//327 2489//327
f 1682//328 231//328 672//328
f 672//329 673//329 2491//329
f 1685//513 2493//513 916//513
f 2495//514 917//514 916//514
f 389//515 1691//515 2492//515
f 1684//516 2492//516 2493//516
f 1690//517 2494//517 2492//517
f 2494//518 2495//518 2493//518
f 132//519 474//519 2494//519
f 474//520 475//520 2495//520
f 2497//521 488//521 139//521
f 2499//522 489//522 488//522
f 390//523 1699//523 2496//523
f 2496//524 2497//524 1693//524
f 1699//525 1698//525 2498//525
f 2498//526 2499//526 2497//526
f 1698//109 241//109 1130//109
f 1130//527 1131//527 2499//527
f 2501//528 476//528 133//528
f 2503//529 477//529 476//529
f 391//530 1707//530 2500//530
f 2500//531 2501//531 1701//531
f 1707//532 1706//532 2502//532
f 2502//533 2503//533 2501//533
f 1706//468 239//468 688//468
f 688//534 689//534 2503//534
f 2505//441 686//441 238//441
f 2507//323 687//323 686//323
f 392//324 1715//324 2504//324
f 2504//325 2505//325 1709//325
f 1715//326 1714//326 2506//326
f 2506//327 2507//327 2505//327
f 1714//328 241//328 692//328
f 692//329 693//329 2507//329
f 1717//148 2509//148 1124//148
f 2511//535 1125//535 1124//535
f 393//120 1723//120 2508//120
f 1716//197 2508//197 2509//197
f 1723//536 1722//536 2510//536
f 2510//494 2511//494 2509//494
f 1722//537 237//537 684//537
f 684//166 685//166 2511//166
f 1725//513 2513//513 940//513
f 2515//514 941//514 940//514
f 394//515 1731//515 2512//515
f 1724//516 2512//516 2513//516
f 1730//517 2514//517 2512//517
f 2514//518 2515//518 2513//518
f 144//519 498//519 2514//519
f 498//520 499//520 2515//520
f 2517//521 512//521 151//521
f 2519//538 513//538 512//538
f 395//523 1739//523 2516//523
f 2516//524 2517//524 1733//524
f 1739//525 1738//525 2518//525
f 2518//526 2519//526 2517//526
f 1738//109 152//109 952//109
f 952//527 953//527 2519//527
f 2521//171 500//171 145//171
f 2523//35 501//35 500//35
f 396//539 1747//539 2520//539
f 1740//540 2520//540 2521//540
f 1747//539 1746//539 2522//539
f 2520//15 2522//15 2523//15
f 1746//541 244//541 698//541
f 2522//15 698//15 699//15
f 1749//148 2525//148 944//148
f 2527//535 945//535 944//535
f 397//120 1755//120 2524//120
f 1748//197 2524//197 2525//197
f 1755//536 1754//536 2526//536
f 2526//494 2527//494 2525//494
f 1754//537 243//537 696//537
f 696//166 697//166 2527//166
f 2529//443 964//443 158//443
f 2531//444 965//444 964//444
f 398//445 1763//445 2528//445
f 2528//446 2529//446 1757//446
f 1763//447 1762//447 2530//447
f 2530//542 2531//542 2529//542
f 1762//543 156//543 522//543
f 522//544 523//544 2531//544
f 1765//545 2533//545 560//545
f 2535//546 561//546 560//546
f 399//453 1771//453 2532//453
f 1764//547 2532//547 2533//547
f 1770//455 2534//455 2532//455
f 2534//548 2535//548 2533//548
f 176//457 1000//457 2534//457
f 1000//458 1001//458 2535//458
f 2537//549 708//549 249//549
f 2539//550 709//550 708//550
f 1779//551 2536//551 1772//551
f 2536//552 2537//552 1773//552
f 1778//461 2538//461 2536//461
f 2538//407 2539//407 2537//407
f 252//67 714//67 2538//67
f 714//198 715//198 2539//198
f 2541//462 710//462 250//462
f 2543//463 711//463 710//463
f 401//464 1787//464 2540//464
f 2540//465 2541//465 1781//465
f 1787//466 1786//466 2542//466
f 2542//467 2543//467 2541//467
f 1786//468 175//468 560//468
f 560//469 561//469 2543//469
f 2545//377 712//377 251//377
f 2547//315 713//315 712//315
f 1795//331 2544//331 1788//331
f 2544//378 2545//378 1789//378
f 1794//352 2546//352 2544//352
f 2546//436 2547//436 2545//436
f 176//313 562//313 2546//313
f 562//334 563//334 2547//334
f 2549//470 1150//470 251//470
f 2551//471 1151//471 1150//471
f 403//472 1803//472 2548//472
f 2548//473 2549//473 1797//473
f 1803//474 1802//474 2550//474
f 2550//475 2551//475 2549//475
f 1802//553 247//553 704//553
f 704//554 705//554 2551//554
f 2553//555 1162//555 257//555
f 2555//556 1163//556 1162//556
f 1811//557 2552//557 1804//557
f 2552//558 2553//558 1805//558
f 1810//559 2554//559 2552//559
f 2554//560 2555//560 2553//560
f 256//561 722//561 2554//561
f 722//562 723//562 2555//562
f 2557//563 730//563 260//563
f 2559//564 731//564 730//564
f 1819//565 2556//565 1812//565
f 2556//566 2557//566 1813//566
f 1818//567 2558//567 2556//567
f 2558//568 2559//568 2557//568
f 261//569 1170//569 2558//569
f 1170//570 1171//570 2559//570
f 2561//402 596//402 193//402
f 2563//403 597//403 596//403
f 1827//459 2560//459 1820//459
f 2560//405 2561//405 1821//405
f 1826//461 2562//461 2560//461
f 2562//407 2563//407 2561//407
f 258//408 726//408 2562//408
f 726//197 727//197 2563//197
f 2565//571 616//571 203//571
f 2567//571 617//571 616//571
f 1835//572 2564//572 1828//572
f 2564//573 2565//573 1829//573
f 1834//571 2566//571 2564//571
f 2566//571 2567//571 2565//571
f 260//574 730//574 2566//574
f 730//575 731//575 2567//575
f 1837//16 2569//16 602//16
f 2569//16 2571//16 603//16
f 1843//16 2568//16 1836//16
f 2568//16 2569//16 1837//16
f 1842//16 2570//16 2568//16
f 2570//16 2571//16 2569//16
f 261//16 732//16 2570//16
f 732//576 733//576 2571//576
f 2573//577 1040//577 196//577
f 2575//577 1041//577 1040//577
f 1851//578 2572//578 1844//578
f 2572//579 2573//579 1845//579
f 1850//580 2574//580 2572//580
f 2574//421 2575//421 2573//421
f 255//581 720//581 2574//581
f 720//582 721//582 2575//582
f 1853//583 2577//583 702//583
f 2577//584 2579//584 703//584
f 1859//585 2576//585 1852//585
f 2576//586 2577//586 1853//586
f 1858//587 2578//587 2576//587
f 2578//588 2579//588 2577//588
f 265//589 740//589 2578//589
f 740//590 741//590 2579//590
f 2581//591 746//591 268//591
f 2583//592 747//592 746//592
f 1867//593 2580//593 1860//593
f 2580//594 2581//594 1861//594
f 1866//595 2582//595 2580//595
f 2582//596 2583//596 2581//596
f 1866//597 252//597 714//597
f 2582//598 714//598 715//598
f 2585//549 742//549 266//549
f 2587//403 743//403 742//403
f 1875//599 2584//599 1868//599
f 2584//600 2585//600 1869//600
f 1874//601 2586//601 2584//601
f 2586//601 2587//601 2585//601
f 267//67 744//67 2586//67
f 744//198 745//198 2587//198
f 1877//602 2589//602 708//602
f 2589//603 2591//603 709//603
f 1883//604 2588//604 1876//604
f 2588//605 2589//605 1877//605
f 1882//606 2590//606 2588//606
f 2590//607 2591//607 2589//607
f 268//608 746//608 2590//608
f 746//609 747//609 2591//609
f 1885//610 2593//610 1144//610
f 2593//611 2595//611 1145//611
f 1891//612 2592//612 1884//612
f 2592//613 2593//613 1885//613
f 1890//614 2594//614 2592//614
f 2594//615 2595//615 2593//615
f 263//616 736//616 2594//616
f 736//617 737//617 2595//617
f 2597//528 766//528 278//528
f 2599//618 767//618 766//618
f 415//619 1899//619 2596//619
f 2596//620 2597//620 1893//620
f 1899//532 1898//532 2598//532
f 2598//621 2599//621 2597//621
f 1898//468 277//468 764//468
f 764//534 765//534 2599//534
f 2601//622 770//622 280//622
f 2603//623 771//623 770//623
f 1907//624 2600//624 1900//624
f 2600//625 2601//625 1901//625
f 1906//626 2602//626 2600//626
f 2602//627 2603//627 2601//627
f 1906//90 273//90 756//90
f 2602//628 756//628 757//628
f 1909//629 2605//629 754//629
f 2605//630 2607//630 755//630
f 1915//631 2604//631 1908//631
f 2604//632 2605//632 1909//632
f 1914//633 2606//633 2604//633
f 2606//634 2607//634 2605//634
f 277//635 764//635 2606//635
f 764//636 765//636 2607//636
f 2609//528 750//528 270//528
f 2611//618 751//618 750//618
f 418//619 1923//619 2608//619
f 2608//620 2609//620 1917//620
f 1923//532 1922//532 2610//532
f 2610//621 2611//621 2609//621
f 1922//468 271//468 752//468
f 752//534 753//534 2611//534
f 2613//637 766//637 278//637
f 2613//638 2615//638 767//638
f 1931//246 2612//246 1924//246
f 2612//310 2613//310 1925//310
f 1930//639 2614//639 2612//639
f 2614//640 2615//640 2613//640
f 272//53 754//53 2614//53
f 2614//334 754//334 755//334
f 2617//641 1206//641 279//641
f 2617//642 2619//642 1207//642
f 1939//247 2616//247 1932//247
f 2616//197 2617//197 1933//197
f 1938//643 2618//643 2616//643
f 2618//644 2619//644 2617//644
f 275//645 760//645 2618//645
f 2618//492 760//492 761//492
f 2621//646 780//646 285//646
f 2623//618 781//618 780//618
f 421//619 1947//619 2620//619
f 2620//620 2621//620 1941//620
f 1947//532 1946//532 2622//532
f 2622//621 2623//621 2621//621
f 1946//468 284//468 778//468
f 778//534 779//534 2623//534
f 2625//641 1220//641 286//641
f 2625//642 2627//642 1221//642
f 1955//247 2624//247 1948//247
f 2624//197 2625//197 1949//197
f 1954//643 2626//643 2624//643
f 2626//644 2627//644 2625//644
f 283//645 776//645 2626//645
f 2626//492 776//492 777//492
f 2629//646 804//646 294//646
f 2631//618 805//618 804//618
f 423//619 1963//619 2628//619
f 2628//620 2629//620 1957//620
f 1963//532 1962//532 2630//532
f 2630//621 2631//621 2629//621
f 1962//468 293//468 802//468
f 802//534 803//534 2631//534
f 2633//622 808//622 296//622
f 2635//647 809//647 808//647
f 1971//648 2632//648 1964//648
f 2632//649 2633//649 1965//649
f 1970//650 2634//650 2632//650
f 2634//651 2635//651 2633//651
f 1970//652 289//652 794//652
f 2634//653 794//653 795//653
f 1350//654 2637//654 1355//654
f 2637//655 2639//655 1354//655
f 130//656 470//656 2636//656
f 1351//657 2636//657 2637//657
f 470//658 471//658 2638//658
f 2636//659 2638//659 2639//659
f 471//660 93//660 883//660
f 2638//321 883//321 882//321
f 2641//661 1353//661 131//661
f 2643//655 1352//655 1353//655
f 793//656 2640//656 791//656
f 2640//662 2641//662 790//662
f 792//663 2642//663 2640//663
f 2642//659 2643//659 2641//659
f 130//50 1351//50 2642//50
f 1351//321 1350//321 2643//321
f 473//314 2645//314 875//314
f 2645//315 2647//315 874//315
f 131//664 1353//664 2644//664
f 472//332 2644//332 2645//332
f 1353//352 1352//352 2646//352
f 2644//319 2646//319 2647//319
f 1352//665 347//665 1348//665
f 2646//321 1348//321 1349//321
f 2649//641 1238//641 295//641
f 2649//642 2651//642 1239//642
f 1979//247 2648//247 1972//247
f 2648//197 2649//197 1973//197
f 1978//643 2650//643 2648//643
f 2650//644 2651//644 2649//644
f 291//645 798//645 2650//645
f 2650//492 798//492 799//492
f 1981//666 2653//666 742//666
f 2653//667 2655//667 743//667
f 1987//668 2652//668 1980//668
f 1980//669 2652//669 2653//669
f 1986//670 2654//670 2652//670
f 2654//671 2655//671 2653//671
f 299//672 814//672 2654//672
f 814//673 815//673 2655//673
f 812//674 1990//674 298//674
f 813//675 2656//675 812//675
f 812//676 2656//676 1990//676
f 2656//677 1991//677 1990//677
f 813//678 735//678 2656//678
f 735//679 734//679 2656//679
f 2656//680 734//680 1991//680
f 734//681 262//681 1991//681
f 1024//682 1996//682 188//682
f 1025//683 2657//683 1024//683
f 1024//684 2657//684 1996//684
f 2657//685 1997//685 1996//685
f 1025//686 821//686 2657//686
f 821//687 820//687 2657//687
f 2657//688 820//688 1997//688
f 820//689 302//689 1997//689
f 694//690 2002//690 242//690
f 695//691 2658//691 694//691
f 694//692 2658//692 2002//692
f 2658//693 2003//693 2002//693
f 695//694 1257//694 2658//694
f 1257//695 1256//695 2658//695
f 2658//696 1256//696 2003//696
f 1256//697 304//697 2003//697
f 1186//698 2008//698 269//698
f 1187//699 2659//699 1186//699
f 1186//700 2659//700 2008//700
f 2659//701 2009//701 2008//701
f 1187//702 1255//702 2659//702
f 1255//703 1254//703 2659//703
f 2659//704 1254//704 2009//704
f 1254//705 303//705 2009//705
f 2661//706 576//706 183//706
f 2663//707 577//707 576//707
f 2019//708 2660//708 2012//708
f 2660//709 2661//709 2013//709
f 2018//710 2662//710 2660//710
f 2662//711 2663//711 2661//711
f 302//712 820//712 2662//712
f 820//713 821//713 2663//713
f 2021//714 2665//714 472//714
f 2665//715 2667//715 473//715
f 2027//716 2664//716 2020//716
f 2664//717 2665//717 2021//717
f 2026//718 2666//718 2664//718
f 2666//719 2667//719 2665//719
f 318//720 852//720 2666//720
f 852//721 853//721 2667//721
f 2669//722 828//722 306//722
f 2671//723 829//723 828//723
f 2035//724 2668//724 2028//724
f 2668//725 2669//725 2029//725
f 2034//726 2670//726 2668//726
f 2670//727 2671//727 2669//727
f 2034//728 113//728 466//728
f 2670//729 466//729 467//729
f 2673//314 826//314 305//314
f 2675//351 827//351 826//351
f 2043//316 2672//316 2036//316
f 2672//317 2673//317 2037//317
f 2042//318 2674//318 2672//318
f 2674//319 2675//319 2673//319
f 122//320 464//320 2674//320
f 464//321 465//321 2675//321
f 2045//730 2677//730 468//730
f 2677//731 2679//731 469//731
f 2051//732 2676//732 2044//732
f 2676//733 2677//733 2045//733
f 2050//734 2678//734 2676//734
f 2678//735 2679//735 2677//735
f 306//736 828//736 2678//736
f 828//737 829//737 2679//737
f 2053//738 2681//738 792//738
f 2681//739 2683//739 793//739
f 2059//740 2680//740 2052//740
f 2680//741 2681//741 2053//741
f 2058//742 2682//742 2680//742
f 2682//743 2683//743 2681//743
f 320//744 856//744 2682//744
f 856//745 857//745 2683//745
f 2061//746 2685//746 946//746
f 2685//739 2687//739 947//739
f 2067//740 2684//740 2060//740
f 2684//741 2685//741 2061//741
f 2066//742 2686//742 2684//742
f 2686//743 2687//743 2685//743
f 309//744 834//744 2686//744
f 834//745 835//745 2687//745
f 2069//730 2689//730 516//730
f 2689//731 2691//731 517//731
f 2075//732 2688//732 2068//732
f 2688//747 2689//747 2069//747
f 2074//734 2690//734 2688//734
f 2690//735 2691//735 2689//735
f 307//736 830//736 2690//736
f 830//748 831//748 2691//748
f 2693//722 830//722 307//722
f 2695//723 831//723 830//723
f 2083//724 2692//724 2076//724
f 2692//725 2693//725 2077//725
f 2082//726 2694//726 2692//726
f 2694//727 2695//727 2693//727
f 2082//728 154//728 518//728
f 2694//729 518//729 519//729
f 2085//714 2697//714 494//714
f 2697//715 2699//715 495//715
f 2091//716 2696//716 2084//716
f 2696//717 2697//717 2085//717
f 2090//718 2698//718 2696//718
f 2698//719 2699//719 2697//719
f 308//720 832//720 2698//720
f 832//721 833//721 2699//721
f 2701//53 1084//53 218//53
f 2701//486 2703//486 1085//486
f 2099//313 2700//313 2092//313
f 2700//85 2701//85 2093//85
f 2098//749 2702//749 2700//749
f 2702//312 2703//312 2701//312
f 313//750 842//750 2702//750
f 2702//310 842//310 843//310
f 2705//645 650//645 220//645
f 2705//490 2707//490 651//490
f 2107//537 2704//537 2100//537
f 2704//166 2705//166 2101//166
f 2106//751 2706//751 2704//751
f 2706//494 2707//494 2705//494
f 311//409 838//409 2706//409
f 2706//197 838//197 839//197
f 2109//752 2709//752 838//752
f 2709//753 2711//753 839//753
f 2115//754 2708//754 2108//754
f 2708//755 2709//755 2109//755
f 2114//756 2710//756 2708//756
f 2710//757 2711//757 2709//757
f 222//758 654//758 2710//758
f 654//759 655//759 2711//759
f 2713//760 644//760 217//760
f 2715//558 645//558 644//558
f 2123//761 2712//761 2116//761
f 2712//762 2713//762 2117//762
f 2122//763 2714//763 2712//763
f 2714//764 2715//764 2713//764
f 2122//765 312//765 840//765
f 2714//766 840//766 841//766
f 2717//767 642//767 216//767
f 2719//768 643//768 642//768
f 441//769 2131//769 2716//769
f 2716//770 2717//770 2125//770
f 2131//771 2130//771 2718//771
f 2718//772 2719//772 2717//772
f 2130//773 316//773 848//773
f 848//774 849//774 2719//774
f 2721//775 816//775 300//775
f 2723//776 817//776 816//776
f 2139//777 2720//777 2132//777
f 2720//778 2721//778 2133//778
f 2138//779 2722//779 2720//779
f 2722//780 2723//780 2721//780
f 219//781 648//781 2722//781
f 648//781 649//781 2723//781
f 2725//782 656//782 223//782
f 2727//782 657//782 656//782
f 2147//783 2724//783 2140//783
f 2724//784 2725//784 2141//784
f 2146//785 2726//785 2724//785
f 2726//786 2727//786 2725//786
f 316//787 848//787 2726//787
f 848//788 849//788 2727//788
f 2729//789 1176//789 264//789
f 2729//789 2731//789 1177//789
f 2155//790 2728//790 2148//790
f 2728//660 2729//660 2149//660
f 2154//789 2730//789 2728//789
f 2730//789 2731//789 2729//789
f 317//791 850//791 2730//791
f 850//73 851//73 2731//73
f 2733//622 784//622 287//622
f 2735//623 785//623 784//623
f 2163//624 2732//624 2156//624
f 2732//625 2733//625 2157//625
f 2162//792 2734//792 2732//792
f 2734//627 2735//627 2733//627
f 2162//90 324//90 864//90
f 2734//793 864//793 865//793
f 2165//794 2737//794 862//794
f 2737//630 2739//630 863//630
f 2171//631 2736//631 2164//631
f 2736//632 2737//632 2165//632
f 2170//633 2738//633 2736//633
f 2738//634 2739//634 2737//634
f 284//795 778//795 2738//795
f 778//636 779//636 2739//636
f 2741//528 804//528 294//528
f 2743//618 805//618 804//618
f 447//619 2179//619 2740//619
f 2740//620 2741//620 2173//620
f 2179//532 2178//532 2742//532
f 2742//621 2743//621 2741//621
f 2178//468 322//468 860//468
f 860//534 861//534 2743//534
f 2745//637 780//637 285//637
f 2745//638 2747//638 781//638
f 2187//246 2744//246 2180//246
f 2744//310 2745//310 2181//310
f 2186//639 2746//639 2744//639
f 2746//640 2747//640 2745//640
f 323//53 862//53 2746//53
f 2746//334 862//334 863//334
f 1280//796 2190//796 316//796
f 1281//797 2748//797 1280//797
f 1280//798 2748//798 2190//798
f 2748//799 2191//799 2190//799
f 1281//800 1183//800 2748//800
f 1183//801 1182//801 2748//801
f 2748//802 1182//802 2191//802
f 1182//803 267//803 2191//803
f 2195//804 2750//804 1220//804
f 2750//805 2752//805 1221//805
f 2201//806 2749//806 2194//806
f 2749//807 2750//807 2195//807
f 2200//808 2751//808 2749//808
f 2751//809 2752//809 2750//809
f 301//810 818//810 2751//810
f 818//811 819//811 2752//811
f 2203//812 2754//812 782//812
f 2754//813 2756//813 783//813
f 2209//814 2753//814 2202//814
f 2753//815 2754//815 2203//815
f 2208//816 2755//816 2753//816
f 2755//817 2756//817 2754//817
f 327//818 870//818 2755//818
f 870//819 871//819 2756//819
f 868//820 2212//820 326//820
f 869//821 2757//821 868//821
f 868//822 2757//822 2212//822
f 2757//823 2213//823 2212//823
f 869//824 871//824 2757//824
f 871//825 870//825 2757//825
f 2757//826 870//826 2213//826
f 870//827 327//827 2213//827
f 2759//246 1347//246 346//246
f 2761//828 1346//828 1347//828
f 476//146 2758//146 1343//146
f 2758//310 2759//310 1342//310
f 476//829 477//829 2760//829
f 2758//312 2760//312 2761//312
f 477//50 14//50 927//50
f 2760//85 927//85 926//85
f 2217//830 2763//830 892//830
f 2765//831 893//831 892//831
f 451//832 2223//832 2762//832
f 2216//833 2762//833 2763//833
f 2222//834 2764//834 2762//834
f 2764//835 2765//835 2763//835
f 336//836 1320//836 2764//836
f 1320//458 1321//458 2765//458
f 2767//79 872//79 328//79
f 2769//79 873//79 872//79
f 2231//79 2766//79 2224//79
f 2766//79 2767//79 2225//79
f 2230//79 2768//79 2766//79
f 2766//79 2768//79 2769//79
f 333//283 888//283 2768//283
f 2768//283 888//283 889//283
f 2771//837 878//837 330//837
f 2773//838 879//838 878//838
f 453//839 2239//839 2770//839
f 2770//840 2771//840 2233//840
f 2239//841 2238//841 2772//841
f 2772//842 2773//842 2771//842
f 2238//468 335//468 892//468
f 892//843 893//843 2773//843
f 788//844 2775//844 1345//844
f 2775//639 2777//639 1344//639
f 915//309 2774//309 789//309
f 2774//845 2775//845 788//845
f 914//846 2776//846 2774//846
f 2776//640 2777//640 2775//640
f 914//847 133//847 1343//847
f 2776//334 1343//334 1342//334
f 475//246 2779//246 919//246
f 2779//639 2781//639 918//639
f 1345//147 2778//147 474//147
f 474//845 2778//845 2779//845
f 1344//846 2780//846 2778//846
f 2778//640 2780//640 2781//640
f 346//211 1340//211 2780//211
f 1340//334 1341//334 2781//334
f 2783//848 732//848 261//848
f 2785//849 733//849 732//849
f 2247//850 2782//850 2240//850
f 2782//851 2783//851 2241//851
f 2246//852 2784//852 2782//852
f 2784//853 2785//853 2783//853
f 338//854 1324//854 2784//854
f 1324//855 1325//855 2785//855
f 2787//856 896//856 337//856
f 2789//857 897//857 896//857
f 2255//858 2786//858 2248//858
f 2786//859 2787//859 2249//859
f 2254//860 2788//860 2786//860
f 2788//861 2789//861 2787//861
f 328//862 872//862 2788//862
f 872//863 873//863 2789//863
f 2791//864 1328//864 340//864
f 2793//865 1329//865 1328//865
f 2263//866 2790//866 2256//866
f 2790//867 2791//867 2257//867
f 2262//868 2792//868 2790//868
f 2792//869 2793//869 2791//869
f 257//295 724//295 2792//295
f 724//295 725//295 2793//295
f 2795//870 1324//870 338//870
f 2797//871 1325//871 1324//871
f 2271//872 2794//872 2264//872
f 2794//873 2795//873 2265//873
f 2270//874 2796//874 2794//874
f 2796//875 2797//875 2795//875
f 196//298 602//298 2796//298
f 602//876 603//876 2797//876
f 2273//877 2799//877 908//877
f 2799//878 2801//878 909//878
f 2279//879 2798//879 2272//879
f 2798//880 2799//880 2273//880
f 2278//881 2800//881 2798//881
f 2800//882 2801//882 2799//882
f 293//635 802//635 2800//635
f 802//883 803//883 2801//883
f 2803//884 904//884 341//884
f 2805//885 905//885 904//885
f 459//886 2287//886 2802//886
f 2802//887 2803//887 2281//887
f 2287//888 2286//888 2804//888
f 2804//889 2805//889 2803//889
f 2286//890 342//890 906//890
f 2804//891 906//891 907//891
f 2807//637 804//637 294//637
f 2807//638 2809//638 805//638
f 2295//246 2806//246 2288//246
f 2806//310 2807//310 2289//310
f 2294//639 2808//639 2806//639
f 2808//640 2809//640 2807//640
f 343//53 908//53 2808//53
f 2808//334 908//334 909//334
f 2811//443 1338//443 345//443
f 2813//444 1339//444 1338//444
f 461//892 2303//892 2810//892
f 2810//893 2811//893 2297//893
f 2303//447 2302//447 2812//447
f 2812//894 2813//894 2811//894
f 2302//543 332//543 884//543
f 884//895 885//895 2813//895
f 2815//845 904//845 341//845
f 2815//16 2817//16 905//16
f 2311//845 2814//845 2304//845
f 2814//845 2815//845 2305//845
f 2310//16 2816//16 2814//16
f 2816//16 2817//16 2815//16
f 336//85 894//85 2816//85
f 894//85 895//85 2817//85
f 2819//896 1330//896 341//896
f 2821//897 1331//897 1330//897
f 463//898 2319//898 2818//898
f 2818//899 2819//899 2313//899
f 2319//900 2318//900 2820//900
f 2820//901 2821//901 2819//901
f 2318//902 344//902 910//902
f 910//17 911//17 2821//17
f 499//246 2823//246 943//246
f 2823//639 2825//639 942//639
f 1361//147 2822//147 498//147
f 498//845 2822//845 2823//845
f 1360//846 2824//846 2822//846
f 2822//640 2824//640 2825//640
f 348//211 1356//211 2824//211
f 1356//334 1357//334 2825//334
f 936//845 2827//845 1361//845
f 2827//16 2829//16 1360//16
f 18//845 939//845 2826//845
f 937//845 2826//845 2827//845
f 939//16 938//16 2828//16
f 2826//16 2828//16 2829//16
f 938//85 145//85 1359//85
f 2828//85 1359//85 1358//85
f 2831//845 1363//845 348//845
f 2833//16 1362//16 1363//16
f 500//845 2830//845 1359//845
f 2830//845 2831//845 1358//845
f 501//16 2832//16 2830//16
f 2832//16 2833//16 2831//16
f 22//85 951//85 2832//85
f 951//85 950//85 2833//85
f 503//903 2835//903 945//903
f 2835//904 2837//904 944//904
f 1369//905 2834//905 502//905
f 502//906 2834//906 2835//906
f 1368//907 2836//907 2834//907
f 2834//908 2836//908 2837//908
f 349//909 1364//909 2836//909
f 2836//910 1364//910 1365//910
f 940//911 2839//911 1369//911
f 2839//912 2841//912 1368//912
f 943//913 2838//913 941//913
f 2838//914 2839//914 940//914
f 942//915 2840//915 2838//915
f 2840//916 2841//916 2839//916
f 147//917 1367//917 2840//917
f 1367//910 1366//910 2841//910
f 2843//918 1371//918 349//918
f 2845//919 1370//919 1371//919
f 147//920 504//920 2842//920
f 1367//921 2842//921 2843//921
f 504//922 505//922 2844//922
f 2842//923 2844//923 2845//923
f 505//924 23//924 953//924
f 2844//329 953//329 952//329
f 485//377 2847//377 929//377
f 2847//315 2849//315 928//315
f 137//423 1377//423 2846//423
f 484//925 2846//925 2847//925
f 1377//333 1376//333 2848//333
f 2846//319 2848//319 2849//319
f 1376//313 350//313 1372//313
f 2848//85 1372//85 1373//85
f 2851//926 1377//926 137//926
f 2853//927 1376//927 1377//927
f 925//928 2850//928 923//928
f 2850//929 2851//929 922//929
f 924//663 2852//663 2850//663
f 2852//930 2853//930 2851//930
f 138//665 1375//665 2852//665
f 1375//334 1374//334 2853//334
f 1374//931 2855//931 1379//931
f 2855//655 2857//655 1378//655
f 138//932 486//932 2854//932
f 1375//933 2854//933 2855//933
f 486//663 487//663 2856//663
f 2854//930 2856//930 2857//930
f 487//847 85//847 931//847
f 2856//334 931//334 930//334
f 2859//934 923//934 89//934
f 2861//935 922//935 923//935
f 143//936 1385//936 2858//936
f 496//937 2858//937 2859//937
f 1385//938 1384//938 2860//938
f 2858//939 2860//939 2861//939
f 1384//940 351//940 1380//940
f 2860//941 1380//941 1381//941
f 934//942 2863//942 1385//942
f 2863//943 2865//943 1384//943
f 933//944 2862//944 935//944
f 2862//945 2863//945 934//945
f 932//946 2864//946 2862//946
f 2864//947 2865//947 2863//947
f 142//948 1383//948 2864//948
f 1383//949 1382//949 2865//949
f 2867//950 1387//950 351//950
f 2869//951 1386//951 1387//951
f 142//952 494//952 2866//952
f 1383//953 2866//953 2867//953
f 494//954 495//954 2868//954
f 2866//955 2868//955 2869//955
f 495//956 87//956 949//956
f 2868//957 949//957 948//957
f 519//958 2871//958 959//958
f 2871//959 2873//959 958//959
f 154//960 1393//960 2870//960
f 518//961 2870//961 2871//961
f 1393//962 1392//962 2872//962
f 2870//963 2872//963 2873//963
f 1392//964 352//964 1388//964
f 1388//965 1389//965 2873//965
f 2875//966 1393//966 154//966
f 2877//967 1392//967 1393//967
f 921//968 2874//968 957//968
f 2874//969 2875//969 956//969
f 920//970 2876//970 2874//970
f 2876//971 2877//971 2875//971
f 920//972 136//972 1391//972
f 2876//965 1391//965 1390//965
f 1390//973 2879//973 1395//973
f 2879//974 2881//974 1394//974
f 136//975 482//975 2878//975
f 1391//976 2878//976 2879//976
f 482//977 483//977 2880//977
f 2878//978 2880//978 2881//978
f 85//979 931//979 2880//979
f 931//350 930//350 2881//350
f 495//314 2883//314 955//314
f 2883//315 2885//315 954//315
f 142//664 1401//664 2882//664
f 494//332 2882//332 2883//332
f 1401//352 1400//352 2884//352
f 2882//319 2884//319 2885//319
f 1400//665 353//665 1396//665
f 2884//321 1396//321 1397//321
f 2887//980 1401//980 142//980
f 2889//655 1400//655 1401//655
f 947//981 2886//981 933//981
f 2886//662 2887//662 932//662
f 946//663 2888//663 2886//663
f 2888//930 2889//930 2887//930
f 149//50 1399//50 2888//50
f 1399//321 1398//321 2889//321
f 1398//654 2891//654 1403//654
f 2891//655 2893//655 1402//655
f 149//656 508//656 2890//656
f 1399//982 2890//982 2891//982
f 508//658 509//658 2892//658
f 2890//659 2892//659 2893//659
f 509//660 86//660 957//660
f 2892//321 957//321 956//321
f 2895//983 929//983 90//983
f 2897//984 928//984 929//984
f 150//985 1409//985 2894//985
f 510//986 2894//986 2895//986
f 1409//987 1408//987 2896//987
f 2894//988 2896//988 2897//988
f 1408//989 354//989 1404//989
f 2896//990 1404//990 1405//990
f 948//991 2899//991 1409//991
f 2899//992 2901//992 1408//992
f 955//993 2898//993 949//993
f 2898//994 2899//994 948//994
f 954//995 2900//995 2898//995
f 2900//996 2901//996 2899//996
f 153//997 1407//997 2900//997
f 1407//998 1406//998 2901//998
f 2903//999 1411//999 354//999
f 2905//1000 1410//1000 1411//1000
f 153//1001 516//1001 2902//1001
f 1407//1002 2902//1002 2903//1002
f 516//1003 517//1003 2904//1003
f 2902//1004 2904//1004 2905//1004
f 517//1005 83//1005 959//1005
f 2904//1006 959//1006 958//1006
f 2907//1007 487//1007 85//1007
f 2909//1008 486//1008 487//1008
f 136//1009 1417//1009 2906//1009
f 482//1010 2906//1010 2907//1010
f 1417//1011 1416//1011 2908//1011
f 2906//1012 2908//1012 2909//1012
f 1416//1013 355//1013 1412//1013
f 2908//1014 1412//1014 1413//1014
f 920//1015 2911//1015 1417//1015
f 2911//1016 2913//1016 1416//1016
f 509//1017 2910//1017 921//1017
f 2910//1018 2911//1018 920//1018
f 508//1019 2912//1019 2910//1019
f 2912//1020 2913//1020 2911//1020
f 149//1021 1415//1021 2912//1021
f 1415//1022 1414//1022 2913//1022
f 2915//1023 1419//1023 355//1023
f 2917//1024 1418//1024 1419//1024
f 149//1025 946//1025 2914//1025
f 1415//1026 2914//1026 2915//1026
f 946//1027 947//1027 2916//1027
f 2914//1028 2916//1028 2917//1028
f 947//1029 84//1029 935//1029
f 2916//1030 935//1030 934//1030
f 2919//1007 545//1007 3//1007
f 2921//1008 544//1008 545//1008
f 169//1009 1425//1009 2918//1009
f 548//1010 2918//1010 2919//1010
f 1425//1011 1424//1011 2920//1011
f 2918//1012 2920//1012 2921//1012
f 1424//1013 356//1013 1420//1013
f 2920//1014 1420//1014 1421//1014
f 986//1031 2923//1031 1425//1031
f 2923//1032 2925//1032 1424//1032
f 535//1033 2922//1033 987//1033
f 2922//1034 2923//1034 986//1034
f 534//1035 2924//1035 2922//1035
f 2924//467 2925//467 2923//467
f 162//162 1423//162 2924//162
f 1423//1036 1422//1036 2925//1036
f 2927//1037 1427//1037 356//1037
f 2929//466 1426//466 1427//466
f 162//1038 972//1038 2926//1038
f 1423//1039 2926//1039 2927//1039
f 972//463 973//463 2928//463
f 2926//1040 2928//1040 2929//1040
f 973//1041 2//1041 975//1041
f 2928//1042 975//1042 974//1042
f 2931//983 981//983 9//983
f 2933//984 980//984 981//984
f 161//985 1433//985 2930//985
f 532//986 2930//986 2931//986
f 1433//987 1432//987 2932//987
f 2930//988 2932//988 2933//988
f 1432//989 357//989 1428//989
f 2932//990 1428//990 1429//990
f 970//1043 2935//1043 1433//1043
f 2935//1044 2937//1044 1432//1044
f 969//1045 2934//1045 971//1045
f 2934//1046 2935//1046 970//1046
f 968//1047 2936//1047 2934//1047
f 2936//475 2937//475 2935//475
f 160//1048 1431//1048 2936//1048
f 1431//1049 1430//1049 2937//1049
f 2939//1050 1435//1050 357//1050
f 2941//1051 1434//1051 1435//1051
f 160//1052 530//1052 2938//1052
f 1431//1053 2938//1053 2939//1053
f 530//1054 531//1054 2940//1054
f 2938//1055 2940//1055 2941//1055
f 531//1056 1//1056 963//1056
f 2940//1057 963//1057 962//1057
f 539//1058 2943//1058 969//1058
f 2943//351 2945//351 968//351
f 164//423 1441//423 2942//423
f 538//925 2942//925 2943//925
f 1441//352 1440//352 2944//352
f 2942//436 2944//436 2945//436
f 1440//487 358//487 1436//487
f 2944//334 1436//334 1437//334
f 2947//926 1441//926 164//926
f 2949//655 1440//655 1441//655
f 973//1059 2946//1059 977//1059
f 2946//1060 2947//1060 976//1060
f 972//663 2948//663 2946//663
f 2948//659 2949//659 2947//659
f 162//211 1439//211 2948//211
f 1439//334 1438//334 2949//334
f 1438//931 2951//931 1443//931
f 2951//927 2953//927 1442//927
f 162//928 534//928 2950//928
f 1439//933 2950//933 2951//933
f 534//663 535//663 2952//663
f 2950//930 2952//930 2953//930
f 535//50 4//50 967//50
f 2952//334 967//334 966//334
f 529//1061 2955//1061 963//1061
f 2955//1062 2957//1062 962//1062
f 159//1063 1449//1063 2954//1063
f 528//1064 2954//1064 2955//1064
f 1449//1065 1448//1065 2956//1065
f 2954//1066 2956//1066 2957//1066
f 359//1067 1444//1067 2956//1067
f 1444//1068 1445//1068 2957//1068
f 2959//1069 1449//1069 159//1069
f 2961//1070 1448//1070 1449//1070
f 987//1071 2958//1071 967//1071
f 2958//1072 2959//1072 966//1072
f 986//1073 2960//1073 2958//1073
f 2960//456 2961//456 2959//456
f 986//1074 169//1074 1447//1074
f 2960//1068 1447//1068 1446//1068
f 1446//973 2963//973 1451//973
f 2963//974 2965//974 1450//974
f 169//975 548//975 2962//975
f 1447//976 2962//976 2963//976
f 548//1075 549//1075 2964//1075
f 2962//978 2964//978 2965//978
f 3//979 979//979 2964//979
f 979//350 978//350 2965//350
f 2967//934 985//934 7//934
f 2969//935 984//935 985//935
f 163//936 1457//936 2966//936
f 536//937 2966//937 2967//937
f 1457//938 1456//938 2968//938
f 2966//939 2968//939 2969//939
f 1456//1076 360//1076 1452//1076
f 2968//941 1452//941 1453//941
f 974//1077 2971//1077 1457//1077
f 2971//1078 2973//1078 1456//1078
f 977//1079 2970//1079 975//1079
f 2970//1080 2971//1080 974//1080
f 976//1081 2972//1081 2970//1081
f 2972//1082 2973//1082 2971//1082
f 164//1083 1455//1083 2972//1083
f 1455//1084 1454//1084 2973//1084
f 2975//1085 1459//1085 360//1085
f 2977//447 1458//447 1459//447
f 164//1086 538//1086 2974//1086
f 1455//1087 2974//1087 2975//1087
f 538//1088 539//1088 2976//1088
f 2974//1089 2976//1089 2977//1089
f 539//32 5//32 971//32
f 2976//1090 971//1090 970//1090
f 547//377 2979//377 981//377
f 2979//315 2981//315 980//315
f 168//423 1465//423 2978//423
f 546//925 2978//925 2979//925
f 1465//333 1464//333 2980//333
f 2978//319 2980//319 2981//319
f 1464//313 361//313 1460//313
f 2980//85 1460//85 1461//85
f 2983//926 1465//926 168//926
f 2985//927 1464//927 1465//927
f 983//928 2982//928 985//928
f 2982//929 2983//929 984//929
f 982//663 2984//663 2982//663
f 2984//930 2985//930 2983//930
f 167//665 1463//665 2984//665
f 1463//334 1462//334 2985//334
f 1462//931 2987//931 1467//931
f 2987//655 2989//655 1466//655
f 167//932 544//932 2986//932
f 1463//933 2986//933 2987//933
f 544//663 545//663 2988//663
f 2986//930 2988//930 2989//930
f 545//847 3//847 979//847
f 2988//334 979//334 978//334
f 2991//1091 575//1091 43//1091
f 2991//1092 2993//1092 574//1092
f 178//1093 1473//1093 2990//1093
f 566//1094 2990//1094 2991//1094
f 1473//1095 1472//1095 2992//1095
f 2990//1096 2992//1096 2993//1096
f 362//1097 1468//1097 2992//1097
f 2992//1098 1468//1098 1469//1098
f 1004//1099 2995//1099 1473//1099
f 2995//1100 2997//1100 1472//1100
f 1003//1101 2994//1101 1005//1101
f 2994//1090 2995//1090 1004//1090
f 1002//1102 2996//1102 2994//1102
f 2996//1103 2997//1103 2995//1103
f 177//1104 1471//1104 2996//1104
f 1471//1105 1470//1105 2997//1105
f 2999//1106 1475//1106 362//1106
f 3001//1107 1474//1107 1475//1107
f 177//1108 564//1108 2998//1108
f 1471//1109 2998//1109 2999//1109
f 564//1110 565//1110 3000//1110
f 2998//1111 3000//1111 3001//1111
f 565//1112 41//1112 1009//1112
f 3000//1113 1009//1113 1008//1113
f 581//1114 3003//1114 1023//1114
f 3003//1115 3005//1115 1022//1115
f 185//1116 1481//1116 3002//1116
f 580//1117 3002//1117 3003//1117
f 1481//1118 1480//1118 3004//1118
f 3002//1119 3004//1119 3005//1119
f 363//1120 1476//1120 3004//1120
f 1476//1121 1477//1121 3005//1121
f 3007//1122 1481//1122 185//1122
f 3009//1123 1480//1123 1481//1123
f 1021//1124 3006//1124 1019//1124
f 3006//1125 3007//1125 1018//1125
f 1020//1126 3008//1126 3006//1126
f 3008//1127 3009//1127 3007//1127
f 1020//1128 186//1128 1479//1128
f 3008//1129 1479//1129 1478//1129
f 1478//1130 3011//1130 1483//1130
f 3011//1131 3013//1131 1482//1131
f 186//1132 582//1132 3010//1132
f 1479//1133 3010//1133 3011//1133
f 582//1134 583//1134 3012//1134
f 3010//1135 3012//1135 3013//1135
f 583//82 47//82 587//82
f 3012//118 587//118 586//118
f 565//402 3015//402 1011//402
f 3015//403 3017//403 1010//403
f 177//404 1489//404 3014//404
f 564//1136 3014//1136 3015//1136
f 1489//1137 1488//1137 3016//1137
f 3014//601 3016//601 3017//601
f 1488//247 364//247 1484//247
f 3016//197 1484//197 1485//197
f 3019//1138 1489//1138 177//1138
f 3021//1139 1488//1139 1489//1139
f 1007//1140 3018//1140 1003//1140
f 3018//1141 3019//1141 1002//1141
f 1006//1142 3020//1142 3018//1142
f 3020//1143 3021//1143 3019//1143
f 179//148 1487//148 3020//148
f 1487//197 1486//197 3021//197
f 1486//1144 3023//1144 1491//1144
f 3023//1145 3025//1145 1490//1145
f 179//1140 568//1140 3022//1140
f 1487//1146 3022//1146 3023//1146
f 568//1147 569//1147 3024//1147
f 3022//1143 3024//1143 3025//1143
f 569//28 44//28 1019//28
f 3024//197 1019//197 1018//197
f 571//1148 3027//1148 1015//1148
f 3027//410 3029//410 1014//410
f 1497//1149 3026//1149 570//1149
f 570//1150 3026//1150 3027//1150
f 1496//1151 3028//1151 3026//1151
f 3026//414 3028//414 3029//414
f 365//1152 1492//1152 3028//1152
f 3028//1152 1492//1152 1493//1152
f 1008//1153 3031//1153 1497//1153
f 3031//1154 3033//1154 1496//1154
f 1011//1155 3030//1155 1009//1155
f 3030//1156 3031//1156 1008//1156
f 1010//1157 3032//1157 3030//1157
f 3032//1158 3033//1158 3031//1158
f 181//1159 1495//1159 3032//1159
f 1495//1160 1494//1160 3033//1160
f 3035//1161 1499//1161 365//1161
f 3037//1162 1498//1162 1499//1162
f 181//1163 572//1163 3034//1163
f 1495//1164 3034//1164 3035//1164
f 572//1165 573//1165 3036//1165
f 3034//1166 3036//1166 3037//1166
f 573//1167 45//1167 1023//1167
f 3036//469 1023//469 1022//469
f 3039//16 1017//16 43//16
f 3041//16 1016//16 1017//16
f 1505//16 3038//16 574//16
f 3038//16 3039//16 575//16
f 1504//16 3040//16 3038//16
f 3040//16 3041//16 3039//16
f 366//16 1500//16 3040//16
f 1500//16 1501//16 3041//16
f 1012//576 3043//576 1505//576
f 3043//576 3045//576 1504//576
f 42//576 1015//576 3042//576
f 1013//576 3042//576 3043//576
f 1015//576 1014//576 3044//576
f 3042//828 3044//828 3045//828
f 1014//16 183//16 1503//16
f 3044//16 1503//16 1502//16
f 3047//828 1507//828 366//828
f 3049//576 1506//576 1507//576
f 576//828 3046//828 1503//828
f 3046//828 3047//828 1502//828
f 577//576 3048//576 3046//576
f 3048//576 3049//576 3047//576
f 46//16 1025//16 3048//16
f 1025//16 1024//16 3049//16
f 3051//1168 579//1168 47//1168
f 3053//418 578//418 579//418
f 1513//1169 3050//1169 582//1169
f 3050//1170 3051//1170 583//1170
f 1512//1171 3052//1171 3050//1171
f 3052//1172 3053//1172 3051//1172
f 367//1173 1508//1173 3052//1173
f 1508//582 1509//582 3053//582
f 1020//1174 3055//1174 1513//1174
f 3055//1175 3057//1175 1512//1175
f 569//1176 3054//1176 1021//1176
f 3054//1177 3055//1177 1020//1177
f 568//1178 3056//1178 3054//1178
f 3056//1179 3057//1179 3055//1179
f 179//87 1511//87 3056//87
f 1511//1180 1510//1180 3057//1180
f 3059//1181 1515//1181 367//1181
f 3061//1182 1514//1182 1515//1182
f 179//1183 1006//1183 3058//1183
f 1511//1184 3058//1184 3059//1184
f 1006//1185 1007//1185 3060//1185
f 3058//1186 3060//1186 3061//1186
f 1007//1187 40//1187 1005//1187
f 3060//554 1005//554 1004//554
f 553//377 3063//377 995//377
f 3063//351 3065//351 994//351
f 171//423 1521//423 3062//423
f 552//925 3062//925 3063//925
f 1521//352 1520//352 3064//352
f 3062//436 3064//436 3065//436
f 1520//487 368//487 1516//487
f 3064//96 1516//96 1517//96
f 3067//931 1521//931 171//931
f 3069//927 1520//927 1521//927
f 993//928 3066//928 991//928
f 3066//1060 3067//1060 990//1060
f 992//658 3068//658 3066//658
f 3068//930 3069//930 3067//930
f 172//211 1519//211 3068//211
f 1519//96 1518//96 3069//96
f 1518//931 3071//931 1523//931
f 3071//927 3073//927 1522//927
f 172//928 554//928 3070//928
f 1519//933 3070//933 3071//933
f 554//663 555//663 3072//663
f 3070//930 3072//930 3073//930
f 555//50 29//50 997//50
f 3072//334 997//334 996//334
f 3075//1188 991//1188 16//1188
f 3077//1189 990//1189 991//1189
f 190//936 1529//936 3074//936
f 590//1190 3074//1190 3075//1190
f 1529//938 1528//938 3076//938
f 3074//1191 3076//1191 3077//1191
f 1528//1076 369//1076 1524//1076
f 3076//1192 1524//1192 1525//1192
f 1028//1077 3079//1077 1529//1077
f 3079//1078 3081//1078 1528//1078
f 1027//1193 3078//1193 1029//1193
f 3078//1194 3079//1194 1028//1194
f 1026//1081 3080//1081 3078//1081
f 3080//1082 3081//1082 3079//1082
f 189//1083 1527//1083 3080//1083
f 1527//1084 1526//1084 3081//1084
f 3083//1085 1531//1085 369//1085
f 3085//447 1530//447 1531//447
f 189//1195 588//1195 3082//1195
f 1527//1087 3082//1087 3083//1087
f 588//1088 589//1088 3084//1088
f 3082//1089 3084//1089 3085//1089
f 589//1196 21//1196 1033//1196
f 3084//1090 1033//1090 1032//1090
f 601//1061 3087//1061 1043//1061
f 3087//1062 3089//1062 1042//1062
f 195//1197 1537//1197 3086//1197
f 600//1064 3086//1064 3087//1064
f 1537//1065 1536//1065 3088//1065
f 3086//1066 3088//1066 3089//1066
f 370//1198 1532//1198 3088//1198
f 1532//1068 1533//1068 3089//1068
f 3091//1069 1537//1069 195//1069
f 3093//1070 1536//1070 1537//1070
f 989//1071 3090//1071 1039//1071
f 3090//1072 3091//1072 1038//1072
f 988//1073 3092//1073 3090//1073
f 3092//456 3093//456 3091//456
f 988//1199 170//1199 1535//1199
f 3092//1068 1535//1068 1534//1068
f 1534//1200 3095//1200 1539//1200
f 3095//1201 3097//1201 1538//1201
f 170//1202 550//1202 3094//1202
f 1535//1203 3094//1203 3095//1203
f 550//1204 551//1204 3096//1204
f 3094//1205 3096//1205 3097//1205
f 29//979 997//979 3096//979
f 997//350 996//350 3097//350
f 589//377 3099//377 1037//377
f 3099//315 3101//315 1036//315
f 189//423 1545//423 3098//423
f 588//925 3098//925 3099//925
f 1545//333 1544//333 3100//333
f 3098//319 3100//319 3101//319
f 1544//487 371//487 1540//487
f 3100//85 1540//85 1541//85
f 3103//926 1545//926 189//926
f 3105//927 1544//927 1545//927
f 1031//1059 3102//1059 1027//1059
f 3102//1060 3103//1060 1026//1060
f 1030//663 3104//663 3102//663
f 3104//659 3105//659 3103//659
f 191//211 1543//211 3104//211
f 1543//334 1542//334 3105//334
f 1542//931 3107//931 1547//931
f 3107//655 3109//655 1546//655
f 191//1059 592//1059 3106//1059
f 1543//933 3106//933 3107//933
f 592//658 593//658 3108//658
f 3106//930 3108//930 3109//930
f 593//50 25//50 1039//50
f 3108//334 1039//334 1038//334
f 3111//1206 995//1206 13//1206
f 3113//984 994//984 995//984
f 192//1207 1553//1207 3110//1207
f 594//1208 3110//1208 3111//1208
f 1553//987 1552//987 3112//987
f 3110//988 3112//988 3113//988
f 1552//989 372//989 1548//989
f 3112//990 1548//990 1549//990
f 1032//1043 3115//1043 1553//1043
f 3115//1044 3117//1044 1552//1044
f 1037//1045 3114//1045 1033//1045
f 3114//1046 3115//1046 1032//1046
f 1036//1047 3116//1047 3114//1047
f 3116//475 3117//475 3115//475
f 194//1048 1551//1048 3116//1048
f 1551//1049 1550//1049 3117//1049
f 3119//1050 1555//1050 372//1050
f 3121//474 1554//474 1555//474
f 194//1052 598//1052 3118//1052
f 1551//1053 3118//1053 3119//1053
f 598//1054 599//1054 3120//1054
f 3118//1209 3120//1209 3121//1209
f 599//1056 31//1056 1043//1056
f 3120//1210 1043//1210 1042//1210
f 3123//1007 555//1007 29//1007
f 3125//1008 554//1008 555//1008
f 170//1009 1561//1009 3122//1009
f 550//1211 3122//1211 3123//1211
f 1561//1011 1560//1011 3124//1011
f 3122//1212 3124//1212 3125//1212
f 1560//1213 373//1213 1556//1213
f 3124//1014 1556//1014 1557//1014
f 988//1031 3127//1031 1561//1031
f 3127//1032 3129//1032 1560//1032
f 593//1214 3126//1214 989//1214
f 3126//1215 3127//1215 988//1215
f 592//1035 3128//1035 3126//1035
f 3128//467 3129//467 3127//467
f 191//162 1559//162 3128//162
f 1559//1036 1558//1036 3129//1036
f 3131//1037 1563//1037 373//1037
f 3133//466 1562//466 1563//466
f 191//1038 1030//1038 3130//1038
f 1559//1039 3130//1039 3131//1039
f 1030//463 1031//463 3132//463
f 3130//1040 3132//1040 3133//1040
f 1031//1041 30//1041 1029//1041
f 3132//1042 1029//1042 1028//1042
f 615//903 3135//903 1047//903
f 3135//904 3137//904 1046//904
f 1569//905 3134//905 614//905
f 614//906 3134//906 3135//906
f 1568//907 3136//907 3134//907
f 3134//908 3136//908 3137//908
f 374//909 1564//909 3136//909
f 3136//910 1564//910 1565//910
f 1052//911 3139//911 1569//911
f 3139//912 3141//912 1568//912
f 1049//913 3138//913 1053//913
f 3138//914 3139//914 1052//914
f 1048//915 3140//915 3138//915
f 3140//916 3141//916 3139//916
f 200//1216 1567//1216 3140//1216
f 1567//910 1566//910 3141//910
f 3143//918 1571//918 374//918
f 3145//1217 1570//1217 1571//1217
f 200//1218 610//1218 3142//1218
f 1567//1219 3142//1219 3143//1219
f 610//922 611//922 3144//922
f 3142//1220 3144//1220 3145//1220
f 611//924 35//924 1045//924
f 3144//329 1045//329 1044//329
f 621//1221 3147//1221 629//1221
f 3147//1222 3149//1222 628//1222
f 1577//1223 3146//1223 620//1223
f 620//1224 3146//1224 3147//1224
f 1576//1225 3148//1225 3146//1225
f 3146//1226 3148//1226 3149//1226
f 375//1227 1572//1227 3148//1227
f 3148//1087 1572//1087 1573//1087
f 3151//1228 1577//1228 205//1228
f 3153//1229 1576//1229 1577//1229
f 60//1230 1057//1230 3150//1230
f 3150//1231 3151//1231 1058//1231
f 1056//1230 3152//1230 3150//1230
f 3152//556 3153//556 3151//556
f 204//1232 1575//1232 3152//1232
f 1575//1233 1574//1233 3153//1233
f 3155//1234 1579//1234 375//1234
f 3157//1107 1578//1107 1579//1107
f 204//1108 618//1108 3154//1108
f 1575//1109 3154//1109 3155//1109
f 618//1235 619//1235 3156//1235
f 3154//1111 3156//1111 3157//1111
f 619//1236 61//1236 1063//1236
f 3156//1237 1063//1237 1062//1237
f 635//1238 3159//1238 1077//1238
f 3159//1115 3161//1115 1076//1115
f 212//1116 1585//1116 3158//1116
f 634//1239 3158//1239 3159//1239
f 1585//1118 1584//1118 3160//1118
f 3158//1119 3160//1119 3161//1119
f 376//1240 1580//1240 3160//1240
f 1580//1121 1581//1121 3161//1121
f 3163//1241 1585//1241 212//1241
f 3163//1242 3165//1242 1584//1242
f 64//1243 1075//1243 3162//1243
f 1073//1244 3162//1244 3163//1244
f 1074//1245 3164//1245 3162//1245
f 3164//569 3165//569 3163//569
f 213//1246 1583//1246 3164//1246
f 1583//1247 1582//1247 3165//1247
f 3167//1248 1587//1248 376//1248
f 3167//1249 3169//1249 1586//1249
f 636//1250 3166//1250 1583//1250
f 3166//1251 3167//1251 1582//1251
f 636//1252 637//1252 3168//1252
f 3166//1066 3168//1066 3169//1066
f 637//1253 67//1253 641//1253
f 3168//458 641//458 640//458
f 619//402 3171//402 1065//402
f 3171//403 3173//403 1064//403
f 204//404 1593//404 3170//404
f 618//1254 3170//1254 3171//1254
f 1593//1137 1592//1137 3172//1137
f 3170//407 3172//407 3173//407
f 1592//247 377//247 1588//247
f 3172//197 1588//197 1589//197
f 1056//166 3175//166 1593//166
f 3177//79 1592//79 1593//79
f 60//166 1061//166 3174//166
f 1057//166 3174//166 3175//166
f 1060//79 3176//79 3174//79
f 3174//79 3176//79 3177//79
f 206//26 1591//26 3176//26
f 1591//26 1590//26 3177//26
f 1590//166 3179//166 1595//166
f 3179//79 3181//79 1594//79
f 206//166 622//166 3178//166
f 1591//166 3178//166 3179//166
f 622//79 623//79 3180//79
f 3178//79 3180//79 3181//79
f 623//26 64//26 1073//26
f 3180//26 1073//26 1072//26
f 625//1255 3183//1255 1069//1255
f 3183//1256 3185//1256 1068//1256
f 1601//1257 3182//1257 624//1257
f 624//1258 3182//1258 3183//1258
f 1600//1259 3184//1259 3182//1259
f 3182//1040 3184//1040 3185//1040
f 378//1260 1596//1260 3184//1260
f 3184//1160 1596//1160 1597//1160
f 1062//1261 3187//1261 1601//1261
f 3187//1262 3189//1262 1600//1262
f 1065//1263 3186//1263 1063//1263
f 3186//1264 3187//1264 1062//1264
f 1064//1157 3188//1157 3186//1157
f 3188//1265 3189//1265 3187//1265
f 208//1266 1599//1266 3188//1266
f 1599//1160 1598//1160 3189//1160
f 3191//1161 1603//1161 378//1161
f 3193//1267 1602//1267 1603//1267
f 208//1163 626//1163 3190//1163
f 1599//1164 3190//1164 3191//1164
f 626//1165 627//1165 3192//1165
f 3190//1268 3192//1268 3193//1268
f 627//1167 65//1167 1077//1167
f 3192//469 1077//469 1076//469
f 629//377 3195//377 1071//377
f 3195//315 3197//315 1070//315
f 209//331 1609//331 3194//331
f 628//925 3194//925 3195//925
f 1609//352 1608//352 3196//352
f 3194//319 3196//319 3197//319
f 1608//487 379//487 1604//487
f 3196//334 1604//334 1605//334
f 3199//931 1609//931 209//931
f 3201//655 1608//655 1609//655
f 1069//1059 3198//1059 1067//1059
f 3198//1060 3199//1060 1066//1060
f 1068//663 3200//663 3198//663
f 3200//659 3201//659 3199//659
f 210//211 1607//211 3200//211
f 1607//334 1606//334 3201//334
f 1606//931 3203//931 1611//931
f 3203//655 3205//655 1610//655
f 210//928 630//928 3202//928
f 1607//933 3202//933 3203//933
f 630//658 631//658 3204//658
f 3202//659 3204//659 3205//659
f 631//790 66//790 1079//790
f 3204//334 1079//334 1078//334
f 637//1269 3207//1269 633//1269
f 3207//1270 3209//1270 632//1270
f 1617//1271 3206//1271 636//1271
f 636//1272 3206//1272 3207//1272
f 1616//1273 3208//1273 3206//1273
f 3206//1209 3208//1209 3209//1209
f 380//1274 1612//1274 3208//1274
f 3208//1180 1612//1180 1613//1180
f 1074//1275 3211//1275 1617//1275
f 3211//1276 3213//1276 1616//1276
f 623//1277 3210//1277 1075//1277
f 3210//1278 3211//1278 1074//1278
f 622//1279 3212//1279 3210//1279
f 3212//1279 3213//1279 3211//1279
f 206//1280 1615//1280 3212//1280
f 1615//1281 1614//1281 3213//1281
f 3215//1282 1619//1282 380//1282
f 3217//1276 1618//1276 1619//1276
f 206//1279 1060//1279 3214//1279
f 1615//1283 3214//1283 3215//1283
f 1060//1284 1061//1284 3216//1284
f 3214//1279 3216//1279 3217//1279
f 1061//86 60//86 1059//86
f 3216//1285 1059//1285 1058//1285
f 645//1286 3219//1286 1089//1286
f 3219//1287 3221//1287 1088//1287
f 1625//1288 3218//1288 644//1288
f 644//1289 3218//1289 3219//1289
f 1624//1290 3220//1290 3218//1290
f 3218//1291 3220//1291 3221//1291
f 381//1292 1620//1292 3220//1292
f 3220//1293 1620//1293 1621//1293
f 1082//1294 3223//1294 1625//1294
f 3223//1295 3225//1295 1624//1295
f 1085//1296 3222//1296 1083//1296
f 3222//1297 3223//1297 1082//1297
f 1084//1298 3224//1298 3222//1298
f 3224//1299 3225//1299 3223//1299
f 218//1300 1623//1300 3224//1300
f 1623//1293 1622//1293 3225//1293
f 3227//1301 1627//1301 381//1301
f 3229//1302 1626//1302 1627//1302
f 218//1303 646//1303 3226//1303
f 1623//1304 3226//1304 3227//1304
f 646//1305 647//1305 3228//1305
f 3226//1306 3228//1306 3229//1306
f 647//1307 59//1307 1093//1307
f 3228//485 1093//485 1092//485
f 649//166 3231//166 1081//166
f 3231//79 3233//79 1080//79
f 219//166 1633//166 3230//166
f 648//166 3230//166 3231//166
f 1633//79 1632//79 3232//79
f 3230//79 3232//79 3233//79
f 1632//26 382//26 1628//26
f 3232//26 1628//26 1629//26
f 1086//1308 3235//1308 1633//1308
f 3235//751 3237//751 1632//751
f 1089//1309 3234//1309 1087//1309
f 3234//1310 3235//1310 1086//1310
f 1088//1311 3236//1311 3234//1311
f 3236//494 3237//494 3235//494
f 1088//1312 220//1312 1631//1312
f 3236//197 1631//197 1630//197
f 3239//537 1635//537 382//537
f 3241//536 1634//536 1635//536
f 650//213 3238//213 1631//213
f 3238//166 3239//166 1630//166
f 650//1313 651//1313 3240//1313
f 3238//644 3240//644 3241//644
f 651//1314 70//1314 1095//1314
f 3240//1315 1095//1315 1094//1315
f 3243//1 677//1 76//1
f 3245//308 676//308 677//308
f 235//487 1641//487 3242//487
f 3242//321 3243//321 681//321
f 1641//829 1640//829 3244//829
f 3242//640 3244//640 3245//640
f 1640//309 383//309 1636//309
f 3244//845 1636//845 1637//845
f 1118//313 3247//313 1641//313
f 3247//488 3249//488 1640//488
f 667//108 3246//108 1119//108
f 3246//85 3247//85 1118//85
f 666//1316 3248//1316 3246//1316
f 3248//312 3249//312 3247//312
f 666//1317 228//1317 1639//1317
f 3248//310 1639//310 1638//310
f 3251//487 1643//487 383//487
f 3253//311 1642//311 1643//311
f 1104//54 3250//54 1639//54
f 3250//334 3251//334 1638//334
f 1104//308 1105//308 3252//308
f 3250//640 3252//640 3253//640
f 1105//27 73//27 1107//27
f 3252//845 1107//845 1106//845
f 3255//34 1113//34 82//34
f 3257//535 1112//535 1113//535
f 227//491 1649//491 3254//491
f 3254//173 3255//173 665//173
f 1649//1318 1648//1318 3256//1318
f 3254//644 3256//644 3257//644
f 1648//120 384//120 1644//120
f 3256//26 1644//26 1645//26
f 1102//537 3259//537 1649//537
f 3259//493 3261//493 1648//493
f 1101//1319 3258//1319 1103//1319
f 3258//166 3259//166 1102//166
f 1100//1311 3260//1311 3258//1311
f 3260//494 3261//494 3259//494
f 1100//1320 226//1320 1647//1320
f 3260//197 1647//197 1646//197
f 3263//491 1651//491 384//491
f 3265//536 1650//536 1651//536
f 662//213 3262//213 1647//213
f 3262//492 3263//492 1646//492
f 662//535 663//535 3264//535
f 3262//644 3264//644 3265//644
f 663//28 72//28 1097//28
f 3264//26 1097//26 1096//26
f 671//903 3267//903 1101//903
f 3267//1321 3269//1321 1100//1321
f 1657//905 3266//905 670//905
f 670//906 3266//906 3267//906
f 1656//907 3268//907 3266//907
f 3266//908 3268//908 3269//908
f 385//909 1652//909 3268//909
f 3268//910 1652//910 1653//910
f 1108//911 3271//911 1657//911
f 3271//912 3273//912 1656//912
f 1105//913 3270//913 1109//913
f 3270//914 3271//914 1108//914
f 1104//915 3272//915 3270//915
f 3272//916 3273//916 3271//916
f 228//138 1655//138 3272//138
f 1655//910 1654//910 3273//910
f 3275//918 1659//918 385//918
f 3277//919 1658//919 1659//919
f 228//1218 666//1218 3274//1218
f 1655//921 3274//921 3275//921
f 666//1322 667//1322 3276//1322
f 3274//923 3276//923 3277//923
f 667//1323 77//1323 1099//1323
f 3276//329 1099//329 1098//329
f 661//1324 3279//1324 1097//1324
f 3279//1325 3281//1325 1096//1325
f 1665//1326 3278//1326 660//1326
f 660//1327 3278//1327 3279//1327
f 1664//1328 3280//1328 3278//1328
f 3278//634 3280//634 3281//634
f 386//1329 1660//1329 3280//1329
f 3280//1330 1660//1330 1661//1330
f 1098//1331 3283//1331 1665//1331
f 3283//1332 3285//1332 1664//1332
f 1119//1333 3282//1333 1099//1333
f 3282//1334 3283//1334 1098//1334
f 1118//1335 3284//1335 3282//1335
f 3284//526 3285//526 3283//526
f 235//1336 1663//1336 3284//1336
f 1663//1330 1662//1330 3285//1330
f 1662//1337 3287//1337 1667//1337
f 3287//1338 3289//1338 1666//1338
f 680//1339 3286//1339 1663//1339
f 1663//1340 3286//1340 3287//1340
f 681//1341 3288//1341 3286//1341
f 3286//1342 3288//1342 3289//1342
f 76//1343 1111//1343 3288//1343
f 3288//504 1111//504 1110//504
f 3291//1344 1117//1344 81//1344
f 3291//1345 3293//1345 1116//1345
f 1673//1346 3290//1346 668//1346
f 3290//1347 3291//1347 669//1347
f 1673//1348 1672//1348 3292//1348
f 3290//1349 3292//1349 3293//1349
f 1672//1350 387//1350 1668//1350
f 3292//1351 1668//1351 1669//1351
f 3295//1352 1673//1352 229//1352
f 3297//1353 1672//1353 1673//1353
f 1109//1354 3294//1354 1107//1354
f 3294//1355 3295//1355 1106//1355
f 1108//1356 3296//1356 3294//1356
f 3296//518 3297//518 3295//518
f 1108//112 230//112 1671//112
f 3296//1357 1671//1357 1670//1357
f 3299//1358 1675//1358 387//1358
f 3299//1359 3301//1359 1674//1359
f 670//1360 3298//1360 1671//1360
f 3298//1361 3299//1361 1670//1361
f 670//514 671//514 3300//514
f 3298//1362 3300//1362 3301//1362
f 671//1363 78//1363 1103//1363
f 3300//1364 1103//1364 1102//1364
f 679//903 3303//903 1113//903
f 3303//904 3305//904 1112//904
f 1681//1365 3302//1365 678//1365
f 678//906 3302//906 3303//906
f 1680//907 3304//907 3302//907
f 3302//908 3304//908 3305//908
f 388//909 1676//909 3304//909
f 3304//910 1676//910 1677//910
f 1116//1366 3307//1366 1681//1366
f 3307//912 3309//912 1680//912
f 1115//1367 3306//1367 1117//1367
f 3306//914 3307//914 1116//914
f 1114//915 3308//915 3306//915
f 3308//916 3309//916 3307//916
f 233//917 1679//917 3308//917
f 1679//910 1678//910 3309//910
f 3311//1368 1683//1368 388//1368
f 3313//919 1682//919 1683//919
f 233//920 676//920 3310//920
f 1679//921 3310//921 3311//921
f 676//922 677//922 3312//922
f 3310//923 3312//923 3313//923
f 677//1323 76//1323 1111//1323
f 3312//329 1111//329 1110//329
f 685//1369 3315//1369 479//1369
f 3315//1370 3317//1370 478//1370
f 237//1371 1689//1371 3314//1371
f 684//1372 3314//1372 3315//1372
f 1689//1353 1688//1353 3316//1353
f 3314//1362 3316//1362 3317//1362
f 389//1373 1684//1373 3316//1373
f 1684//1374 1685//1374 3317//1374
f 3319//1375 1689//1375 237//1375
f 3321//1376 1688//1376 1689//1376
f 1121//1377 3318//1377 1123//1377
f 3318//1378 3319//1378 1122//1378
f 1120//1379 3320//1379 3318//1379
f 3320//1380 3321//1380 3319//1380
f 236//1381 1687//1381 3320//1381
f 1687//1382 1686//1382 3321//1382
f 3323//1383 1691//1383 389//1383
f 3323//1384 3325//1384 1690//1384
f 682//1385 3322//1385 1687//1385
f 3322//1386 3323//1386 1686//1386
f 682//1387 683//1387 3324//1387
f 3322//1388 3324//1388 3325//1388
f 683//21 10//21 789//21
f 3324//520 789//520 788//520
f 689//1389 3327//1389 927//1389
f 3327//1390 3329//1390 926//1390
f 1697//1391 3326//1391 688//1391
f 688//1392 3326//1392 3327//1392
f 1696//1393 3328//1393 3326//1393
f 3326//1394 3328//1394 3329//1394
f 390//1395 1692//1395 3328//1395
f 3328//1396 1692//1396 1693//1396
f 3331//1397 1697//1397 239//1397
f 3333//1398 1696//1398 1697//1398
f 1129//1399 3330//1399 1127//1399
f 3330//1400 3331//1400 1126//1400
f 1128//1401 3332//1401 3330//1401
f 3332//1402 3333//1402 3331//1402
f 240//1403 1695//1403 3332//1403
f 1695//1404 1694//1404 3333//1404
f 3335//1405 1699//1405 390//1405
f 3337//1406 1698//1406 1699//1406
f 240//1407 690//1407 3334//1407
f 1695//1408 3334//1408 3335//1408
f 690//1409 691//1409 3336//1409
f 3334//634 3336//634 3337//634
f 691//1410 8//1410 693//1410
f 3336//527 693//527 692//527
f 683//1411 3339//1411 915//1411
f 3339//1412 3341//1412 914//1412
f 1705//1413 3338//1413 682//1413
f 682//1414 3338//1414 3339//1414
f 1704//1415 3340//1415 3338//1415
f 3338//1416 3340//1416 3341//1416
f 391//1417 1700//1417 3340//1417
f 3340//1418 1700//1418 1701//1418
f 1120//1419 3343//1419 1705//1419
f 3343//1420 3345//1420 1704//1420
f 1061//1421 3342//1421 1121//1421
f 1121//1422 3342//1422 3343//1422
f 1060//1423 3344//1423 3342//1423
f 3344//1424 3345//1424 3343//1424
f 206//1425 1703//1425 3344//1425
f 1703//1426 1702//1426 3345//1426
f 3347//1427 1707//1427 391//1427
f 3349//1428 1706//1428 1707//1428
f 206//1423 622//1423 3346//1423
f 1703//1429 3346//1429 3347//1429
f 622//1430 623//1430 3348//1430
f 3346//1431 3348//1431 3349//1431
f 623//541 64//541 1127//541
f 1127//891 1126//891 3349//891
f 479//903 3351//903 1125//903
f 3351//904 3353//904 1124//904
f 1713//905 3350//905 478//905
f 478//906 3350//906 3351//906
f 1712//907 3352//907 3350//907
f 3350//908 3352//908 3353//908
f 392//909 1708//909 3352//909
f 3352//910 1708//910 1709//910
f 916//911 3355//911 1713//911
f 3355//912 3357//912 1712//912
f 919//913 3354//913 917//913
f 3354//914 3355//914 916//914
f 918//915 3356//915 3354//915
f 3356//916 3357//916 3355//916
f 135//138 1711//138 3356//138
f 1711//910 1710//910 3357//910
f 3359//918 1715//918 392//918
f 3361//919 1714//919 1715//919
f 135//920 480//920 3358//920
f 1711//921 3358//921 3359//921
f 480//922 481//922 3360//922
f 3358//923 3360//923 3361//923
f 481//924 15//924 1131//924
f 3360//329 1131//329 1130//329
f 691//247 3363//247 687//247
f 3363//643 3365//643 686//643
f 1721//121 3362//121 690//121
f 690//26 3362//26 3363//26
f 1720//1432 3364//1432 3362//1432
f 3362//644 3364//644 3365//644
f 393//212 1716//212 3364//212
f 1716//492 1717//492 3365//492
f 1128//26 3367//26 1721//26
f 3369//79 1720//79 1721//79
f 623//26 3366//26 1129//26
f 3366//26 3367//26 1128//26
f 622//79 3368//79 3366//79
f 3368//79 3369//79 3367//79
f 622//166 206//166 1719//166
f 3368//166 1719//166 1718//166
f 3371//26 1723//26 393//26
f 3373//79 1722//79 1723//79
f 1060//26 3370//26 1719//26
f 3370//26 3371//26 1718//26
f 1061//79 3372//79 3370//79
f 3372//79 3373//79 3371//79
f 1061//166 60//166 1123//166
f 3372//166 1123//166 1122//166
f 697//1433 3375//1433 503//1433
f 3375//1370 3377//1370 502//1370
f 243//1371 1729//1371 3374//1371
f 696//1372 3374//1372 3375//1372
f 1729//1353 1728//1353 3376//1353
f 3374//1362 3376//1362 3377//1362
f 394//1373 1724//1373 3376//1373
f 1724//1374 1725//1374 3377//1374
f 3379//1434 1729//1434 243//1434
f 3381//1435 1728//1435 1729//1435
f 1133//1436 3378//1436 1135//1436
f 3378//1437 3379//1437 1134//1437
f 1132//1438 3380//1438 3378//1438
f 3380//1439 3381//1439 3379//1439
f 242//1440 1727//1440 3380//1440
f 1727//1441 1726//1441 3381//1441
f 1726//1442 3383//1442 1731//1442
f 3383//1443 3385//1443 1730//1443
f 242//1444 694//1444 3382//1444
f 1727//1445 3382//1445 3383//1445
f 694//1446 695//1446 3384//1446
f 3382//556 3384//556 3385//556
f 695//1447 18//1447 937//1447
f 3384//168 937//168 936//168
f 699//1448 3387//1448 951//1448
f 3387//1449 3389//1449 950//1449
f 244//1450 1737//1450 3386//1450
f 698//1451 3386//1451 3387//1451
f 1737//1450 1736//1450 3388//1450
f 3386//82 3388//82 3389//82
f 1736//1452 395//1452 1732//1452
f 3388//1453 1732//1453 1733//1453
f 3391//1454 1737//1454 244//1454
f 3393//1455 1736//1455 1737//1455
f 1139//1456 3390//1456 1137//1456
f 3390//1457 3391//1457 1136//1457
f 1138//1458 3392//1458 3390//1458
f 3392//1459 3393//1459 3391//1459
f 245//1460 1735//1460 3392//1460
f 1735//1461 1734//1461 3393//1461
f 3395//1405 1739//1405 395//1405
f 3397//1406 1738//1406 1739//1406
f 245//1407 700//1407 3394//1407
f 1735//1408 3394//1408 3395//1408
f 700//1409 701//1409 3396//1409
f 3394//634 3396//634 3397//634
f 701//1410 24//1410 515//1410
f 3396//527 515//527 514//527
f 695//35 3399//35 939//35
f 3399//35 3401//35 938//35
f 1745//539 3398//539 694//539
f 3398//540 3399//540 695//540
f 1744//539 3400//539 3398//539
f 3400//15 3401//15 3399//15
f 396//539 1740//539 3400//539
f 1740//15 1741//15 3401//15
f 1132//1462 3403//1462 1745//1462
f 3403//539 3405//539 1744//539
f 43//1463 1017//1463 3402//1463
f 1133//1464 3402//1464 3403//1464
f 1017//1465 1016//1465 3404//1465
f 3402//1466 3404//1466 3405//1466
f 1016//1467 184//1467 1743//1467
f 3404//1468 1743//1468 1742//1468
f 3407//1469 1747//1469 396//1469
f 3409//1470 1746//1470 1747//1470
f 578//1471 3406//1471 1743//1471
f 3406//1472 3407//1472 1742//1472
f 579//1473 3408//1473 3406//1473
f 3408//1474 3409//1474 3407//1474
f 47//1475 1137//1475 3408//1475
f 1137//1476 1136//1476 3409//1476
f 701//247 3411//247 507//247
f 3411//643 3413//643 506//643
f 1753//121 3410//121 700//121
f 700//26 3410//26 3411//26
f 1752//1432 3412//1432 3410//1432
f 3410//644 3412//644 3413//644
f 397//212 1748//212 3412//212
f 1748//492 1749//492 3413//492
f 3415//144 1753//144 245//144
f 3417//283 1752//283 1753//283
f 47//283 579//283 3414//283
f 3414//1477 3415//1477 1138//1477
f 578//283 3416//283 3414//283
f 3416//283 3417//283 3415//283
f 578//79 184//79 1751//79
f 1751//173 1750//173 3417//173
f 1750//1477 3419//1477 1755//1477
f 3419//283 3421//283 1754//283
f 1016//36 3418//36 1751//36
f 1751//36 3418//36 3419//36
f 1016//283 1017//283 3420//283
f 3418//283 3420//283 3421//283
f 1017//79 43//79 1135//79
f 3420//1478 1135//1478 1134//1478
f 705//1479 3423//1479 527//1479
f 3423//1222 3425//1222 526//1222
f 1761//1480 3422//1480 704//1480
f 704//1481 3422//1481 3423//1481
f 1760//1225 3424//1225 3422//1225
f 3422//1226 3424//1226 3425//1226
f 398//1227 1756//1227 3424//1227
f 3424//1087 1756//1087 1757//1087
f 1142//1482 3427//1482 1761//1482
f 3427//1483 3429//1483 1760//1483
f 1141//1484 3426//1484 1143//1484
f 3426//1485 3427//1485 1142//1485
f 1140//1486 3428//1486 3426//1486
f 3428//1487 3429//1487 3427//1487
f 246//1488 1759//1488 3428//1488
f 1759//1489 1758//1489 3429//1489
f 3431//1490 1763//1490 398//1490
f 3433//1491 1762//1491 1763//1491
f 246//1492 702//1492 3430//1492
f 1759//1493 3430//1493 3431//1493
f 702//1494 703//1494 3432//1494
f 3430//1495 3432//1495 3433//1495
f 703//1496 26//1496 961//1496
f 3432//1497 961//1497 960//1497
f 715//1498 3435//1498 999//1498
f 3435//1499 3437//1499 998//1499
f 252//1500 1769//1500 3434//1500
f 714//1501 3434//1501 3435//1501
f 1769//1502 1768//1502 3436//1502
f 3434//1503 3436//1503 3437//1503
f 1768//1504 399//1504 1764//1504
f 1764//1505 1765//1505 3437//1505
f 3439//1506 1769//1506 252//1506
f 3441//1507 1768//1507 1769//1507
f 1155//1508 3438//1508 1153//1508
f 3438//1509 3439//1509 1152//1509
f 1154//1510 3440//1510 3438//1510
f 3440//1511 3441//1511 3439//1511
f 1154//1512 253//1512 1767//1512
f 3440//1505 1767//1505 1766//1505
f 3443//1248 1771//1248 399//1248
f 3443//1513 3445//1513 1770//1513
f 716//1514 3442//1514 1767//1514
f 3442//1515 3443//1515 1766//1515
f 716//1252 717//1252 3444//1252
f 3442//1516 3444//1516 3445//1516
f 717//1253 39//1253 563//1253
f 3444//458 563//458 562//458
f 703//549 3447//549 1147//549
f 3447//403 3449//403 1146//403
f 246//1517 1777//1517 3446//1517
f 702//405 3446//405 3447//405
f 1777//461 1776//461 3448//461
f 3446//407 3448//407 3449//407
f 1776//148 400//148 1772//148
f 3448//198 1772//198 1773//198
f 3451//1518 1777//1518 246//1518
f 3453//1145 1776//1145 1777//1145
f 1145//1519 3450//1519 1141//1519
f 3450//1520 3451//1520 1140//1520
f 1144//1147 3452//1147 3450//1147
f 3452//1521 3453//1521 3451//1521
f 248//28 1775//28 3452//28
f 1775//198 1774//198 3453//198
f 1774//1522 3455//1522 1779//1522
f 3455//1145 3457//1145 1778//1145
f 248//1519 706//1519 3454//1519
f 1775//1523 3454//1523 3455//1523
f 706//1142 707//1142 3456//1142
f 3454//1521 3456//1521 3457//1521
f 707//1524 74//1524 1153//1524
f 3456//198 1153//198 1152//198
f 523//1255 3459//1255 1149//1255
f 3459//1256 3461//1256 1148//1256
f 1785//1257 3458//1257 522//1257
f 522//1258 3458//1258 3459//1258
f 1784//1259 3460//1259 3458//1259
f 3458//1040 3460//1040 3461//1040
f 401//1525 1780//1525 3460//1525
f 3460//1160 1780//1160 1781//1160
f 960//1526 3463//1526 1785//1526
f 3463//1527 3465//1527 1784//1527
f 1147//1528 3462//1528 961//1528
f 3462//1529 3463//1529 960//1529
f 1146//1530 3464//1530 3462//1530
f 3464//1531 3465//1531 3463//1531
f 249//1532 1783//1532 3464//1532
f 1783//1533 1782//1533 3465//1533
f 3467//1534 1787//1534 401//1534
f 3469//1535 1786//1535 1787//1535
f 249//1536 708//1536 3466//1536
f 1783//1537 3466//1537 3467//1537
f 708//1538 709//1538 3468//1538
f 3466//1539 3468//1539 3469//1539
f 709//1540 37//1540 999//1540
f 3468//1541 999//1541 998//1541
f 527//377 3471//377 1151//377
f 3471//315 3473//315 1150//315
f 158//423 1793//423 3470//423
f 526//925 3470//925 3471//925
f 1793//333 1792//333 3472//333
f 3470//319 3472//319 3473//319
f 1792//487 402//487 1788//487
f 3472//334 1788//334 1789//334
f 3475//926 1793//926 158//926
f 3477//927 1792//927 1793//927
f 1149//1059 3474//1059 965//1059
f 3474//1060 3475//1060 964//1060
f 1148//663 3476//663 3474//663
f 3476//659 3477//659 3475//659
f 250//211 1791//211 3476//211
f 1791//334 1790//334 3477//334
f 1790//931 3479//931 1795//931
f 3479//655 3481//655 1794//655
f 250//1059 710//1059 3478//1059
f 1791//933 3478//933 3479//933
f 710//658 711//658 3480//658
f 3478//930 3480//930 3481//930
f 711//50 38//50 1001//50
f 3480//334 1001//334 1000//334
f 717//1542 3483//1542 713//1542
f 3483//1543 3485//1543 712//1543
f 1801//1271 3482//1271 716//1271
f 716//1544 3482//1544 3483//1544
f 1800//1273 3484//1273 3482//1273
f 3482//1209 3484//1209 3485//1209
f 403//1274 1796//1274 3484//1274
f 3484//1180 1796//1180 1797//1180
f 1154//1545 3487//1545 1801//1545
f 3487//1546 3489//1546 1800//1546
f 707//1547 3486//1547 1155//1547
f 3486//1548 3487//1548 1154//1548
f 706//1549 3488//1549 3486//1549
f 3488//1550 3489//1550 3487//1550
f 248//1551 1799//1551 3488//1551
f 1799//1552 1798//1552 3489//1552
f 3491//1553 1803//1553 403//1553
f 3493//1554 1802//1554 1803//1554
f 248//1555 1144//1555 3490//1555
f 1799//1556 3490//1556 3491//1556
f 1144//1557 1145//1557 3492//1557
f 3490//1558 3492//1558 3493//1558
f 1145//1559 33//1559 1143//1559
f 3492//1560 1143//1560 1142//1560
f 3495//1561 725//1561 49//1561
f 3497//1562 724//1562 725//1562
f 1809//1563 3494//1563 720//1563
f 3494//1564 3495//1564 721//1564
f 1808//1565 3496//1565 3494//1565
f 3496//1566 3497//1566 3495//1566
f 404//562 1804//562 3496//562
f 1804//560 1805//560 3497//560
f 1158//1567 3499//1567 1809//1567
f 3499//1568 3501//1568 1808//1568
f 1157//1569 3498//1569 1159//1569
f 3498//1570 3499//1570 1158//1570
f 1156//1571 3500//1571 3498//1571
f 3500//1572 3501//1572 3499//1572
f 254//1573 1807//1573 3500//1573
f 1807//1574 1806//1574 3501//1574
f 3503//1106 1811//1106 404//1106
f 3505//1107 1810//1107 1811//1107
f 254//1575 718//1575 3502//1575
f 3502//1576 3503//1576 1806//1576
f 718//1110 719//1110 3504//1110
f 3502//1577 3504//1577 3505//1577
f 719//1112 48//1112 1161//1112
f 3504//1578 1161//1578 1160//1578
f 727//1579 3507//1579 1169//1579
f 3507//1580 3509//1580 1168//1580
f 258//1581 1817//1581 3506//1581
f 726//1582 3506//1582 3507//1582
f 1817//1583 1816//1583 3508//1583
f 3506//1584 3508//1584 3509//1584
f 405//1585 1812//1585 3508//1585
f 1812//1129 1813//1129 3509//1129
f 3511//1586 1817//1586 258//1586
f 3513//1587 1816//1587 1817//1587
f 1167//1588 3510//1588 1165//1588
f 3510//1589 3511//1589 1164//1589
f 1166//1590 3512//1590 3510//1590
f 3512//1591 3513//1591 3511//1591
f 1166//1592 259//1592 1815//1592
f 3512//1129 1815//1129 1814//1129
f 3515//1593 1819//1593 405//1593
f 3517//1594 1818//1594 1819//1594
f 728//1595 3514//1595 1815//1595
f 3514//1596 3515//1596 1814//1596
f 729//1597 3516//1597 3514//1597
f 3516//1598 3517//1598 3515//1598
f 52//1599 733//1599 3516//1599
f 733//1600 732//1600 3517//1600
f 719//402 3519//402 1035//402
f 3519//403 3521//403 1034//403
f 254//404 1825//404 3518//404
f 718//1254 3518//1254 3519//1254
f 1825//1137 1824//1137 3520//1137
f 3518//407 3520//407 3521//407
f 1824//247 406//247 1820//247
f 3520//197 1820//197 1821//197
f 3523//1144 1825//1144 254//1144
f 3525//1139 1824//1139 1825//1139
f 1051//1601 3522//1601 1157//1601
f 3522//1602 3523//1602 1156//1602
f 1050//1147 3524//1147 3522//1147
f 3524//1143 3525//1143 3523//1143
f 201//148 1823//148 3524//148
f 1823//197 1822//197 3525//197
f 1822//1138 3527//1138 1827//1138
f 3527//1139 3529//1139 1826//1139
f 201//1601 612//1601 3526//1601
f 1823//1146 3526//1146 3527//1146
f 612//1142 613//1142 3528//1142
f 3526//1143 3528//1143 3529//1143
f 613//28 56//28 1165//28
f 3528//197 1165//197 1164//197
f 723//1603 3531//1603 1055//1603
f 3531//1604 3533//1604 1054//1604
f 256//1605 1833//1605 3530//1605
f 722//1606 3530//1606 3531//1606
f 1833//571 1832//571 3532//571
f 3530//571 3532//571 3533//571
f 1832//1607 407//1607 1828//1607
f 3532//1608 1828//1608 1829//1608
f 1160//1609 3535//1609 1833//1609
f 3535//1610 3537//1610 1832//1610
f 1035//1611 3534//1611 1161//1611
f 3534//1612 3535//1612 1160//1612
f 1034//1613 3536//1613 3534//1613
f 3536//1614 3537//1614 3535//1614
f 193//1615 1831//1615 3536//1615
f 1831//1616 1830//1616 3537//1616
f 3539//1617 1835//1617 407//1617
f 3541//1618 1834//1618 1835//1618
f 193//1619 596//1619 3538//1619
f 1831//1620 3538//1620 3539//1620
f 596//1621 597//1621 3540//1621
f 3538//1622 3540//1622 3541//1622
f 597//1623 50//1623 1169//1623
f 3540//1624 1169//1624 1168//1624
f 3543//16 1041//16 49//16
f 3545//16 1040//16 1041//16
f 1841//16 3542//16 724//16
f 3542//576 3543//576 725//576
f 1840//16 3544//16 3542//16
f 3544//16 3545//16 3543//16
f 408//16 1836//16 3544//16
f 1836//16 1837//16 3545//16
f 3547//16 1841//16 257//16
f 3549//16 1840//16 1841//16
f 1055//16 3546//16 1163//16
f 3546//16 3547//16 1162//16
f 1054//16 3548//16 3546//16
f 3548//16 3549//16 3547//16
f 203//16 1839//16 3548//16
f 1839//16 1838//16 3549//16
f 3551//16 1843//16 408//16
f 3553//16 1842//16 1843//16
f 616//16 3550//16 1839//16
f 3550//16 3551//16 1838//16
f 617//16 3552//16 3550//16
f 3552//16 3553//16 3551//16
f 58//16 1171//16 3552//16
f 1171//576 1170//576 3553//576
f 729//1625 3555//1625 603//1625
f 3555//1626 3557//1626 602//1626
f 259//1627 1849//1627 3554//1627
f 728//1628 3554//1628 3555//1628
f 1849//580 1848//580 3556//580
f 3554//421 3556//421 3557//421
f 1848//1629 409//1629 1844//1629
f 3556//1630 1844//1630 1845//1630
f 1166//1631 3559//1631 1849//1631
f 3559//1175 3561//1175 1848//1175
f 613//1632 3558//1632 1167//1632
f 3558//1633 3559//1633 1166//1633
f 612//1178 3560//1178 3558//1178
f 3560//1179 3561//1179 3559//1179
f 201//87 1847//87 3560//87
f 1847//1180 1846//1180 3561//1180
f 3563//1181 1851//1181 409//1181
f 3565//1182 1850//1182 1851//1182
f 201//1183 1050//1183 3562//1183
f 1847//1184 3562//1184 3563//1184
f 1050//1185 1051//1185 3564//1185
f 3562//1186 3564//1186 3565//1186
f 1051//1187 53//1187 1159//1187
f 3564//554 1159//554 1158//554
f 3567//1634 1141//1634 33//1634
f 3569//1635 1140//1635 1141//1635
f 263//1636 1857//1636 3566//1636
f 736//1637 3566//1637 3567//1637
f 1857//1638 1856//1638 3568//1638
f 3566//1639 3568//1639 3569//1639
f 1856//1640 410//1640 1852//1640
f 3568//1641 1852//1641 1853//1641
f 3571//1642 1857//1642 263//1642
f 3573//1643 1856//1643 1857//1643
f 75//1644 1173//1644 3570//1644
f 3570//1645 3571//1645 1174//1645
f 1173//1646 1172//1646 3572//1646
f 3572//1647 3573//1647 3571//1647
f 1172//1648 262//1648 1855//1648
f 1855//1649 1854//1649 3573//1649
f 3575//1650 1859//1650 410//1650
f 3577//1651 1858//1651 1859//1651
f 262//1652 734//1652 3574//1652
f 1855//1653 3574//1653 3575//1653
f 734//1654 735//1654 3576//1654
f 3574//1655 3576//1655 3577//1655
f 735//1656 68//1656 1179//1656
f 3576//1657 1179//1657 1178//1657
f 745//1658 3579//1658 1185//1658
f 3579//1659 3581//1659 1184//1659
f 267//1660 1865//1660 3578//1660
f 744//1661 3578//1661 3579//1661
f 1865//1662 1864//1662 3580//1662
f 3578//1663 3580//1663 3581//1663
f 1864//1504 411//1504 1860//1504
f 1860//1664 1861//1664 3581//1664
f 1182//1665 3583//1665 1865//1665
f 3585//1666 1864//1666 1865//1666
f 71//1667 1091//1667 3582//1667
f 1183//1668 3582//1668 3583//1668
f 1090//1669 3584//1669 3582//1669
f 3584//1670 3585//1670 3583//1670
f 221//1671 1863//1671 3584//1671
f 1863//1672 1862//1672 3585//1672
f 1862//1673 3587//1673 1867//1673
f 3587//1674 3589//1674 1866//1674
f 221//1675 652//1675 3586//1675
f 1863//1676 3586//1676 3587//1676
f 652//1677 653//1677 3588//1677
f 3586//1678 3588//1678 3589//1678
f 74//1679 1153//1679 3588//1679
f 1153//1680 1152//1680 3589//1680
f 735//1681 3591//1681 1181//1681
f 3591//1682 3593//1682 1180//1682
f 262//1683 1873//1683 3590//1683
f 734//1684 3590//1684 3591//1684
f 1873//461 1872//461 3592//461
f 3590//407 3592//407 3593//407
f 1872//148 412//148 1868//148
f 3592//198 1868//198 1869//198
f 3595//1685 1873//1685 262//1685
f 3597//1686 1872//1686 1873//1686
f 1177//1687 3594//1687 1173//1687
f 3594//1688 3595//1688 1172//1688
f 1176//1689 3596//1689 3594//1689
f 3596//1690 3597//1690 3595//1690
f 1176//79 264//79 1871//79
f 1871//198 1870//198 3597//198
f 1870//1691 3599//1691 1875//1691
f 3599//1690 3601//1690 1874//1690
f 738//1687 3598//1687 1871//1687
f 1871//1687 3598//1687 3599//1687
f 738//1690 739//1690 3600//1690
f 3598//1690 3600//1690 3601//1690
f 739//79 71//79 1183//79
f 3600//644 1183//644 1182//644
f 3603//1692 1147//1692 26//1692
f 3605//1693 1146//1693 1147//1693
f 265//1694 1881//1694 3602//1694
f 740//1695 3602//1695 3603//1695
f 1881//1696 1880//1696 3604//1696
f 3602//1697 3604//1697 3605//1697
f 1880//1698 413//1698 1876//1698
f 3604//1699 1876//1699 1877//1699
f 1178//1700 3607//1700 1881//1700
f 3607//1701 3609//1701 1880//1701
f 1181//1702 3606//1702 1179//1702
f 3606//1703 3607//1703 1178//1703
f 1180//1704 3608//1704 3606//1704
f 3608//1705 3609//1705 3607//1705
f 266//1706 1879//1706 3608//1706
f 1879//1533 1878//1533 3609//1533
f 3611//1707 1883//1707 413//1707
f 3613//1708 1882//1708 1883//1708
f 266//1709 742//1709 3610//1709
f 1879//1537 3610//1537 3611//1537
f 742//1710 743//1710 3612//1710
f 3610//1711 3612//1711 3613//1711
f 743//1712 80//1712 1185//1712
f 3612//1541 1185//1541 1184//1541
f 3615//1713 707//1713 74//1713
f 3617//1714 706//1714 707//1714
f 221//1715 1889//1715 3614//1715
f 652//1716 3614//1716 3615//1716
f 1889//1717 1888//1717 3616//1717
f 3614//1718 3616//1718 3617//1718
f 1888//1719 414//1719 1884//1719
f 3616//1720 1884//1720 1885//1720
f 1090//1721 3619//1721 1889//1721
f 3619//1722 3621//1722 1888//1722
f 71//1723 739//1723 3618//1723
f 1091//1724 3618//1724 3619//1724
f 739//1722 738//1722 3620//1722
f 3618//1722 3620//1722 3621//1722
f 738//1725 264//1725 1887//1725
f 3620//1726 1887//1726 1886//1726
f 3623//1721 1891//1721 414//1721
f 3625//1722 1890//1722 1891//1722
f 1176//1727 3622//1727 1887//1727
f 3622//1724 3623//1724 1886//1724
f 1177//1722 3624//1722 3622//1722
f 3624//1722 3625//1722 3623//1722
f 75//203 1175//203 3624//203
f 1175//306 1174//306 3625//306
f 771//1411 3627//1411 1205//1411
f 3627//1728 3629//1728 1204//1728
f 1897//1413 3626//1413 770//1413
f 770//1414 3626//1414 3627//1414
f 1896//1415 3628//1415 3626//1415
f 3626//1729 3628//1729 3629//1729
f 415//1417 1892//1417 3628//1417
f 3628//1418 1892//1418 1893//1418
f 1208//1730 3631//1730 1897//1730
f 3631//1731 3633//1731 1896//1731
f 1207//1732 3630//1732 1209//1732
f 3630//1733 3631//1733 1208//1733
f 1206//1734 3632//1734 3630//1734
f 3632//1735 3633//1735 3631//1735
f 279//1736 1895//1736 3632//1736
f 1895//1418 1894//1418 3633//1418
f 3635//1737 1899//1737 415//1737
f 3637//1738 1898//1738 1899//1738
f 279//1739 768//1739 3634//1739
f 1895//1740 3634//1740 3635//1740
f 768//1741 769//1741 3636//1741
f 3634//1742 3636//1742 3637//1742
f 769//1167 101//1167 1203//1167
f 3636//534 1203//534 1202//534
f 3639//1743 1209//1743 105//1743
f 3639//1744 3641//1744 1208//1744
f 1905//1745 3638//1745 760//1745
f 3638//1746 3639//1746 761//1746
f 1905//1747 1904//1747 3640//1747
f 3638//1748 3640//1748 3641//1748
f 1904//157 416//157 1900//157
f 3640//1749 1900//1749 1901//1749
f 3643//1750 1905//1750 275//1750
f 3645//1751 1904//1751 1905//1751
f 1201//1752 3642//1752 1199//1752
f 3642//1753 3643//1753 1198//1753
f 1200//1754 3644//1754 3642//1754
f 3644//1755 3645//1755 3643//1755
f 1200//115 276//115 1903//115
f 3644//1374 1903//1374 1902//1374
f 3647//1383 1907//1383 416//1383
f 3647//1384 3649//1384 1906//1384
f 762//1385 3646//1385 1903//1385
f 3646//1386 3647//1386 1902//1386
f 762//1387 763//1387 3648//1387
f 3646//1388 3648//1388 3649//1388
f 763//21 103//21 1195//21
f 3648//520 1195//520 1194//520
f 753//1389 3651//1389 1193//1389
f 3651//1756 3653//1756 1192//1756
f 1913//1391 3650//1391 752//1391
f 752//1392 3650//1392 3651//1392
f 1912//1393 3652//1393 3650//1393
f 3650//1394 3652//1394 3653//1394
f 417//1395 1908//1395 3652//1395
f 3652//1396 1908//1396 1909//1396
f 1190//1757 3655//1757 1913//1757
f 3655//1758 3657//1758 1912//1758
f 1211//1759 3654//1759 1191//1759
f 3654//1760 3655//1760 1190//1760
f 1210//1761 3656//1761 3654//1761
f 3656//1342 3657//1342 3655//1342
f 281//1762 1911//1762 3656//1762
f 1911//1396 1910//1396 3657//1396
f 1910//1763 3659//1763 1915//1763
f 3659//1764 3661//1764 1914//1764
f 772//1765 3658//1765 1911//1765
f 1911//1766 3658//1766 3659//1766
f 773//1767 3660//1767 3658//1767
f 3658//526 3660//526 3661//526
f 101//1768 1203//1768 3660//1768
f 3660//636 1203//636 1202//636
f 763//1411 3663//1411 1189//1411
f 3663//1728 3665//1728 1188//1728
f 1921//1769 3662//1769 762//1769
f 762//1414 3662//1414 3663//1414
f 1920//1415 3664//1415 3662//1415
f 3662//1729 3664//1729 3665//1729
f 418//1417 1916//1417 3664//1417
f 3664//1418 1916//1418 1917//1418
f 1200//1730 3667//1730 1921//1730
f 3667//1731 3669//1731 1920//1731
f 1197//1732 3666//1732 1201//1732
f 3666//1733 3667//1733 1200//1733
f 1196//1734 3668//1734 3666//1734
f 3668//1735 3669//1735 3667//1735
f 274//1736 1919//1736 3668//1736
f 1919//1418 1918//1418 3669//1418
f 3671//1770 1923//1770 418//1770
f 3673//1738 1922//1738 1923//1738
f 274//1771 758//1771 3670//1771
f 1919//1740 3670//1740 3671//1740
f 758//1772 759//1772 3672//1772
f 3670//1742 3672//1742 3673//1742
f 759//1167 102//1167 1191//1167
f 3672//534 1191//534 1190//534
f 3675//1773 1205//1773 106//1773
f 3677//829 1204//829 1205//829
f 273//246 1929//246 3674//246
f 3674//791 3675//791 757//791
f 1929//308 1928//308 3676//308
f 3674//312 3676//312 3677//312
f 1928//108 419//108 1924//108
f 3676//85 1924//85 1925//85
f 1194//844 3679//844 1929//844
f 3679//639 3681//639 1928//639
f 1189//309 3678//309 1195//309
f 3678//845 3679//845 1194//845
f 1188//846 3680//846 3678//846
f 3680//640 3681//640 3679//640
f 1188//847 270//847 1927//847
f 3680//334 1927//334 1926//334
f 3683//246 1931//246 419//246
f 3685//828 1930//828 1931//828
f 750//146 3682//146 1927//146
f 3682//310 3683//310 1926//310
f 750//829 751//829 3684//829
f 3682//312 3684//312 3685//312
f 751//50 99//50 1193//50
f 3684//85 1193//85 1192//85
f 3687//14 769//14 101//14
f 3689//1318 768//1318 769//1318
f 281//247 1937//247 3686//247
f 3686//198 3687//198 773//198
f 1937//535 1936//535 3688//535
f 3686//494 3688//494 3689//494
f 1936//1319 420//1319 1932//1319
f 3688//166 1932//166 1933//166
f 1210//408 3691//408 1937//408
f 3691//643 3693//643 1936//643
f 759//120 3690//120 1211//120
f 3690//26 3691//26 1210//26
f 758//1432 3692//1432 3690//1432
f 3692//644 3693//644 3691//644
f 758//1774 274//1774 1935//1774
f 3692//492 1935//492 1934//492
f 3695//247 1939//247 420//247
f 3697//1313 1938//1313 1939//1313
f 1196//119 3694//119 1935//119
f 3694//197 3695//197 1934//197
f 1196//1318 1197//1318 3696//1318
f 3694//494 3696//494 3697//494
f 1197//51 100//51 1199//51
f 3696//166 1199//166 1198//166
f 785//1411 3699//1411 1219//1411
f 3699//1728 3701//1728 1218//1728
f 1945//1769 3698//1769 784//1769
f 784//1414 3698//1414 3699//1414
f 1944//1415 3700//1415 3698//1415
f 3698//1729 3700//1729 3701//1729
f 421//1417 1940//1417 3700//1417
f 3700//1418 1940//1418 1941//1418
f 1222//1730 3703//1730 1945//1730
f 3703//1775 3705//1775 1944//1775
f 1221//1776 3702//1776 1223//1776
f 3702//1777 3703//1777 1222//1777
f 1220//1778 3704//1778 3702//1778
f 3704//1779 3705//1779 3703//1779
f 286//1736 1943//1736 3704//1736
f 1943//1418 1942//1418 3705//1418
f 3707//1737 1947//1737 421//1737
f 3709//1738 1946//1738 1947//1738
f 286//1780 782//1780 3706//1780
f 1943//1781 3706//1781 3707//1781
f 782//1782 783//1782 3708//1782
f 3706//1783 3708//1783 3709//1783
f 783//1784 108//1784 1217//1784
f 3708//534 1217//534 1216//534
f 3711//14 783//14 108//14
f 3713//1318 782//1318 783//1318
f 288//247 1953//247 3710//247
f 3710//198 3711//198 787//198
f 1953//535 1952//535 3712//535
f 3710//494 3712//494 3713//494
f 1952//1319 422//1319 1948//1319
f 3712//166 1948//166 1949//166
f 1224//408 3715//408 1953//408
f 3715//643 3717//643 1952//643
f 775//120 3714//120 1225//120
f 3714//26 3715//26 1224//26
f 774//1432 3716//1432 3714//1432
f 3716//644 3717//644 3715//644
f 774//1774 282//1774 1951//1774
f 3716//492 1951//492 1950//492
f 3719//247 1955//247 422//247
f 3721//1313 1954//1313 1955//1313
f 1212//119 3718//119 1951//119
f 3718//197 3719//197 1950//197
f 1212//1318 1213//1318 3720//1318
f 3718//494 3720//494 3721//494
f 1213//51 107//51 1215//51
f 3720//166 1215//166 1214//166
f 809//1411 3723//1411 1237//1411
f 3723//1728 3725//1728 1236//1728
f 1961//1769 3722//1769 808//1769
f 808//1414 3722//1414 3723//1414
f 1960//1415 3724//1415 3722//1415
f 3722//1729 3724//1729 3725//1729
f 423//1417 1956//1417 3724//1417
f 3724//1418 1956//1418 1957//1418
f 1240//1730 3727//1730 1961//1730
f 3727//1731 3729//1731 1960//1731
f 1239//1732 3726//1732 1241//1732
f 3726//1733 3727//1733 1240//1733
f 1238//1785 3728//1785 3726//1785
f 3728//1735 3729//1735 3727//1735
f 295//1736 1959//1736 3728//1736
f 1959//1418 1958//1418 3729//1418
f 3731//1737 1963//1737 423//1737
f 3733//1786 1962//1786 1963//1786
f 295//1739 806//1739 3730//1739
f 1959//1740 3730//1740 3731//1740
f 806//1772 807//1772 3732//1772
f 3730//1742 3732//1742 3733//1742
f 807//1167 115//1167 1235//1167
f 3732//534 1235//534 1234//534
f 3735//1743 1241//1743 119//1743
f 3735//1787 3737//1787 1240//1787
f 1969//1788 3734//1788 798//1788
f 3734//1789 3735//1789 799//1789
f 1969//1747 1968//1747 3736//1747
f 3734//1790 3736//1790 3737//1790
f 1968//157 424//157 1964//157
f 3736//1791 1964//1791 1965//1791
f 3739//1792 1969//1792 291//1792
f 3741//1751 1968//1751 1969//1751
f 1233//1793 3738//1793 1231//1793
f 3738//1794 3739//1794 1230//1794
f 1232//1795 3740//1795 3738//1795
f 3740//1796 3741//1796 3739//1796
f 1232//115 292//115 1967//115
f 3740//1797 1967//1797 1966//1797
f 1966//1798 3743//1798 1971//1798
f 3743//1799 3745//1799 1970//1799
f 292//1800 800//1800 3742//1800
f 1967//1801 3742//1801 3743//1801
f 800//1802 801//1802 3744//1802
f 3742//1803 3744//1803 3745//1803
f 801//1804 117//1804 1227//1804
f 3744//218 1227//218 1226//218
f 3747//14 807//14 115//14
f 3749//1318 806//1318 807//1318
f 297//247 1977//247 3746//247
f 3746//198 3747//198 811//198
f 1977//535 1976//535 3748//535
f 3746//494 3748//494 3749//494
f 1976//1319 425//1319 1972//1319
f 3748//166 1972//166 1973//166
f 1242//408 3751//408 1977//408
f 3751//643 3753//643 1976//643
f 797//120 3750//120 1243//120
f 3750//26 3751//26 1242//26
f 796//1432 3752//1432 3750//1432
f 3752//644 3753//644 3751//644
f 796//1774 290//1774 1975//1774
f 3752//492 1975//492 1974//492
f 3755//247 1979//247 425//247
f 3757//1313 1978//1313 1979//1313
f 1228//119 3754//119 1975//119
f 3754//197 3755//197 1974//197
f 1228//1318 1229//1318 3756//1318
f 3754//494 3756//494 3757//494
f 1229//51 114//51 1231//51
f 3756//166 1231//166 1230//166
f 3759//1805 1181//1805 68//1805
f 3761//1806 1180//1806 1181//1806
f 298//1807 1985//1807 3758//1807
f 812//1808 3758//1808 3759//1808
f 1985//1809 1984//1809 3760//1809
f 3758//1810 3760//1810 3761//1810
f 1984//1811 426//1811 1980//1811
f 1980//1812 1981//1812 3761//1812
f 1244//1813 3763//1813 1985//1813
f 3763//1814 3765//1814 1984//1814
f 1081//1815 3762//1815 1245//1815
f 1245//1816 3762//1816 3763//1816
f 1080//1817 3764//1817 3762//1817
f 3764//1818 3765//1818 3763//1818
f 216//1819 1983//1819 3764//1819
f 1983//1820 1982//1820 3765//1820
f 3767//1821 1987//1821 426//1821
f 3769//1822 1986//1822 1987//1822
f 216//1823 642//1823 3766//1823
f 1983//1824 3766//1824 3767//1824
f 642//1825 643//1825 3768//1825
f 3766//1826 3768//1826 3769//1826
f 643//1827 55//1827 1247//1827
f 1247//1828 1246//1828 3769//1828
f 1245//71 817//71 51//71
f 1244//1829 3770//1829 1245//1829
f 1245//1830 3770//1830 817//1830
f 3770//1831 816//1831 817//1831
f 1244//1832 1988//1832 3770//1832
f 1988//1833 1989//1833 3770//1833
f 3770//1834 1989//1834 816//1834
f 1989//1835 300//1835 816//1835
f 1989//1836 1992//1836 300//1836
f 1988//1837 3771//1837 1989//1837
f 1989//1838 3771//1838 1992//1838
f 3771//1839 1993//1839 1992//1839
f 1988//1840 1990//1840 3771//1840
f 1990//1841 1991//1841 3771//1841
f 3771//1842 1991//1842 1993//1842
f 1991//1843 262//1843 1993//1843
f 1992//1844 1248//1844 300//1844
f 1993//1845 3772//1845 1992//1845
f 1992//1846 3772//1846 1248//1846
f 3772//1847 1249//1847 1248//1847
f 1993//1848 1172//1848 3772//1848
f 1172//1849 1173//1849 3772//1849
f 3772//1850 1173//1850 1249//1850
f 1173//1851 75//1851 1249//1851
f 587//80 1137//80 47//80
f 586//1852 3773//1852 587//1852
f 587//1853 3773//1853 1137//1853
f 3773//1854 1136//1854 1137//1854
f 586//1855 1994//1855 3773//1855
f 1994//1856 1995//1856 3773//1856
f 3773//1857 1995//1857 1136//1857
f 1995//80 244//80 1136//80
f 1995//1858 1998//1858 244//1858
f 1994//1859 3774//1859 1995//1859
f 1995//1860 3774//1860 1998//1860
f 3774//1861 1999//1861 1998//1861
f 1994//1862 1996//1862 3774//1862
f 1996//1863 1997//1863 3774//1863
f 3774//1864 1997//1864 1999//1864
f 1997//1865 302//1865 1999//1865
f 1998//1866 698//1866 244//1866
f 1999//1867 3775//1867 1998//1867
f 1998//1868 3775//1868 698//1868
f 3775//1869 699//1869 698//1869
f 1999//1870 1252//1870 3775//1870
f 1252//1871 1253//1871 3775//1871
f 3775//1872 1253//1872 699//1872
f 1253//1873 22//1873 699//1873
f 1133//82 575//82 43//82
f 1132//1874 3776//1874 1133//1874
f 1133//1875 3776//1875 575//1875
f 3776//1876 574//1876 575//1876
f 1132//1877 2000//1877 3776//1877
f 2000//1878 2001//1878 3776//1878
f 3776//1879 2001//1879 574//1879
f 2001//82 182//82 574//82
f 2001//1880 2004//1880 182//1880
f 2000//1881 3777//1881 2001//1881
f 2001//1882 3777//1882 2004//1882
f 3777//1883 2005//1883 2004//1883
f 2000//1884 2002//1884 3777//1884
f 2002//1885 2003//1885 3777//1885
f 3777//1886 2003//1886 2005//1886
f 2003//1887 304//1887 2005//1887
f 2004//1888 1012//1888 182//1888
f 2005//1889 3778//1889 2004//1889
f 2004//1890 3778//1890 1012//1890
f 3778//1891 1013//1891 1012//1891
f 2005//1892 824//1892 3778//1892
f 824//1893 825//1893 3778//1893
f 3778//1894 825//1894 1013//1894
f 825//1895 42//1895 1013//1895
f 749//956 1251//956 98//956
f 748//1896 3779//1896 749//1896
f 749//1897 3779//1897 1251//1897
f 3779//1898 1250//1898 1251//1898
f 748//1899 2006//1899 3779//1899
f 2006//1900 2007//1900 3779//1900
f 3779//1901 2007//1901 1250//1901
f 2007//1902 301//1902 1250//1902
f 2007//1903 2010//1903 301//1903
f 2006//1904 3780//1904 2007//1904
f 2007//1905 3780//1905 2010//1905
f 3780//1906 2011//1906 2010//1906
f 2006//1907 2008//1907 3780//1907
f 2008//1908 2009//1908 3780//1908
f 3780//1909 2009//1909 2011//1909
f 2009//1910 303//1910 2011//1910
f 2010//1911 818//1911 301//1911
f 2011//1912 3781//1912 2010//1912
f 2010//1913 3781//1913 818//1913
f 3781//1914 819//1914 818//1914
f 2011//1915 822//1915 3781//1915
f 822//1916 823//1916 3781//1916
f 3781//1917 823//1917 819//1917
f 823//1112 111//1112 819//1112
f 825//1918 3783//1918 1015//1918
f 3783//706 3785//706 1014//706
f 304//1919 2017//1919 3782//1919
f 824//1920 3782//1920 3783//1920
f 2017//1921 2016//1921 3784//1921
f 3782//711 3784//711 3785//711
f 2016//1922 427//1922 2012//1922
f 3784//1923 2012//1923 2013//1923
f 1256//1924 3787//1924 2017//1924
f 3787//1925 3789//1925 2016//1925
f 939//1926 3786//1926 1257//1926
f 1257//1927 3786//1927 3787//1927
f 938//1928 3788//1928 3786//1928
f 3786//1929 3788//1929 3789//1929
f 145//1930 2015//1930 3788//1930
f 2015//1931 2014//1931 3789//1931
f 3791//1932 2019//1932 427//1932
f 3793//1933 2018//1933 2019//1933
f 145//1934 500//1934 3790//1934
f 2015//1935 3790//1935 3791//1935
f 500//1936 501//1936 3792//1936
f 3792//1937 3793//1937 3791//1937
f 501//1938 22//1938 1253//1938
f 1253//1939 1252//1939 3793//1939
f 3795//1940 791//1940 92//1940
f 3797//1941 790//1941 791//1941
f 320//1942 2025//1942 3794//1942
f 856//1943 3794//1943 3795//1943
f 2025//1944 2024//1944 3796//1944
f 3794//1945 3796//1945 3797//1945
f 2024//1946 428//1946 2020//1946
f 3796//1947 2020//1947 2021//1947
f 1288//1948 3799//1948 2025//1948
f 3799//1949 3801//1949 2024//1949
f 1187//1950 3798//1950 1289//1950
f 3798//1951 3799//1951 1288//1951
f 1186//1952 3800//1952 3798//1952
f 3800//1953 3801//1953 3799//1953
f 269//1954 2023//1954 3800//1954
f 2023//1955 2022//1955 3801//1955
f 3803//1956 2027//1956 428//1956
f 3805//1957 2026//1957 2027//1957
f 269//1958 748//1958 3802//1958
f 2023//1959 3802//1959 3803//1959
f 748//954 749//954 3804//954
f 3802//1960 3804//1960 3805//1960
f 749//956 98//956 1285//956
f 3804//1961 1285//1961 1284//1961
f 465//1962 3807//1962 1261//1962
f 3807//1963 3809//1963 1260//1963
f 122//1964 2033//1964 3806//1964
f 464//1965 3806//1965 3807//1965
f 2033//1507 2032//1507 3808//1507
f 3806//1966 3808//1966 3809//1966
f 2032//964 429//964 2028//964
f 2028//965 2029//965 3809//965
f 3811//1967 2033//1967 122//1967
f 3813//1968 2032//1968 2033//1968
f 1291//1969 3810//1969 887//1969
f 3810//1970 3811//1970 886//1970
f 1290//1971 3812//1971 3810//1971
f 3812//1972 3813//1972 3811//1972
f 1290//1973 321//1973 2031//1973
f 3812//1974 2031//1974 2030//1974
f 2030//1975 3815//1975 2035//1975
f 3815//1976 3817//1976 2034//1976
f 321//1977 858//1977 3814//1977
f 2031//1978 3814//1978 3815//1978
f 858//1979 859//1979 3816//1979
f 3814//1980 3816//1980 3817//1980
f 93//1981 883//1981 3816//1981
f 883//1982 882//1982 3817//1982
f 749//1983 3819//1983 1259//1983
f 3819//315 3821//315 1258//315
f 269//664 2041//664 3818//664
f 748//332 3818//332 3819//332
f 2041//352 2040//352 3820//352
f 3818//319 3820//319 3821//319
f 2040//665 430//665 2036//665
f 3820//321 2036//321 2037//321
f 3823//980 2041//980 269//980
f 3825//655 2040//655 2041//655
f 1287//981 3822//981 1187//981
f 3822//662 3823//662 1186//662
f 1286//663 3824//663 3822//663
f 3824//659 3825//659 3823//659
f 319//50 2039//50 3824//50
f 2039//321 2038//321 3825//321
f 2038//654 3827//654 2043//654
f 3827//655 3829//655 2042//655
f 319//981 854//981 3826//981
f 2039//657 3826//657 3827//657
f 854//658 855//658 3828//658
f 3826//659 3828//659 3829//659
f 855//660 96//660 887//660
f 3828//321 887//321 886//321
f 3831//1984 875//1984 94//1984
f 3833//1985 874//1985 875//1985
f 318//1986 2049//1986 3830//1986
f 852//1987 3830//1987 3831//1987
f 2049//1988 2048//1988 3832//1988
f 3830//1989 3832//1989 3833//1989
f 2048//1990 431//1990 2044//1990
f 3832//1991 2044//1991 2045//1991
f 1284//1992 3835//1992 2049//1992
f 3835//1993 3837//1993 2048//1993
f 1259//1994 3834//1994 1285//1994
f 3834//994 3835//994 1284//994
f 1258//1995 3836//1995 3834//1995
f 3836//996 3837//996 3835//996
f 305//1996 2047//1996 3836//1996
f 2047//998 2046//998 3837//998
f 3839//1997 2051//1997 431//1997
f 3841//1998 2050//1998 2051//1998
f 305//1999 826//1999 3838//1999
f 2047//1002 3838//1002 3839//1002
f 826//2000 827//2000 3840//2000
f 3838//1004 3840//1004 3841//1004
f 827//2001 95//2001 1261//2001
f 3840//1006 1261//1006 1260//1006
f 3843//2002 471//2002 93//2002
f 3845//2003 470//2003 471//2003
f 321//2004 2057//2004 3842//2004
f 858//2005 3842//2005 3843//2005
f 2057//2006 2056//2006 3844//2006
f 3842//2007 3844//2007 3845//2007
f 2056//2008 432//2008 2052//2008
f 3844//2009 2052//2009 2053//2009
f 1290//2010 3847//2010 2057//2010
f 3847//2011 3849//2011 2056//2011
f 855//2012 3846//2012 1291//2012
f 3846//1018 3847//1018 1290//1018
f 854//2013 3848//2013 3846//2013
f 3848//1020 3849//1020 3847//1020
f 319//2014 2055//2014 3848//2014
f 2055//1022 2054//1022 3849//1022
f 3851//2015 2059//2015 432//2015
f 3853//2016 2058//2016 2059//2016
f 319//2017 1286//2017 3850//2017
f 2055//1026 3850//1026 3851//1026
f 1286//2018 1287//2018 3852//2018
f 3850//1028 3852//1028 3853//1028
f 1287//2019 97//2019 1289//2019
f 3852//1030 1289//1030 1288//1030
f 3855//2002 509//2002 86//2002
f 3857//2003 508//2003 509//2003
f 310//2004 2065//2004 3854//2004
f 836//2005 3854//2005 3855//2005
f 2065//2006 2064//2006 3856//2006
f 3854//2007 3856//2007 3857//2007
f 2064//2008 433//2008 2060//2008
f 3856//2009 2060//2009 2061//2009
f 1268//1015 3859//1015 2065//1015
f 3859//2020 3861//2020 2064//2020
f 471//1017 3858//1017 1269//1017
f 3858//1018 3859//1018 1268//1018
f 470//1019 3860//1019 3858//1019
f 3860//1020 3861//1020 3859//1020
f 130//1021 2063//1021 3860//1021
f 2063//1022 2062//1022 3861//1022
f 3863//1023 2067//1023 433//1023
f 3865//1024 2066//1024 2067//1024
f 130//1025 792//1025 3862//1025
f 2063//1026 3862//1026 3863//1026
f 792//1027 793//1027 3864//1027
f 3862//1028 3864//1028 3865//1028
f 793//1029 92//1029 1267//1029
f 3864//1030 1267//1030 1266//1030
f 3867//1984 955//1984 87//1984
f 3869//1985 954//1985 955//1985
f 308//1986 2073//1986 3866//1986
f 832//1987 3866//1987 3867//1987
f 2073//1988 2072//1988 3868//1988
f 3866//1989 3868//1989 3869//1989
f 2072//1990 434//1990 2068//1990
f 3868//1991 2068//1991 2069//1991
f 1264//991 3871//991 2073//991
f 3871//992 3873//992 2072//992
f 875//993 3870//993 1265//993
f 3870//994 3871//994 1264//994
f 874//995 3872//995 3870//995
f 3872//996 3873//996 3871//996
f 129//997 2071//997 3872//997
f 2071//998 2070//998 3873//998
f 3875//999 2075//999 434//999
f 3877//1000 2074//1000 2075//1000
f 129//1001 468//1001 3874//1001
f 2071//1002 3874//1002 3875//1002
f 468//1003 469//1003 3876//1003
f 3874//1004 3876//1004 3877//1004
f 469//1005 91//1005 1263//1005
f 3876//1006 1263//1006 1262//1006
f 467//958 3879//958 1263//958
f 3879//959 3881//959 1262//959
f 113//960 2081//960 3878//960
f 466//961 3878//961 3879//961
f 2081//962 2080//962 3880//962
f 3878//963 3880//963 3881//963
f 2080//964 435//964 2076//964
f 2076//965 2077//965 3881//965
f 3883//966 2081//966 113//966
f 3885//967 2080//967 2081//967
f 1269//968 3882//968 883//968
f 3882//969 3883//969 882//969
f 1268//970 3884//970 3882//970
f 3884//971 3885//971 3883//971
f 1268//972 310//972 2079//972
f 3884//965 2079//965 2078//965
f 2078//1975 3887//1975 2083//1975
f 3887//1976 3889//1976 2082//1976
f 310//1977 836//1977 3886//1977
f 2079//1978 3886//1978 3887//1978
f 836//1979 837//1979 3888//1979
f 3886//1980 3888//1980 3889//1980
f 86//1981 957//1981 3888//1981
f 957//1982 956//1982 3889//1982
f 3891//1940 933//1940 84//1940
f 3893//1941 932//1941 933//1941
f 309//1942 2089//1942 3890//1942
f 834//2021 3890//2021 3891//2021
f 2089//1944 2088//1944 3892//1944
f 3890//2022 3892//2022 3893//2022
f 2088//1946 436//1946 2084//1946
f 3892//2023 2084//2023 2085//2023
f 1266//2024 3895//2024 2089//2024
f 3895//2025 3897//2025 2088//2025
f 791//2026 3894//2026 1267//2026
f 3894//2027 3895//2027 1266//2027
f 790//946 3896//946 3894//946
f 3896//947 3897//947 3895//947
f 131//948 2087//948 3896//948
f 2087//949 2086//949 3897//949
f 3899//950 2091//950 436//950
f 3901//951 2090//951 2091//951
f 131//952 472//952 3898//952
f 2087//953 3898//953 3899//953
f 472//954 473//954 3900//954
f 3898//955 3900//955 3901//955
f 473//956 94//956 1265//956
f 3900//957 1265//957 1264//957
f 3903//78 647//78 59//78
f 3905//828 646//828 647//828
f 314//313 2097//313 3902//313
f 3902//334 3903//334 845//334
f 2097//311 2096//311 3904//311
f 3902//640 3904//640 3905//640
f 2096//147 437//147 2092//147
f 3904//845 2092//845 2093//845
f 1276//313 3907//313 2097//313
f 3907//488 3909//488 2096//488
f 611//108 3906//108 1277//108
f 3906//85 3907//85 1276//85
f 610//1316 3908//1316 3906//1316
f 3908//312 3909//312 3907//312
f 610//1317 200//1317 2095//1317
f 3908//310 2095//310 2094//310
f 3911//487 2099//487 437//487
f 3913//311 2098//311 2099//311
f 1048//54 3910//54 2095//54
f 3910//334 3911//334 2094//334
f 1048//308 1049//308 3912//308
f 3910//640 3912//640 3913//640
f 1049//27 34//27 1275//27
f 3912//845 1275//845 1274//845
f 3915//214 1089//214 57//214
f 3917//1313 1088//1313 1089//1313
f 312//537 2105//537 3914//537
f 3914//492 3915//492 841//492
f 2105//536 2104//536 3916//536
f 3914//644 3916//644 3917//644
f 2104//121 438//121 2100//121
f 3916//26 2100//26 2101//26
f 1272//537 3919//537 2105//537
f 3919//493 3921//493 2104//493
f 1047//1319 3918//1319 1273//1319
f 3918//166 3919//166 1272//166
f 1046//1311 3920//1311 3918//1311
f 3920//494 3921//494 3919//494
f 1046//1320 199//1320 2103//1320
f 3920//197 2103//197 2102//197
f 3923//491 2107//491 438//491
f 3925//536 2106//536 2107//536
f 608//213 3922//213 2103//213
f 3922//492 3923//492 2102//492
f 608//535 609//535 3924//535
f 3922//644 3924//644 3925//644
f 609//28 32//28 1271//28
f 3924//26 1271//26 1270//26
f 607//2028 3927//2028 1271//2028
f 3927//1325 3929//1325 1270//1325
f 2113//1326 3926//1326 606//1326
f 606//1327 3926//1327 3927//1327
f 2112//1328 3928//1328 3926//1328
f 3926//634 3928//634 3929//634
f 439//1329 2108//1329 3928//1329
f 3928//1330 2108//1330 2109//1330
f 1044//1331 3931//1331 2113//1331
f 3931//1332 3933//1332 2112//1332
f 1277//2029 3930//2029 1045//2029
f 3930//2030 3931//2030 1044//2030
f 1276//2031 3932//2031 3930//2031
f 3932//526 3933//526 3931//526
f 314//1336 2111//1336 3932//1336
f 2111//1330 2110//1330 3933//1330
f 2110//2032 3935//2032 2115//2032
f 3935//2033 3937//2033 2114//2033
f 844//2034 3934//2034 2111//2034
f 2111//2035 3934//2035 3935//2035
f 845//2036 3936//2036 3934//2036
f 3934//2037 3936//2037 3937//2037
f 59//2038 1093//2038 3936//2038
f 3936//759 1093//759 1092//759
f 3939//2039 1083//2039 69//2039
f 3939//2040 3941//2040 1082//2040
f 2121//2041 3938//2041 842//2041
f 3938//2042 3939//2042 843//2042
f 2121//2043 2120//2043 3940//2043
f 3938//2044 3940//2044 3941//2044
f 2120//2045 440//2045 2116//2045
f 3940//2046 2116//2046 2117//2046
f 3943//1352 2121//1352 313//1352
f 3945//1353 2120//1353 2121//1353
f 1053//2047 3942//2047 1275//2047
f 3942//1355 3943//1355 1274//1355
f 1052//1356 3944//1356 3942//1356
f 3944//518 3945//518 3943//518
f 1052//112 202//112 2119//112
f 3944//1357 2119//1357 2118//1357
f 3947//1358 2123//1358 440//1358
f 3947//1359 3949//1359 2122//1359
f 614//1360 3946//1360 2119//1360
f 3946//1361 3947//1361 2118//1361
f 614//514 615//514 3948//514
f 3946//1362 3948//1362 3949//1362
f 615//2048 36//2048 1273//2048
f 3948//1364 1273//1364 1272//1364
f 817//2049 3951//2049 1081//2049
f 3951//767 3953//767 1080//767
f 2129//2050 3950//2050 816//2050
f 816//2051 3950//2051 3951//2051
f 2128//2052 3952//2052 3950//2052
f 3950//2053 3952//2053 3953//2053
f 441//2054 2124//2054 3952//2054
f 3952//2055 2124//2055 2125//2055
f 3955//2056 2129//2056 300//2056
f 3957//2057 2128//2057 2129//2057
f 1177//2058 3954//2058 1249//2058
f 3954//2059 3955//2059 1248//2059
f 1176//2060 3956//2060 3954//2060
f 3956//2057 3957//2057 3955//2057
f 264//2061 2127//2061 3956//2061
f 2127//2062 2126//2062 3957//2062
f 2126//2063 3959//2063 2131//2063
f 3959//2057 3961//2057 2130//2057
f 264//2064 738//2064 3958//2064
f 2127//2065 3958//2065 3959//2065
f 738//2060 739//2060 3960//2060
f 3958//2060 3960//2060 3961//2060
f 739//2066 71//2066 1281//2066
f 3960//2067 1281//2067 1280//2067
f 3963//2068 1249//2068 75//2068
f 3965//2069 1248//2069 1249//2069
f 2137//2070 3962//2070 850//2070
f 3962//2071 3963//2071 851//2071
f 2136//2072 3964//2072 3962//2072
f 3964//2073 3965//2073 3963//2073
f 442//2074 2132//2074 3964//2074
f 2132//2075 2133//2075 3965//2075
f 3967//2076 2137//2076 317//2076
f 3969//2077 2136//2077 2137//2077
f 1083//2078 3966//2078 1283//2078
f 3966//2079 3967//2079 1282//2079
f 1082//2080 3968//2080 3966//2080
f 3968//2081 3969//2081 3967//2081
f 1082//2082 217//2082 2135//2082
f 3968//2083 2135//2083 2134//2083
f 3971//2084 2139//2084 442//2084
f 3971//2085 3973//2085 2138//2085
f 644//2086 3970//2086 2135//2086
f 3970//2087 3971//2087 2134//2087
f 644//2088 645//2088 3972//2088
f 3970//2089 3972//2089 3973//2089
f 645//2090 57//2090 1087//2090
f 3972//2091 1087//2091 1086//2091
f 655//2092 3975//2092 1095//2092
f 3975//2093 3977//2093 1094//2093
f 2145//2094 3974//2094 654//2094
f 654//2095 3974//2095 3975//2095
f 2144//2096 3976//2096 3974//2096
f 3974//2097 3976//2097 3977//2097
f 443//2098 2140//2098 3976//2098
f 3976//2099 2140//2099 2141//2099
f 1092//2100 3979//2100 2145//2100
f 3979//2101 3981//2101 2144//2101
f 1279//2102 3978//2102 1093//2102
f 3978//2103 3979//2103 1092//2103
f 1278//2104 3980//2104 3978//2104
f 3980//2105 3981//2105 3979//2105
f 315//2106 2143//2106 3980//2106
f 2143//2099 2142//2099 3981//2099
f 2142//2107 3983//2107 2147//2107
f 3983//2108 3985//2108 2146//2108
f 846//2109 3982//2109 2143//2109
f 3982//2110 3983//2110 2142//2110
f 847//2111 3984//2111 3982//2111
f 3984//2112 3985//2112 3983//2112
f 71//2113 1281//2113 3984//2113
f 1281//260 1280//260 3985//260
f 3987//789 739//789 71//789
f 3989//789 738//789 739//789
f 315//2114 2153//2114 3986//2114
f 846//790 3986//790 3987//790
f 2153//789 2152//789 3988//789
f 3986//789 3988//789 3989//789
f 2152//845 444//845 2148//845
f 3988//791 2148//791 2149//791
f 1278//2115 3991//2115 2153//2115
f 3991//749 3993//749 2152//749
f 647//2116 3990//2116 1279//2116
f 3990//2117 3991//2117 1278//2117
f 646//486 3992//486 3990//486
f 3992//312 3993//312 3991//312
f 646//2118 218//2118 2151//2118
f 3992//310 2151//310 2150//310
f 3995//313 2155//313 444//313
f 3997//311 2154//311 2155//311
f 1084//54 3994//54 2151//54
f 3994//85 3995//85 2150//85
f 1084//828 1085//828 3996//828
f 3994//640 3996//640 3997//640
f 1085//2119 69//2119 1283//2119
f 3996//2120 1283//2120 1282//2120
f 3999//2121 1223//2121 111//2121
f 3999//2122 4001//2122 1222//2122
f 2161//2123 3998//2123 776//2123
f 3998//2124 3999//2124 777//2124
f 2161//1747 2160//1747 4000//1747
f 3998//2125 4000//2125 4001//2125
f 2160//157 445//157 2156//157
f 4000//1749 2156//1749 2157//1749
f 4003//1750 2161//1750 283//1750
f 4005//1751 2160//1751 2161//1751
f 1299//2126 4002//2126 1215//2126
f 4002//1753 4003//1753 1214//1753
f 1298//1754 4004//1754 4002//1754
f 4004//1755 4005//1755 4003//1755
f 1298//115 325//115 2159//115
f 4004//1374 2159//1374 2158//1374
f 4007//1383 2163//1383 445//1383
f 4007//1384 4009//1384 2162//1384
f 866//1385 4006//1385 2159//1385
f 4006//1386 4007//1386 2158//1386
f 866//1387 867//1387 4008//1387
f 4006//1388 4008//1388 4009//1388
f 867//21 120//21 1297//21
f 4008//520 1297//520 1296//520
f 861//2127 4011//2127 1295//2127
f 4011//1756 4013//1756 1294//1756
f 2169//1391 4010//1391 860//1391
f 860//1392 4010//1392 4011//1392
f 2168//1393 4012//1393 4010//1393
f 4010//1394 4012//1394 4013//1394
f 446//2128 2164//2128 4012//2128
f 4012//1396 2164//1396 2165//1396
f 1292//1757 4015//1757 2169//1757
f 4015//1758 4017//1758 2168//1758
f 1225//2129 4014//2129 1293//2129
f 4014//1760 4015//1760 1292//1760
f 1224//2130 4016//2130 4014//2130
f 4016//1342 4017//1342 4015//1342
f 288//2131 2167//2131 4016//2131
f 2167//1396 2166//1396 4017//1396
f 2166//2132 4019//2132 2171//2132
f 4019//2133 4021//2133 2170//2133
f 786//2134 4018//2134 2167//2134
f 2167//2135 4018//2135 4019//2135
f 787//2136 4020//2136 4018//2136
f 4018//526 4020//526 4021//526
f 108//1768 1217//1768 4020//1768
f 4020//883 1217//883 1216//883
f 867//1411 4023//1411 1237//1411
f 4023//1728 4025//1728 1236//1728
f 2177//1769 4022//1769 866//1769
f 866//1414 4022//1414 4023//1414
f 2176//1415 4024//1415 4022//1415
f 4022//1729 4024//1729 4025//1729
f 447//1417 2172//1417 4024//1417
f 4024//1418 2172//1418 2173//1418
f 1298//1730 4027//1730 2177//1730
f 4027//1731 4029//1731 2176//1731
f 1213//1732 4026//1732 1299//1732
f 4026//1733 4027//1733 1298//1733
f 1212//1785 4028//1785 4026//1785
f 4028//1735 4029//1735 4027//1735
f 282//2137 2175//2137 4028//2137
f 2175//1418 2174//1418 4029//1418
f 4031//1737 2179//1737 447//1737
f 4033//1786 2178//1786 2179//1786
f 282//1739 774//1739 4030//1739
f 2175//1740 4030//1740 4031//1740
f 774//1772 775//1772 4032//1772
f 4030//1742 4032//1742 4033//1742
f 775//1167 109//1167 1293//1167
f 4032//534 1293//534 1292//534
f 4035//1773 1219//1773 112//1773
f 4037//829 1218//829 1219//829
f 324//246 2185//246 4034//246
f 4034//791 4035//791 865//791
f 2185//308 2184//308 4036//308
f 4034//312 4036//312 4037//312
f 2184//108 448//108 2180//108
f 4036//85 2180//85 2181//85
f 1296//844 4039//844 2185//844
f 4039//639 4041//639 2184//639
f 1237//309 4038//309 1297//309
f 4038//845 4039//845 1296//845
f 1236//846 4040//846 4038//846
f 4040//640 4041//640 4039//640
f 1236//847 294//847 2183//847
f 4040//334 2183//334 2182//334
f 4043//246 2187//246 448//246
f 4045//828 2186//828 2187//828
f 804//146 4042//146 2183//146
f 4042//310 4043//310 2182//310
f 804//829 805//829 4044//829
f 4042//312 4044//312 4045//312
f 805//50 118//50 1295//50
f 4044//85 1295//85 1294//85
f 849//2138 1247//2138 55//2138
f 848//2139 4046//2139 849//2139
f 849//2140 4046//2140 1247//2140
f 4046//2141 1246//2141 1247//2141
f 848//2142 2188//2142 4046//2142
f 2188//2143 2189//2143 4046//2143
f 4046//2144 2189//2144 1246//2144
f 2189//2145 299//2145 1246//2145
f 2189//2146 2192//2146 299//2146
f 2188//2147 4047//2147 2189//2147
f 2189//2148 4047//2148 2192//2148
f 4047//2149 2193//2149 2192//2149
f 2188//2150 2190//2150 4047//2150
f 2190//2151 2191//2151 4047//2151
f 4047//2152 2191//2152 2193//2152
f 2191//2153 267//2153 2193//2153
f 2192//2154 814//2154 299//2154
f 2193//2155 4048//2155 2192//2155
f 2192//2156 4048//2156 814//2156
f 4048//2157 815//2157 814//2157
f 2193//2158 744//2158 4048//2158
f 744//2159 745//2159 4048//2159
f 4048//2160 745//2160 815//2160
f 745//2161 80//2161 815//2161
f 4050//2162 783//2162 108//2162
f 4052//2163 782//2163 783//2163
f 326//2164 2199//2164 4049//2164
f 868//2165 4049//2165 4050//2165
f 2199//2166 2198//2166 4051//2166
f 4049//2167 4051//2167 4052//2167
f 2198//2168 449//2168 2194//2168
f 4051//2169 2194//2169 2195//2169
f 4054//2170 2199//2170 326//2170
f 4056//2171 2198//2171 2199//2171
f 95//2172 827//2172 4053//2172
f 1301//2173 4053//2173 4054//2173
f 827//2174 826//2174 4055//2174
f 4053//2175 4055//2175 4056//2175
f 826//2176 305//2176 2197//2176
f 4055//2177 2197//2177 2196//2177
f 2196//2178 4058//2178 2201//2178
f 4058//2179 4060//2179 2200//2179
f 1258//2180 4057//2180 2197//2180
f 4057//2181 4058//2181 2196//2181
f 1259//2182 4059//2182 4057//2182
f 4059//2183 4060//2183 4058//2183
f 98//2184 1251//2184 4059//2184
f 1251//2185 1250//2185 4060//2185
f 4062//2186 1221//2186 111//2186
f 4064//2187 1220//2187 1221//2187
f 303//2188 2207//2188 4061//2188
f 822//2189 4061//2189 4062//2189
f 2207//2190 2206//2190 4063//2190
f 4061//2191 4063//2191 4064//2191
f 2206//2192 450//2192 2202//2192
f 4063//2193 2202//2193 2203//2193
f 4066//2194 2207//2194 303//2194
f 4068//2195 2206//2195 2207//2195
f 97//2196 1287//2196 4065//2196
f 1255//2197 4065//2197 4066//2197
f 1287//2198 1286//2198 4067//2198
f 4065//2199 4067//2199 4068//2199
f 1286//2200 319//2200 2205//2200
f 4067//2201 2205//2201 2204//2201
f 2204//2202 4070//2202 2209//2202
f 4070//2203 4072//2203 2208//2203
f 854//2204 4069//2204 2205//2204
f 4069//2205 4070//2205 2204//2205
f 855//2206 4071//2206 4069//2206
f 4071//2207 4072//2207 4070//2207
f 96//2208 1303//2208 4071//2208
f 1303//2209 1302//2209 4072//2209
f 1301//2210 465//2210 95//2210
f 1300//2211 4073//2211 1301//2211
f 1301//2212 4073//2212 465//2212
f 4073//2213 464//2213 465//2213
f 1300//2214 2210//2214 4073//2214
f 2210//2215 2211//2215 4073//2215
f 4073//2216 2211//2216 464//2216
f 2211//2217 122//2217 464//2217
f 2211//2218 2214//2218 122//2218
f 2210//2219 4074//2219 2211//2219
f 2211//2220 4074//2220 2214//2220
f 4074//2221 2215//2221 2214//2221
f 2210//2222 2212//2222 4074//2222
f 2212//2223 2213//2223 4074//2223
f 4074//2224 2213//2224 2215//2224
f 2213//2225 327//2225 2215//2225
f 2214//2226 886//2226 122//2226
f 2215//2227 4075//2227 2214//2227
f 2214//2228 4075//2228 886//2228
f 4075//2229 887//2229 886//2229
f 2215//2230 1302//2230 4075//2230
f 1302//2231 1303//2231 4075//2231
f 4075//2232 1303//2232 887//2232
f 1303//2233 96//2233 887//2233
f 889//2234 4077//2234 1319//2234
f 4077//2235 4079//2235 1318//2235
f 333//2236 2221//2236 4076//2236
f 888//2237 4076//2237 4077//2237
f 2220//2238 4078//2238 4076//2238
f 4076//2239 4078//2239 4079//2239
f 451//2240 2216//2240 4078//2240
f 2216//570 2217//570 4079//570
f 1314//2241 4081//2241 2221//2241
f 4081//2242 4083//2242 2220//2242
f 127//2243 1317//2243 4080//2243
f 1315//2244 4080//2244 4081//2244
f 1316//2245 4082//2245 4080//2245
f 4082//2239 4083//2239 4081//2239
f 334//2246 2219//2246 4082//2246
f 2219//2247 2218//2247 4083//2247
f 4085//151 2223//151 451//151
f 4085//2248 4087//2248 2222//2248
f 334//2249 890//2249 4084//2249
f 2219//2250 4084//2250 4085//2250
f 890//2251 891//2251 4086//2251
f 4084//2252 4086//2252 4087//2252
f 124//282 895//282 4086//282
f 4086//282 895//282 894//282
f 4089//79 1305//79 121//79
f 4091//79 1304//79 1305//79
f 2229//79 4088//79 880//79
f 4088//79 4089//79 881//79
f 2228//79 4090//79 4088//79
f 4090//79 4091//79 4089//79
f 452//79 2224//79 4090//79
f 2224//79 2225//79 4091//79
f 4093//79 2229//79 331//79
f 4095//79 2228//79 2229//79
f 1307//79 4092//79 1311//79
f 4092//79 4093//79 1310//79
f 1306//79 4094//79 4092//79
f 4094//79 4095//79 4093//79
f 329//79 2227//79 4094//79
f 2227//79 2226//79 4095//79
f 4097//79 2231//79 452//79
f 4099//79 2230//79 2231//79
f 876//79 4096//79 2227//79
f 4096//79 4097//79 2226//79
f 877//79 4098//79 4096//79
f 4098//79 4099//79 4097//79
f 127//79 1315//79 4098//79
f 1315//79 1314//79 4099//79
f 885//2253 4101//2253 1309//2253
f 4101//2254 4103//2254 1308//2254
f 2237//2255 4100//2255 884//2255
f 884//2256 4100//2256 4101//2256
f 2236//2257 4102//2257 4100//2257
f 4100//2258 4102//2258 4103//2258
f 453//2259 2232//2259 4102//2259
f 4102//2260 2232//2260 2233//2260
f 4105//2261 2237//2261 332//2261
f 4107//2262 2236//2262 2237//2262
f 1305//2263 4104//2263 1313//2263
f 4104//2264 4105//2264 1312//2264
f 1304//2265 4106//2265 4104//2265
f 4106//2266 4107//2266 4105//2266
f 328//2267 2235//2267 4106//2267
f 2235//1152 2234//1152 4107//1152
f 2234//2268 4109//2268 2239//2268
f 4109//2269 4111//2269 2238//2269
f 328//2270 872//2270 4108//2270
f 2235//2271 4108//2271 4109//2271
f 872//2272 873//2272 4110//2272
f 4108//2266 4110//2266 4111//2266
f 873//2273 123//2273 1319//2273
f 4110//122 1319//122 1318//122
f 1323//2274 4113//2274 1171//2274
f 4113//2275 4115//2275 1170//2275
f 337//2276 2245//2276 4112//2276
f 1322//2277 4112//2277 4113//2277
f 2245//849 2244//849 4114//849
f 4112//853 4114//853 4115//853
f 2244//302 454//302 2240//302
f 4114//1233 2240//1233 2241//1233
f 4117//2278 2245//2278 337//2278
f 4119//2279 2244//2279 2245//2279
f 889//2280 4116//2280 897//2280
f 4116//2281 4117//2281 896//2281
f 888//2282 4118//2282 4116//2282
f 4118//2283 4119//2283 4117//2283
f 333//2284 2243//2284 4118//2284
f 2243//2285 2242//2285 4119//2285
f 2242//2286 4121//2286 2247//2286
f 4121//2287 4123//2287 2246//2287
f 333//2288 1314//2288 4120//2288
f 2243//2289 4120//2289 4121//2289
f 1314//2288 1315//2288 4122//2288
f 4120//2279 4122//2279 4123//2279
f 1315//2290 127//2290 899//2290
f 4122//287 899//287 898//287
f 617//2291 4125//2291 1323//2291
f 4125//2292 4127//2292 1322//2292
f 203//2293 2253//2293 4124//2293
f 616//2294 4124//2294 4125//2294
f 2253//2295 2252//2295 4126//2295
f 4124//2296 4126//2296 4127//2296
f 2252//2297 455//2297 2248//2297
f 4126//2298 2248//2298 2249//2298
f 4129//2299 2253//2299 203//2299
f 4131//2300 2252//2300 2253//2300
f 1327//2301 4128//2301 1055//2301
f 4128//2302 4129//2302 1054//2302
f 1326//2303 4130//2303 4128//2303
f 4130//2296 4131//2296 4129//2296
f 339//2304 2251//2304 4130//2304
f 2251//2298 2250//2298 4131//2298
f 2250//2305 4133//2305 2255//2305
f 4133//2306 4135//2306 2254//2306
f 339//2307 900//2307 4132//2307
f 2251//2308 4132//2308 4133//2308
f 900//2309 901//2309 4134//2309
f 4132//2310 4134//2310 4135//2310
f 901//2311 121//2311 1305//2311
f 4134//2312 1305//2312 1304//2312
f 1311//2313 4137//2313 903//2313
f 4137//2314 4139//2314 902//2314
f 331//2315 2261//2315 4136//2315
f 1310//2316 4136//2316 4137//2316
f 2261//2317 2260//2317 4138//2317
f 4136//2318 4138//2318 4139//2318
f 2260//2319 456//2319 2256//2319
f 4138//2320 2256//2320 2257//2320
f 4141//2321 2261//2321 331//2321
f 4143//2322 2260//2322 2261//2322
f 901//2323 4140//2323 881//2323
f 4140//2316 4141//2316 880//2316
f 900//2324 4142//2324 4140//2324
f 4142//2318 4143//2318 4141//2318
f 339//2325 2259//2325 4142//2325
f 2259//2320 2258//2320 4143//2320
f 2258//2326 4145//2326 2263//2326
f 4145//2327 4147//2327 2262//2327
f 339//2328 1326//2328 4144//2328
f 2259//295 4144//295 4145//295
f 1326//2329 1327//2329 4146//2329
f 4144//869 4146//869 4147//869
f 1327//569 54//569 1163//569
f 4146//867 1163//867 1162//867
f 877//2330 4149//2330 899//2330
f 4149//2331 4151//2331 898//2331
f 329//2332 2269//2332 4148//2332
f 876//2333 4148//2333 4149//2333
f 2269//2334 2268//2334 4150//2334
f 4148//2335 4150//2335 4151//2335
f 2268//2336 457//2336 2264//2336
f 4150//2337 2264//2337 2265//2337
f 4153//2338 2269//2338 329//2338
f 4155//2339 2268//2339 2269//2339
f 903//2340 4152//2340 1307//2340
f 4152//2341 4153//2341 1306//2341
f 902//2342 4154//2342 4152//2342
f 4154//2343 4155//2343 4153//2343
f 340//2344 2267//2344 4154//2344
f 2267//2345 2266//2345 4155//2345
f 2266//2346 4157//2346 2271//2346
f 4157//2347 4159//2347 2270//2347
f 340//2348 1328//2348 4156//2348
f 2267//2349 4156//2349 4157//2349
f 1328//2350 1329//2350 4158//2350
f 4156//875 4158//875 4159//875
f 1329//83 49//83 1041//83
f 4158//876 1041//876 1040//876
f 907//2351 4161//2351 1335//2351
f 4161//2352 4163//2352 1334//2352
f 342//2353 2277//2353 4160//2353
f 906//2354 4160//2354 4161//2354
f 2277//2355 2276//2355 4162//2355
f 4160//2356 4162//2356 4163//2356
f 2276//2357 458//2357 2272//2357
f 4162//1404 2272//1404 2273//1404
f 1332//2358 4165//2358 2277//2358
f 4165//2359 4167//2359 2276//2359
f 1243//2360 4164//2360 1333//2360
f 4164//2361 4165//2361 1332//2361
f 1242//2362 4166//2362 4164//2362
f 4166//2363 4167//2363 4165//2363
f 297//2131 2275//2131 4166//2131
f 2275//1396 2274//1396 4167//1396
f 2274//2364 4169//2364 2279//2364
f 4169//2365 4171//2365 2278//2365
f 810//2366 4168//2366 2275//2366
f 2275//2367 4168//2367 4169//2367
f 811//2368 4170//2368 4168//2368
f 4168//2369 4170//2369 4171//2369
f 115//1768 1235//1768 4170//1768
f 4170//883 1235//883 1234//883
f 801//2370 4173//2370 1331//2370
f 4173//884 4175//884 1330//884
f 2285//2371 4172//2371 800//2371
f 4172//2372 4173//2372 801//2372
f 2284//2373 4174//2373 4172//2373
f 4172//2374 4174//2374 4175//2374
f 459//2375 2280//2375 4174//2375
f 4174//1426 2280//1426 2281//1426
f 1232//1730 4177//1730 2285//1730
f 4177//1731 4179//1731 2284//1731
f 1229//1732 4176//1732 1233//1732
f 4176//1733 4177//1733 1232//1733
f 1228//1734 4178//1734 4176//1734
f 4178//1735 4179//1735 4177//1735
f 290//1736 2283//1736 4178//1736
f 2283//1418 2282//1418 4179//1418
f 4181//1770 2287//1770 459//1770
f 4183//1738 2286//1738 2287//1738
f 290//1771 796//1771 4180//1771
f 2283//1740 4180//1740 4181//1740
f 796//1772 797//1772 4182//1772
f 4180//1742 4182//1742 4183//1742
f 797//2376 116//2376 1333//2376
f 4182//534 1333//534 1332//534
f 4185//1773 1237//1773 120//1773
f 4187//829 1236//829 1237//829
f 289//246 2293//246 4184//246
f 4184//791 4185//791 795//791
f 2293//308 2292//308 4186//308
f 4184//312 4186//312 4187//312
f 2292//108 460//108 2288//108
f 4186//85 2288//85 2289//85
f 4189//845 2293//845 289//845
f 4189//16 4191//16 2292//16
f 1331//845 4188//845 1227//845
f 4188//845 4189//845 1226//845
f 1331//16 1330//16 4190//16
f 4188//16 4190//16 4191//16
f 1330//85 341//85 2291//85
f 4190//85 2291//85 2290//85
f 4193//845 2295//845 460//845
f 4193//16 4195//16 2294//16
f 904//845 4192//845 2291//845
f 4192//845 4193//845 2290//845
f 905//16 4194//16 4192//16
f 4194//16 4195//16 4193//16
f 905//85 124//85 1335//85
f 4194//85 1335//85 1334//85
f 4197//2377 913//2377 117//2377
f 4197//2377 4199//2377 912//2377
f 344//2378 2301//2378 4196//2378
f 910//2379 4196//2379 4197//2379
f 2301//2380 2300//2380 4198//2380
f 4196//555 4198//555 4199//555
f 461//2381 2296//2381 4198//2381
f 4198//1233 2296//1233 2297//1233
f 4201//2382 2301//2382 344//2382
f 4203//556 2300//556 2301//556
f 1311//2383 4200//2383 1337//2383
f 4200//1231 4201//1231 1336//1231
f 1310//556 4202//556 4200//556
f 4202//556 4203//556 4201//556
f 1310//80 331//80 2299//80
f 2299//2384 2298//2384 4203//2384
f 4205//2385 2303//2385 461//2385
f 4207//556 2302//556 2303//556
f 331//556 880//556 4204//556
f 2299//2383 4204//2383 4205//2383
f 880//556 881//556 4206//556
f 4204//556 4206//556 4207//556
f 881//80 121//80 1313//80
f 4206//2386 1313//2386 1312//2386
f 4209//845 1331//845 117//845
f 4211//16 1330//16 1331//16
f 2309//845 4208//845 912//845
f 4208//845 4209//845 913//845
f 2308//16 4210//16 4208//16
f 4210//16 4211//16 4209//16
f 462//85 2304//85 4210//85
f 2304//85 2305//85 4211//85
f 4213//2387 2309//2387 345//2387
f 4215//2388 2308//2388 2309//2388
f 1309//2389 4212//2389 1339//2389
f 4212//2390 4213//2390 1338//2390
f 1308//2391 4214//2391 4212//2391
f 4214//2392 4215//2392 4213//2392
f 330//665 2307//665 4214//665
f 2307//334 2306//334 4215//334
f 2306//2393 4217//2393 2311//2393
f 4217//2388 4219//2388 2310//2388
f 330//2394 878//2394 4216//2394
f 2307//2395 4216//2395 4217//2395
f 878//2396 879//2396 4218//2396
f 4216//2397 4218//2397 4219//2397
f 879//50 128//50 1321//50
f 4218//334 1321//334 1320//334
f 891//2398 4221//2398 905//2398
f 4221//2399 4223//2399 904//2399
f 2317//2400 4220//2400 890//2400
f 890//2401 4220//2401 4221//2401
f 2316//2402 4222//2402 4220//2402
f 4220//2403 4222//2403 4223//2403
f 463//2404 2312//2404 4222//2404
f 4222//2404 2312//2404 2313//2404
f 4225//2405 2317//2405 334//2405
f 4227//2406 2316//2406 2317//2406
f 877//2407 4224//2407 1317//2407
f 4224//2408 4225//2408 1316//2408
f 876//2409 4226//2409 4224//2409
f 4226//2410 4227//2410 4225//2410
f 329//2411 2315//2411 4226//2411
f 2315//2412 2314//2412 4227//2412
f 2314//2413 4229//2413 2319//2413
f 4229//2414 4231//2414 2318//2414
f 329//2415 1306//2415 4228//2415
f 2315//2416 4228//2416 4229//2416
f 1306//2415 1307//2415 4230//2415
f 4228//2410 4230//2410 4231//2410
f 1307//86 125//86 1337//86
f 4230//582 1337//582 1336//582
f 4233//82 4235//82 4234//82
f 2323//108 489//108 481//108
f 2327//2417 467//2417 469//2417
f 2331//108 513//108 505//108
f 2335//2418 515//2418 507//2418
f 2339//2419 493//2419 491//2419
f 485//2420 2343//2420 90//2420
f 521//2421 2347//2421 88//2421
f 2351//2417 519//2417 517//2417
f 491//2422 2355//2422 88//2422
f 925//2423 2359//2423 89//2423
f 983//2423 2363//2423 7//2423
f 543//2424 2367//2424 6//2424
f 2371//2419 529//2419 531//2419
f 525//2425 2375//2425 6//2425
f 547//2420 2379//2420 9//2420
f 2383//2419 541//2419 543//2419
f 2387//2426 571//2426 1013//2426
f 2391//2427 1025//2427 585//2427
f 2395//2428 581//2428 573//2428
f 2399//2429 585//2429 577//2429
f 579//16 2403//16 47//16
f 1017//2430 2407//2430 43//2430
f 2411//2419 559//2419 557//2419
f 553//2431 2415//2431 13//2431
f 605//2432 2419//2432 17//2432
f 2423//2433 601//2433 599//2433
f 557//2422 2427//2422 17//2422
f 993//2423 2431//2423 16//2423
f 2435//2418 607//2418 609//2418
f 2439//2434 625//2434 1067//2434
f 2443//2435 1079//2435 639//2435
f 2447//2436 635//2436 627//2436
f 2451//1214 639//1214 631//1214
f 2455//2433 641//2433 633//2433
f 2459//2437 621//2437 1071//2437
f 2463//2438 655//2438 651//2438
f 2467//26 657//26 643//26
f 1115//27 2471//27 81//27
f 675//28 2475//28 79//28
f 2479//2439 661//2439 663//2439
f 659//2440 2483//2440 79//2440
f 679//2441 2487//2441 82//2441
f 2491//2439 673//2439 675//2439
f 2495//1354 475//1354 917//1354
f 2499//2442 1131//2442 489//2442
f 2503//2443 689//2443 477//2443
f 2507//2418 693//2418 687//2418
f 2511//1319 685//1319 1125//1319
f 2515//1354 499//1354 941//1354
f 2519//2029 953//2029 513//2029
f 2523//35 699//35 501//35
f 2527//1319 697//1319 945//1319
f 2531//1079 523//1079 965//1079
f 2535//2435 1001//2435 561//2435
f 2539//2444 715//2444 709//2444
f 2543//1214 561//1214 711//1214
f 2547//2433 563//2433 713//2433
f 2551//1045 705//1045 1151//1045
f 2555//2445 723//2445 1163//2445
f 2559//2446 1171//2446 731//2446
f 2563//2436 727//2436 597//2436
f 2567//2447 731//2447 617//2447
f 2571//16 733//16 603//16
f 2575//2448 721//2448 1041//2448
f 703//2449 2579//2449 26//2449
f 747//2450 2583//2450 37//2450
f 2587//2451 745//2451 743//2451
f 709//2452 2591//2452 37//2452
f 1145//2453 2595//2453 33//2453
f 2599//2443 765//2443 767//2443
f 771//2454 2603//2454 106//2454
f 755//2455 2607//2455 104//2455
f 2611//2443 753//2443 751//2443
f 767//50 2615//50 104//50
f 1207//51 2619//51 105//51
f 2623//2443 779//2443 781//2443
f 1221//51 2627//51 111//51
f 2631//2443 803//2443 805//2443
f 809//2456 2635//2456 120//2456
f 1354//2457 2639//2457 113//2457
f 2643//2458 1350//2458 1352//2458
f 874//2417 2647//2417 129//2417
f 1239//51 2651//51 119//51
f 743//2459 2655//2459 80//2459
f 2663//2460 821//2460 577//2460
f 473//2461 2667//2461 94//2461
f 829//2462 2671//2462 91//2462
f 2675//2417 465//2417 827//2417
f 469//2463 2679//2463 91//2463
f 793//2464 2683//2464 92//2464
f 947//2464 2687//2464 84//2464
f 517//2463 2691//2463 83//2463
f 831//2462 2695//2462 83//2462
f 495//2461 2699//2461 87//2461
f 1085//844 2703//844 69//844
f 651//408 2707//408 70//408
f 839//2465 2711//2465 70//2465
f 645//2466 2715//2466 57//2466
f 2719//2467 849//2467 643//2467
f 2723//2468 649//2468 817//2468
f 2727//2469 849//2469 657//2469
f 1177//789 2731//789 75//789
f 785//2456 2735//2456 112//2456
f 863//2455 2739//2455 110//2455
f 2743//2470 861//2470 805//2470
f 781//50 2747//50 110//50
f 1221//2471 2752//2471 111//2471
f 783//2472 2756//2472 108//2472
f 2761//78 926//78 1346//78
f 2765//2473 1321//2473 893//2473
f 2769//79 889//79 873//79
f 2773//2474 893//2474 879//2474
f 1344//108 2777//108 346//108
f 2781//54 1341//54 918//54
f 2785//2475 1325//2475 733//2475
f 2789//2476 873//2476 897//2476
f 2793//2477 725//2477 1329//2477
f 2797//2478 603//2478 1325//2478
f 909//2479 2801//2479 118//2479
f 2805//2480 907//2480 905//2480
f 805//50 2809//50 118//50
f 2813//2481 885//2481 1339//2481
f 905//85 2817//85 124//85
f 2821//2482 911//2482 1331//2482
f 2825//54 1357//54 942//54
f 1360//85 2829//85 348//85
f 2833//85 950//85 1362//85
f 944//2483 2837//2483 148//2483
f 1368//2484 2841//2484 349//2484
f 2845//2485 952//2485 1370//2485
f 928//2486 2849//2486 140//2486
f 2853//2487 1374//2487 1376//2487
f 1378//2488 2857//2488 141//2488
f 2861//2489 1381//2489 922//2489
f 1384//2490 2865//2490 351//2490
f 2869//2491 948//2491 1386//2491
f 2873//2492 1389//2492 958//2492
f 2877//2493 1390//2493 1392//2493
f 2881//2494 930//2494 1394//2494
f 954//2417 2885//2417 153//2417
f 2889//2458 1398//2458 1400//2458
f 1402//2495 2893//2495 154//2495
f 2897//2496 1405//2496 928//2496
f 1408//2497 2901//2497 354//2497
f 2905//2498 958//2498 1410//2498
f 2909//2499 1413//2499 486//2499
f 1416//2500 2913//2500 355//2500
f 2917//2501 934//2501 1418//2501
f 2921//2499 1421//2499 544//2499
f 1424//464 2925//464 356//464
f 2929//1257 974//1257 1426//1257
f 2933//2496 1429//2496 980//2496
f 1432//472 2937//472 357//472
f 2941//2502 962//2502 1434//2502
f 968//2419 2945//2419 160//2419
f 2949//2487 1438//2487 1440//2487
f 1442//2487 2953//2487 159//2487
f 2957//1250 1445//1250 962//1250
f 1448//2503 2961//2503 359//2503
f 2965//2494 978//2494 1450//2494
f 2969//2489 1453//2489 984//2489
f 1456//445 2973//445 360//445
f 2977//1480 970//1480 1458//1480
f 980//2486 2981//2486 166//2486
f 2985//2487 1462//2487 1464//2487
f 1466//2488 2989//2488 165//2488
f 574//2504 2993//2504 182//2504
f 1472//2505 2997//2505 362//2505
f 3001//2506 1008//2506 1474//2506
f 3005//2507 1477//2507 1022//2507
f 1480//2508 3009//2508 363//2508
f 1482//2509 3013//2509 188//2509
f 1010//2436 3017//2436 181//2436
f 3021//2510 1486//2510 1488//2510
f 1490//2511 3025//2511 185//2511
f 1014//410 3029//410 183//410
f 1496//2512 3033//2512 365//2512
f 3037//2513 1022//2513 1498//2513
f 3041//16 1501//16 1016//16
f 1504//828 3045//828 366//828
f 3049//576 1024//576 1506//576
f 3053//2514 1509//2514 578//2514
f 1512//2515 3057//2515 367//2515
f 3061//2516 1004//2516 1514//2516
f 994//2433 3065//2433 173//2433
f 3069//2487 1518//2487 1520//2487
f 1522//2487 3073//2487 174//2487
f 3077//2517 1525//2517 990//2517
f 1528//445 3081//445 369//445
f 3085//1480 1032//1480 1530//1480
f 3089//2518 1533//2518 1042//2518
f 1536//2503 3093//2503 370//2503
f 3097//2519 996//2519 1538//2519
f 1036//2433 3101//2433 194//2433
f 3105//2487 1542//2487 1544//2487
f 1546//2488 3109//2488 195//2488
f 3113//2496 1549//2496 994//2496
f 1552//472 3117//472 372//472
f 3121//2520 1042//2520 1554//2520
f 3125//2521 1557//2521 554//2521
f 1560//464 3129//464 373//464
f 3133//1257 1028//1257 1562//1257
f 1046//2522 3137//2522 199//2522
f 1568//2523 3141//2523 374//2523
f 3145//2485 1044//2485 1570//2485
f 628//1195 3149//1195 209//1195
f 1576//2524 3153//2524 375//2524
f 3157//2525 1062//2525 1578//2525
f 3161//2526 1581//2526 1076//2526
f 1584//1329 3165//1329 376//1329
f 1586//1197 3169//1197 215//1197
f 1064//2436 3173//2436 208//2436
f 3177//26 1590//26 1592//26
f 3181//26 1072//26 1594//26
f 1068//1038 3185//1038 210//1038
f 1600//2512 3189//2512 378//2512
f 3193//2527 1076//2527 1602//2527
f 1070//2433 3197//2433 211//2433
f 3201//2487 1606//2487 1608//2487
f 1610//2488 3205//2488 215//2488
f 632//1052 3209//1052 211//1052
f 1616//2528 3213//2528 380//2528
f 3217//2529 1058//2529 1618//2529
f 1088//2530 3221//2530 220//2530
f 1624//2531 3225//2531 381//2531
f 3229//2532 1092//2532 1626//2532
f 1080//26 3233//26 216//26
f 1632//121 3237//121 382//121
f 3241//2533 1094//2533 1634//2533
f 676//1317 3245//1317 233//1317
f 1640//309 3249//309 383//309
f 3253//147 1106//147 1642//147
f 1112//1320 3257//1320 232//1320
f 1648//120 3261//120 384//120
f 3265//121 1096//121 1650//121
f 1100//2483 3269//2483 226//2483
f 1656//2523 3273//2523 385//2523
f 3277//2534 1098//2534 1658//2534
f 1096//2535 3281//2535 224//2535
f 1664//523 3285//523 386//523
f 1666//2536 3289//2536 231//2536
f 1116//2537 3293//2537 234//2537
f 1672//515 3297//515 387//515
f 1674//1371 3301//1371 227//1371
f 1112//2522 3305//2522 232//2522
f 1680//2523 3309//2523 388//2523
f 3313//2485 1110//2485 1682//2485
f 3317//1360 1685//1360 478//1360
f 3321//2538 1686//2538 1688//2538
f 1690//2539 3325//2539 132//2539
f 926//2540 3329//2540 139//2540
f 3333//2541 1694//2541 1696//2541
f 3337//1326 692//1326 1698//1326
f 914//2542 3341//2542 133//2542
f 1704//2543 3345//2543 391//2543
f 3349//2544 1126//2544 1706//2544
f 1124//2522 3353//2522 238//2522
f 1712//2484 3357//2484 392//2484
f 3361//2485 1130//2485 1714//2485
f 3365//213 1717//213 686//213
f 1720//166 3369//166 393//166
f 3373//166 1122//166 1722//166
f 3377//1360 1725//1360 502//1360
f 3381//2545 1726//2545 1728//2545
f 1730//2546 3385//2546 144//2546
f 950//1449 3389//1449 151//1449
f 3393//2547 1734//2547 1736//2547
f 3397//1326 514//1326 1738//1326
f 938//35 3401//35 145//35
f 1744//539 3405//539 396//539
f 3409//2548 1136//2548 1746//2548
f 3413//213 1749//213 506//213
f 3417//2549 1750//2549 1752//2549
f 1754//2550 3421//2550 243//2550
f 526//1195 3425//1195 158//1195
f 1760//2551 3429//2551 398//2551
f 3433//2552 960//2552 1762//2552
f 3437//2553 1765//2553 998//2553
f 3441//2554 1766//2554 1768//2554
f 1770//1197 3445//1197 176//1197
f 1146//2451 3449//2451 249//2451
f 3453//2555 1774//2555 1776//2555
f 1778//2556 3457//2556 252//2556
f 1148//1038 3461//1038 250//1038
f 1784//2557 3465//2557 401//2557
f 3469//2558 998//2558 1786//2558
f 1150//2433 3473//2433 251//2433
f 3477//2487 1790//2487 1792//2487
f 1794//2488 3481//2488 176//2488
f 712//1052 3485//1052 251//1052
f 1800//2559 3489//2559 403//2559
f 3493//2560 1142//2560 1802//2560
f 3497//2561 1805//2561 724//2561
f 1808//2562 3501//2562 404//2562
f 3505//2563 1160//2563 1810//2563
f 3509//2564 1813//2564 1168//2564
f 1816//2565 3513//2565 405//2565
f 3517//2566 732//2566 1818//2566
f 1034//2436 3521//2436 193//2436
f 3525//2511 1822//2511 1824//2511
f 1826//2510 3529//2510 258//2510
f 1054//1604 3533//1604 203//1604
f 1832//2567 3537//2567 407//2567
f 3541//2568 1168//2568 1834//2568
f 3545//16 1837//16 1040//16
f 3549//16 1838//16 1840//16
f 3553//16 1170//16 1842//16
f 602//1626 3557//1626 196//1626
f 1848//2515 3561//2515 409//2515
f 3565//2516 1158//2516 1850//2516
f 3569//2569 1853//2569 1140//2569
f 3573//2570 1854//2570 1856//2570
f 3577//2571 1178//2571 1858//2571
f 3581//2572 1861//2572 1184//2572
f 3585//2573 1862//2573 1864//2573
f 3589//2574 1152//2574 1866//2574
f 1180//2451 3593//2451 266//2451
f 3597//2575 1870//2575 1872//2575
f 1874//2576 3601//2576 267//2576
f 3605//2577 1877//2577 1146//2577
f 1880//2578 3609//2578 413//2578
f 3613//2579 1184//2579 1882//2579
f 3617//2580 1885//2580 706//2580
f 1888//2581 3621//2581 414//2581
f 3625//2581 1174//2581 1890//2581
f 1204//2542 3629//2542 278//2542
f 1896//2582 3633//2582 415//2582
f 3637//2583 1202//2583 1898//2583
f 1208//2584 3641//2584 280//2584
f 1904//2585 3645//2585 416//2585
f 1906//2539 3649//2539 273//2539
f 1192//2540 3653//2540 272//2540
f 1912//2586 3657//2586 417//2586
f 1914//2587 3661//2587 277//2587
f 1188//2542 3665//2542 270//2542
f 1920//2582 3669//2582 418//2582
f 3673//2583 1190//2583 1922//2583
f 1204//847 3677//847 278//847
f 1928//108 3681//108 419//108
f 3685//78 1192//78 1930//78
f 768//1774 3689//1774 279//1774
f 1936//1319 3693//1319 420//1319
f 3697//214 1198//214 1938//214
f 1218//2542 3701//2542 285//2542
f 1944//2582 3705//2582 421//2582
f 3709//2583 1216//2583 1946//2583
f 782//1774 3713//1774 286//1774
f 1952//1319 3717//1319 422//1319
f 3721//214 1214//214 1954//214
f 1236//2542 3725//2542 294//2542
f 1960//2582 3729//2582 423//2582
f 3733//2583 1234//2583 1962//2583
f 1240//2584 3737//2584 296//2584
f 1968//2585 3741//2585 424//2585
f 1970//2588 3745//2588 289//2588
f 806//1774 3749//1774 295//1774
f 1976//1319 3753//1319 425//1319
f 3757//214 1230//214 1978//214
f 3761//2589 1981//2589 1180//2589
f 1984//2590 3765//2590 426//2590
f 3769//2591 1246//2591 1986//2591
f 1014//706 3785//706 183//706
f 2016//2592 3789//2592 427//2592
f 3793//2593 1252//2593 2018//2593
f 3797//2594 2021//2594 790//2594
f 2024//2595 3801//2595 428//2595
f 3805//2596 1284//2596 2026//2596
f 3809//2597 2029//2597 1260//2597
f 3813//2598 2030//2598 2032//2598
f 3817//2599 882//2599 2034//2599
f 1258//2417 3821//2417 305//2417
f 3825//2495 2038//2495 2040//2495
f 2042//2457 3829//2457 122//2457
f 3833//2600 2045//2600 874//2600
f 2048//2601 3837//2601 431//2601
f 3841//2602 1260//2602 2050//2602
f 3845//2603 2053//2603 470//2603
f 2056//2604 3849//2604 432//2604
f 3853//2605 1288//2605 2058//2605
f 3857//2603 2061//2603 508//2603
f 2064//2500 3861//2500 433//2500
f 3865//2501 1266//2501 2066//2501
f 3869//2600 2069//2600 954//2600
f 2072//2497 3873//2497 434//2497
f 3877//2498 1262//2498 2074//2498
f 3881//2492 2077//2492 1262//2492
f 3885//2493 2078//2493 2080//2493
f 3889//2599 956//2599 2082//2599
f 3893//2594 2085//2594 932//2594
f 2088//2490 3897//2490 436//2490
f 3901//2491 1264//2491 2090//2491
f 646//2118 3905//2118 218//2118
f 2096//309 3909//309 437//309
f 3913//147 1274//147 2098//147
f 1088//1312 3917//1312 220//1312
f 2104//120 3921//120 438//120
f 3925//121 1270//121 2106//121
f 1270//2535 3929//2535 311//2535
f 2112//523 3933//523 439//523
f 2114//2606 3937//2606 222//2606
f 1082//2607 3941//2607 217//2607
f 2120//515 3945//515 440//515
f 2122//1371 3949//1371 312//1371
f 1080//2608 3953//2608 216//2608
f 3957//2609 2126//2609 2128//2609
f 2130//2610 3961//2610 316//2610
f 3965//2611 2133//2611 1248//2611
f 2136//2612 3969//2612 442//2612
f 2138//2613 3973//2613 219//2613
f 1094//2614 3977//2614 223//2614
f 2144//2615 3981//2615 443//2615
f 2146//2616 3985//2616 316//2616
f 738//789 3989//789 264//789
f 2152//147 3993//147 444//147
f 3997//2617 1282//2617 2154//2617
f 1222//2618 4001//2618 287//2618
f 2160//2585 4005//2585 445//2585
f 2162//2539 4009//2539 324//2539
f 1294//2619 4013//2619 323//2619
f 2168//2586 4017//2586 446//2586
f 2170//2620 4021//2620 284//2620
f 1236//2542 4025//2542 294//2542
f 2176//2582 4029//2582 447//2582
f 4033//2583 1292//2583 2178//2583
f 1218//847 4037//847 285//847
f 2184//108 4041//108 448//108
f 4045//78 1294//78 2186//78
f 4052//2621 2195//2621 782//2621
f 4056//2622 2196//2622 2198//2622
f 2200//2623 4060//2623 301//2623
f 4064//2624 2203//2624 1220//2624
f 4068//2625 2204//2625 2206//2625
f 2208//2626 4072//2626 327//2626
f 4079//2627 2217//2627 1318//2627
f 4083//2628 2218//2628 2220//2628
f 2222//2629 4087//2629 336//2629
f 4091//79 2225//79 1304//79
f 4095//79 2226//79 2228//79
f 4099//79 1314//79 2230//79
f 1308//2630 4103//2630 330//2630
f 4107//2631 2234//2631 2236//2631
f 2238//2632 4111//2632 335//2632
f 1170//2633 4115//2633 261//2633
f 4119//2634 2242//2634 2244//2634
f 2246//2635 4123//2635 338//2635
f 1322//2636 4127//2636 337//2636
f 4131//2637 2250//2637 2252//2637
f 2254//2299 4135//2299 328//2299
f 902//864 4139//864 340//864
f 4143//2638 2258//2638 2260//2638
f 2262//2321 4147//2321 257//2321
f 898//2639 4151//2639 338//2639
f 4155//2640 2266//2640 2268//2640
f 2270//2641 4159//2641 196//2641
f 1334//2352 4163//2352 343//2352
f 2276//2642 4167//2642 458//2642
f 2278//2643 4171//2643 293//2643
f 1330//2644 4175//2644 341//2644
f 2284//2645 4179//2645 459//2645
f 4183//2583 1332//2583 2286//2583
f 1236//847 4187//847 294//847
f 2292//85 4191//85 460//85
f 2294//85 4195//85 343//85
f 912//2377 4199//2377 345//2377
f 4203//2646 2298//2646 2300//2646
f 4207//2647 1312//2647 2302//2647
f 4211//85 2305//85 1330//85
f 4215//2648 2306//2648 2308//2648
f 2310//2648 4219//2648 336//2648
f 904//896 4223//896 341//896
f 4227//2649 2314//2649 2316//2649
f 2318//2650 4231//2650 344//2650
f 135//1317 1341//1317 480//1317
f 2321//1316 2323//1316 480//1316
f 1340//146 346//146 2320//146
f 1341//310 1340//310 2321//310
f 2320//488 1347//488 2322//488
f 2320//312 2322//312 2321//312
f 2322//313 1346//313 488//313
f 2322//85 488//85 2323//85
f 1349//1317 2325//1317 129//1317
f 2325//315 2327//315 468//315
f 347//489 1355//489 1348//489
f 1348//791 2324//791 1349//791
f 1355//352 1354//352 2324//352
f 2324//319 2326//319 2325//319
f 1354//2651 113//2651 2326//2651
f 2326//2652 466//2652 2327//2652
f 147//1317 1357//1317 504//1317
f 2329//1316 2331//1316 504//1316
f 1356//146 348//146 2328//146
f 1357//310 1356//310 2329//310
f 2328//488 1363//488 2330//488
f 2328//312 2330//312 2329//312
f 2330//313 1362//313 512//313
f 2330//85 512//85 2331//85
f 1365//2653 2333//2653 148//2653
f 2333//2654 2335//2654 506//2654
f 1364//2655 349//2655 2332//2655
f 1364//2656 2332//2656 1365//2656
f 2332//2657 1371//2657 2334//2657
f 2332//327 2334//327 2333//327
f 2334//2658 1370//2658 514//2658
f 2334//2659 514//2659 2335//2659
f 1373//2118 2337//2118 140//2118
f 2337//315 2339//315 490//315
f 350//147 1379//147 1372//147
f 1372//845 2336//845 1373//845
f 1379//333 1378//333 2336//333
f 2336//319 2338//319 2337//319
f 1378//2660 141//2660 2338//2660
f 2338//2661 492//2661 2339//2661
f 137//2662 1381//2662 484//2662
f 484//935 2341//935 485//935
f 351//2663 1387//2663 1380//2663
f 1380//2664 2340//2664 1381//2664
f 1387//938 1386//938 2340//938
f 2340//340 2342//340 2341//340
f 1386//2665 150//2665 2342//2665
f 2342//2666 510//2666 2343//2666
f 1389//2667 2345//2667 155//2667
f 2345//2668 2347//2668 520//2668
f 352//2669 1395//2669 1388//2669
f 1388//2670 2344//2670 1389//2670
f 1395//2671 1394//2671 2344//2671
f 2344//348 2346//348 2345//348
f 2346//2672 1394//2672 492//2672
f 2347//2673 2346//2673 493//2673
f 1397//27 2349//27 153//27
f 2349//315 2351//315 516//315
f 353//489 1403//489 1396//489
f 1396//791 2348//791 1397//791
f 1403//352 1402//352 2348//352
f 2348//319 2350//319 2349//319
f 1402//2651 154//2651 2350//2651
f 2350//2652 518//2652 2351//2652
f 140//2674 1405//2674 490//2674
f 490//984 2353//984 491//984
f 354//2675 1411//2675 1404//2675
f 1404//2676 2352//2676 1405//2676
f 1411//987 1410//987 2352//987
f 2352//358 2354//358 2353//358
f 1410//2677 155//2677 2354//2677
f 2354//2678 520//2678 2355//2678
f 138//2679 1413//2679 924//2679
f 924//1008 2357//1008 925//1008
f 355//2680 1419//2680 1412//2680
f 1412//2681 2356//2681 1413//2681
f 1419//1011 1418//1011 2356//1011
f 2356//366 2358//366 2357//366
f 1418//2682 143//2682 2358//2682
f 2358//2683 496//2683 2359//2683
f 167//2679 1421//2679 982//2679
f 982//1008 2361//1008 983//1008
f 356//2680 1427//2680 1420//2680
f 1420//2681 2360//2681 1421//2681
f 1427//1011 1426//1011 2360//1011
f 2360//366 2362//366 2361//366
f 1426//2682 163//2682 2362//2682
f 2362//2683 536//2683 2363//2683
f 166//2684 1429//2684 542//2684
f 542//984 2365//984 543//984
f 357//2675 1435//2675 1428//2675
f 1428//2685 2364//2685 1429//2685
f 1435//987 1434//987 2364//987
f 2364//374 2366//374 2365//374
f 1434//2677 157//2677 2366//2677
f 2366//2686 524//2686 2367//2686
f 1437//145 2369//145 160//145
f 2369//315 2371//315 530//315
f 358//309 1443//309 1436//309
f 1436//310 2368//310 1437//310
f 1443//352 1442//352 2368//352
f 2368//319 2370//319 2369//319
f 1442//2687 159//2687 2370//2687
f 2370//2661 528//2661 2371//2661
f 1445//2667 2373//2667 157//2667
f 2373//2688 2375//2688 524//2688
f 359//2669 1451//2669 1444//2669
f 1444//2670 2372//2670 1445//2670
f 1451//2689 1450//2689 2372//2689
f 2372//384 2374//384 2373//384
f 2374//2690 1450//2690 540//2690
f 2375//2691 2374//2691 541//2691
f 168//2662 1453//2662 546//2662
f 546//935 2377//935 547//935
f 360//1350 1459//1350 1452//1350
f 1452//2664 2376//2664 1453//2664
f 1459//938 1458//938 2376//938
f 2376//340 2378//340 2377//340
f 1458//2665 161//2665 2378//2665
f 2378//2692 532//2692 2379//2692
f 1461//2118 2381//2118 166//2118
f 2381//315 2383//315 542//315
f 361//147 1467//147 1460//147
f 1460//845 2380//845 1461//845
f 1467//333 1466//333 2380//333
f 2380//319 2382//319 2381//319
f 1466//2660 165//2660 2382//2660
f 2382//2661 540//2661 2383//2661
f 182//80 1469//80 1012//80
f 2385//2693 2387//2693 1012//2693
f 362//2694 1475//2694 1468//2694
f 1468//2695 2384//2695 1469//2695
f 2384//2696 1475//2696 2386//2696
f 2384//392 2386//392 2385//392
f 2386//2697 1474//2697 570//2697
f 2386//2698 570//2698 2387//2698
f 187//2699 1477//2699 584//2699
f 2389//2700 2391//2700 584//2700
f 363//2319 1483//2319 1476//2319
f 1477//2701 1476//2701 2389//2701
f 1483//2702 1482//2702 2388//2702
f 2388//400 2390//400 2389//400
f 2390//2703 1482//2703 1024//2703
f 2390//2704 1024//2704 2391//2704
f 1485//212 2393//212 181//212
f 2393//403 2395//403 572//403
f 364//1319 1491//1319 1484//1319
f 1484//492 2392//492 1485//492
f 1491//1137 1490//1137 2392//1137
f 2392//601 2394//601 2393//601
f 1490//2705 185//2705 2394//2705
f 2394//2706 580//2706 2395//2706
f 1493//2707 2397//2707 183//2707
f 2397//410 2399//410 576//410
f 1492//2708 365//2708 2396//2708
f 1492//2708 2396//2708 1493//2708
f 2396//413 1499//413 2398//413
f 2396//414 2398//414 2397//414
f 2398//2709 1498//2709 584//2709
f 2398//2710 584//2710 2399//2710
f 184//16 1501//16 578//16
f 578//16 2401//16 579//16
f 1500//16 366//16 2400//16
f 1501//16 1500//16 2401//16
f 2400//16 1507//16 2402//16
f 2401//16 2400//16 2403//16
f 2402//16 1506//16 586//16
f 2403//16 2402//16 587//16
f 184//2711 1509//2711 1016//2711
f 1016//418 2405//418 1017//418
f 1508//2712 367//2712 2404//2712
f 1509//2713 1508//2713 2405//2713
f 2404//421 1515//421 2406//421
f 2405//421 2404//421 2407//421
f 2406//2714 1514//2714 566//2714
f 2407//2715 2406//2715 567//2715
f 1517//145 2409//145 173//145
f 2409//315 2411//315 556//315
f 368//309 1523//309 1516//309
f 1516//310 2408//310 1517//310
f 1523//333 1522//333 2408//333
f 2408//436 2410//436 2409//436
f 1522//2660 174//2660 2410//2660
f 2410//2661 558//2661 2411//2661
f 171//2662 1525//2662 552//2662
f 552//935 2413//935 553//935
f 369//1350 1531//1350 1524//1350
f 1524//2716 2412//2716 1525//2716
f 1531//938 1530//938 2412//938
f 2412//428 2414//428 2413//428
f 1530//2717 192//2717 2414//2717
f 2414//2718 594//2718 2415//2718
f 1533//2667 2417//2667 197//2667
f 2417//2719 2419//2719 604//2719
f 370//2669 1539//2669 1532//2669
f 1532//2720 2416//2720 1533//2720
f 1539//2721 1538//2721 2416//2721
f 2416//435 2418//435 2417//435
f 2418//2722 1538//2722 558//2722
f 2419//2723 2418//2723 559//2723
f 1541//145 2421//145 194//145
f 2421//315 2423//315 598//315
f 371//309 1547//309 1540//309
f 1540//310 2420//310 1541//310
f 1547//333 1546//333 2420//333
f 2420//319 2422//319 2421//319
f 1546//2687 195//2687 2422//2687
f 2422//2661 600//2661 2423//2661
f 173//2674 1549//2674 556//2674
f 556//984 2425//984 557//984
f 372//2675 1555//2675 1548//2675
f 1548//2676 2424//2676 1549//2676
f 1555//987 1554//987 2424//987
f 2424//358 2426//358 2425//358
f 1554//2724 197//2724 2426//2724
f 2426//2725 604//2725 2427//2725
f 172//2679 1557//2679 992//2679
f 992//1008 2429//1008 993//1008
f 373//2680 1563//2680 1556//2680
f 1556//2681 2428//2681 1557//2681
f 1563//1011 1562//1011 2428//1011
f 2428//440 2430//440 2429//440
f 1562//2682 190//2682 2430//2682
f 2430//2683 590//2683 2431//2683
f 1565//2653 2433//2653 199//2653
f 2433//2654 2435//2654 608//2654
f 1564//2655 374//2655 2432//2655
f 1564//2656 2432//2656 1565//2656
f 2432//2657 1571//2657 2434//2657
f 2432//327 2434//327 2433//327
f 2434//2658 1570//2658 606//2658
f 2434//2659 606//2659 2435//2659
f 1573//2726 2437//2726 209//2726
f 2437//2727 2439//2727 1066//2727
f 1572//2728 375//2728 2436//2728
f 1572//2729 2436//2729 1573//2729
f 2436//2730 1579//2730 2438//2730
f 2436//448 2438//448 2437//448
f 2438//2731 1578//2731 624//2731
f 2438//1237 624//1237 2439//1237
f 214//1074 1581//1074 638//1074
f 2441//1073 2443//1073 638//1073
f 1580//130 376//130 2440//130
f 1581//1068 1580//1068 2441//1068
f 1587//1070 1586//1070 2440//1070
f 2440//456 2442//456 2441//456
f 1586//1069 215//1069 2442//1069
f 2442//1072 1078//1072 2443//1072
f 1589//212 2445//212 208//212
f 2445//403 2447//403 626//403
f 377//1319 1595//1319 1588//1319
f 1588//492 2444//492 1589//492
f 1595//1137 1594//1137 2444//1137
f 2444//407 2446//407 2445//407
f 1594//2705 212//2705 2446//2705
f 2446//2706 634//2706 2447//2706
f 1597//162 2449//162 210//162
f 2449//1035 2451//1035 630//1035
f 1596//104 378//104 2448//104
f 1596//1036 2448//1036 1597//1036
f 2448//1032 1603//1032 2450//1032
f 2448//467 2450//467 2449//467
f 2450//2732 1602//2732 638//2732
f 2450//1215 638//1215 2451//1215
f 1605//145 2453//145 211//145
f 2453//315 2455//315 632//315
f 379//309 1611//309 1604//309
f 1604//310 2452//310 1605//310
f 1611//352 1610//352 2452//352
f 2452//319 2454//319 2453//319
f 1610//2687 215//2687 2454//2687
f 2454//2733 640//2733 2455//2733
f 1613//1048 2457//1048 211//1048
f 2457//1047 2459//1047 1070//1047
f 1612//106 380//106 2456//106
f 1612//1049 2456//1049 1613//1049
f 2456//1044 1619//1044 2458//1044
f 2456//475 2458//475 2457//475
f 2458//1043 1618//1043 620//1043
f 2458//2734 620//2734 2459//2734
f 1621//2735 2461//2735 220//2735
f 2461//2736 2463//2736 650//2736
f 1620//2737 381//2737 2460//2737
f 1620//2738 2460//2738 1621//2738
f 2460//2739 1627//2739 2462//2739
f 2460//2740 2462//2740 2461//2740
f 2462//2741 1626//2741 654//2741
f 2462//2742 654//2742 2463//2742
f 1629//166 2465//166 216//166
f 2465//79 2467//79 642//79
f 382//166 1635//166 1628//166
f 1628//166 2464//166 1629//166
f 1635//79 1634//79 2464//79
f 2464//79 2466//79 2465//79
f 1634//26 223//26 2466//26
f 2466//26 656//26 2467//26
f 1637//54 2469//54 233//54
f 1114//308 2469//308 1115//308
f 383//487 1643//487 1636//487
f 1636//85 2468//85 1637//85
f 1643//829 1642//829 2468//829
f 2468//312 2470//312 2469//312
f 1642//309 229//309 2470//309
f 2471//791 2470//791 669//791
f 1645//213 2473//213 232//213
f 674//535 2473//535 675//535
f 384//491 1651//491 1644//491
f 1644//166 2472//166 1645//166
f 1651//1318 1650//1318 2472//1318
f 2472//494 2474//494 2473//494
f 1650//120 224//120 2474//120
f 2475//198 2474//198 659//198
f 1653//2653 2477//2653 226//2653
f 2477//2743 2479//2743 662//2743
f 1652//2655 385//2655 2476//2655
f 1652//2656 2476//2656 1653//2656
f 2476//2657 1659//2657 2478//2657
f 2476//327 2478//327 2477//327
f 2478//2658 1658//2658 660//2658
f 2478//2659 660//2659 2479//2659
f 224//2744 1661//2744 658//2744
f 658//2745 2481//2745 659//2745
f 386//2746 1667//2746 1660//2746
f 1660//2747 2480//2747 1661//2747
f 1667//2748 1666//2748 2480//2748
f 2480//1394 2482//1394 2481//1394
f 1666//2749 231//2749 2482//2749
f 2482//2750 672//2750 2483//2750
f 1669//2751 2485//2751 234//2751
f 2485//2752 2487//2752 678//2752
f 387//2753 1675//2753 1668//2753
f 1668//1749 2484//1749 1669//1749
f 1675//1348 1674//1348 2484//1348
f 2484//510 2486//510 2485//510
f 2486//2754 1674//2754 664//2754
f 2487//2755 2486//2755 665//2755
f 1677//2653 2489//2653 232//2653
f 2489//2654 2491//2654 674//2654
f 1676//2655 388//2655 2488//2655
f 1676//2656 2488//2656 1677//2656
f 2488//2657 1683//2657 2490//2657
f 2488//327 2490//327 2489//327
f 2490//2658 1682//2658 672//2658
f 2490//2659 672//2659 2491//2659
f 134//112 1685//112 916//112
f 2493//1356 2495//1356 916//1356
f 1684//250 389//250 2492//250
f 1685//1357 1684//1357 2493//1357
f 1691//1353 1690//1353 2492//1353
f 2492//518 2494//518 2493//518
f 1690//2756 132//2756 2494//2756
f 2494//1355 474//1355 2495//1355
f 1693//2757 2497//2757 139//2757
f 2497//1335 2499//1335 488//1335
f 1692//151 390//151 2496//151
f 1692//1330 2496//1330 1693//1330
f 2496//1332 1699//1332 2498//1332
f 2496//526 2498//526 2497//526
f 2498//1331 1698//1331 1130//1331
f 2498//2030 1130//2030 2499//2030
f 1701//137 2501//137 133//137
f 2501//2758 2503//2758 476//2758
f 1700//2759 391//2759 2500//2759
f 1700//2760 2500//2760 1701//2760
f 2500//2761 1707//2761 2502//2761
f 2500//533 2502//533 2501//533
f 2502//2762 1706//2762 688//2762
f 2502//2763 688//2763 2503//2763
f 1709//2653 2505//2653 238//2653
f 2505//2654 2507//2654 686//2654
f 1708//2655 392//2655 2504//2655
f 1708//2656 2504//2656 1709//2656
f 2504//2657 1715//2657 2506//2657
f 2504//327 2506//327 2505//327
f 2506//2658 1714//2658 692//2658
f 2506//2659 692//2659 2507//2659
f 238//1320 1717//1320 1124//1320
f 2509//1311 2511//1311 1124//1311
f 1716//119 393//119 2508//119
f 1717//197 1716//197 2509//197
f 2508//493 1723//493 2510//493
f 2508//494 2510//494 2509//494
f 2510//537 1722//537 684//537
f 2510//166 684//166 2511//166
f 146//112 1725//112 940//112
f 2513//1356 2515//1356 940//1356
f 1724//250 394//250 2512//250
f 1725//1357 1724//1357 2513//1357
f 1731//1353 1730//1353 2512//1353
f 2512//518 2514//518 2513//518
f 1730//2756 144//2756 2514//2756
f 2514//1355 498//1355 2515//1355
f 1733//2757 2517//2757 151//2757
f 2517//1335 2519//1335 512//1335
f 1732//151 395//151 2516//151
f 1732//1330 2516//1330 1733//1330
f 2516//1332 1739//1332 2518//1332
f 2516//526 2518//526 2517//526
f 2518//1331 1738//1331 952//1331
f 2518//2030 952//2030 2519//2030
f 1741//171 2521//171 145//171
f 2521//171 2523//171 500//171
f 1740//539 396//539 2520//539
f 1741//15 1740//15 2521//15
f 2520//539 1747//539 2522//539
f 2521//540 2520//540 2523//540
f 2522//539 1746//539 698//539
f 2523//15 2522//15 699//15
f 148//1320 1749//1320 944//1320
f 2525//1311 2527//1311 944//1311
f 1748//119 397//119 2524//119
f 1749//197 1748//197 2525//197
f 2524//493 1755//493 2526//493
f 2524//494 2526//494 2525//494
f 2526//537 1754//537 696//537
f 2526//166 696//166 2527//166
f 1757//2726 2529//2726 158//2726
f 2529//2764 2531//2764 964//2764
f 1756//2728 398//2728 2528//2728
f 1756//2765 2528//2765 1757//2765
f 2528//2730 1763//2730 2530//2730
f 2528//542 2530//542 2529//542
f 2530//1077 1762//1077 522//1077
f 2530//1080 522//1080 2531//1080
f 175//1074 1765//1074 560//1074
f 2533//2766 2535//2766 560//2766
f 1764//110 399//110 2532//110
f 1765//1068 1764//1068 2533//1068
f 1771//1070 1770//1070 2532//1070
f 2532//548 2534//548 2533//548
f 1770//2767 176//2767 2534//2767
f 2534//2768 1000//2768 2535//2768
f 1773//1774 2537//1774 249//1774
f 2537//403 2539//403 708//403
f 400//213 1779//213 1772//213
f 1772//173 2536//173 1773//173
f 1779//461 1778//461 2536//461
f 2536//2769 2538//2769 2537//2769
f 1778//2770 252//2770 2538//2770
f 2538//2771 714//2771 2539//2771
f 1781//162 2541//162 250//162
f 2541//1035 2543//1035 710//1035
f 1780//104 401//104 2540//104
f 1780//1036 2540//1036 1781//1036
f 2540//1032 1787//1032 2542//1032
f 2540//467 2542//467 2541//467
f 2542//2732 1786//2732 560//2732
f 2542//1215 560//1215 2543//1215
f 1789//145 2545//145 251//145
f 2545//315 2547//315 712//315
f 402//309 1795//309 1788//309
f 1788//310 2544//310 1789//310
f 1795//333 1794//333 2544//333
f 2544//319 2546//319 2545//319
f 1794//2687 176//2687 2546//2687
f 2546//2661 562//2661 2547//2661
f 1797//1048 2549//1048 251//1048
f 2549//1047 2551//1047 1150//1047
f 1796//106 403//106 2548//106
f 1796//1049 2548//1049 1797//1049
f 2548//1044 1803//1044 2550//1044
f 2548//475 2550//475 2549//475
f 2550//1043 1802//1043 704//1043
f 2550//1046 704//1046 2551//1046
f 1805//558 2553//558 257//558
f 2553//2561 2555//2561 1162//2561
f 404//2694 1811//2694 1804//2694
f 1804//557 2552//557 1805//557
f 1811//80 1810//80 2552//80
f 2552//2772 2554//2772 2553//2772
f 1810//2773 256//2773 2554//2773
f 2554//2774 722//2774 2555//2774
f 1813//2775 2557//2775 260//2775
f 2557//2776 2559//2776 730//2776
f 405//2319 1819//2319 1812//2319
f 1812//2777 2556//2777 1813//2777
f 1819//2778 1818//2778 2556//2778
f 2556//2779 2558//2779 2557//2779
f 1818//2780 261//2780 2558//2780
f 2558//1330 1170//1330 2559//1330
f 1821//212 2561//212 193//212
f 2561//403 2563//403 596//403
f 406//1319 1827//1319 1820//1319
f 1820//492 2560//492 1821//492
f 1827//1137 1826//1137 2560//1137
f 2560//407 2562//407 2561//407
f 1826//2705 258//2705 2562//2705
f 2562//2706 726//2706 2563//2706
f 1829//2781 2565//2781 203//2781
f 2565//571 2567//571 616//571
f 407//2782 1835//2782 1828//2782
f 1828//2783 2564//2783 1829//2783
f 1835//571 1834//571 2564//571
f 2564//571 2566//571 2565//571
f 1834//2784 260//2784 2566//2784
f 2566//2785 730//2785 2567//2785
f 196//16 1837//16 602//16
f 602//16 2569//16 603//16
f 408//16 1843//16 1836//16
f 1836//16 2568//16 1837//16
f 1843//16 1842//16 2568//16
f 2568//16 2570//16 2569//16
f 1842//16 261//16 2570//16
f 2570//16 732//16 2571//16
f 1845//2786 2573//2786 196//2786
f 2573//577 2575//577 1040//577
f 409//2787 1851//2787 1844//2787
f 1844//2788 2572//2788 1845//2788
f 1851//580 1850//580 2572//580
f 2572//421 2574//421 2573//421
f 1850//2789 255//2789 2574//2789
f 2574//2790 720//2790 2575//2790
f 246//2791 1853//2791 702//2791
f 702//1635 2577//1635 703//1635
f 410//2792 1859//2792 1852//2792
f 1852//2793 2576//2793 1853//2793
f 1859//1638 1858//1638 2576//1638
f 2576//2794 2578//2794 2577//2794
f 1858//2795 265//2795 2578//2795
f 2578//2796 740//2796 2579//2796
f 1861//2797 2581//2797 268//2797
f 2581//2798 2583//2798 746//2798
f 411//2799 1867//2799 1860//2799
f 1860//2800 2580//2800 1861//2800
f 1867//2801 1866//2801 2580//2801
f 2580//596 2582//596 2581//596
f 2582//2802 1866//2802 714//2802
f 2583//2803 2582//2803 715//2803
f 1869//2804 2585//2804 266//2804
f 2585//1682 2587//1682 742//1682
f 412//2805 1875//2805 1868//2805
f 1868//173 2584//173 1869//173
f 1875//2806 1874//2806 2584//2806
f 2584//601 2586//601 2585//601
f 1874//2807 267//2807 2586//2807
f 2586//2770 744//2770 2587//2770
f 249//2808 1877//2808 708//2808
f 708//1693 2589//1693 709//1693
f 413//2809 1883//2809 1876//2809
f 1876//2810 2588//2810 1877//2810
f 1883//1696 1882//1696 2588//1696
f 2588//607 2590//607 2589//607
f 1882//2811 268//2811 2590//2811
f 2590//2812 746//2812 2591//2812
f 248//2813 1885//2813 1144//2813
f 1144//1714 2593//1714 1145//1714
f 414//2814 1891//2814 1884//2814
f 1884//2815 2592//2815 1885//2815
f 1891//1717 1890//1717 2592//1717
f 2592//615 2594//615 2593//615
f 1890//2816 263//2816 2594//2816
f 2594//2817 736//2817 2595//2817
f 1893//137 2597//137 278//137
f 2597//2818 2599//2818 766//2818
f 1892//2759 415//2759 2596//2759
f 1892//2760 2596//2760 1893//2760
f 2596//2761 1899//2761 2598//2761
f 2596//621 2598//621 2597//621
f 2598//2762 1898//2762 764//2762
f 2598//2763 764//2763 2599//2763
f 1901//2819 2601//2819 280//2819
f 2601//2820 2603//2820 770//2820
f 416//1076 1907//1076 1900//1076
f 1900//1351 2600//1351 1901//1351
f 1907//1747 1906//1747 2600//1747
f 2600//627 2602//627 2601//627
f 2602//2821 1906//2821 756//2821
f 2603//2822 2602//2822 757//2822
f 272//95 1909//95 754//95
f 754//2823 2605//2823 755//2823
f 417//2357 1915//2357 1908//2357
f 1908//2824 2604//2824 1909//2824
f 1915//2825 1914//2825 2604//2825
f 2604//2826 2606//2826 2605//2826
f 1914//2827 277//2827 2606//2827
f 2606//2828 764//2828 2607//2828
f 1917//137 2609//137 270//137
f 2609//2818 2611//2818 750//2818
f 1916//2759 418//2759 2608//2759
f 1916//2760 2608//2760 1917//2760
f 2608//2761 1923//2761 2610//2761
f 2608//621 2610//621 2609//621
f 2610//2762 1922//2762 752//2762
f 2610//2763 752//2763 2611//2763
f 1925//146 2613//146 278//146
f 766//829 2613//829 767//829
f 419//246 1931//246 1924//246
f 1924//845 2612//845 1925//845
f 1931//308 1930//308 2612//308
f 2612//640 2614//640 2613//640
f 1930//108 272//108 2614//108
f 2615//321 2614//321 755//321
f 1933//119 2617//119 279//119
f 1206//1318 2617//1318 1207//1318
f 420//247 1939//247 1932//247
f 1932//26 2616//26 1933//26
f 1939//535 1938//535 2616//535
f 2616//644 2618//644 2617//644
f 1938//1319 275//1319 2618//1319
f 2619//173 2618//173 761//173
f 1941//137 2621//137 285//137
f 2621//2758 2623//2758 780//2758
f 1940//2759 421//2759 2620//2759
f 1940//2760 2620//2760 1941//2760
f 2620//2761 1947//2761 2622//2761
f 2620//621 2622//621 2621//621
f 2622//2762 1946//2762 778//2762
f 2622//2763 778//2763 2623//2763
f 1949//119 2625//119 286//119
f 1220//1318 2625//1318 1221//1318
f 422//247 1955//247 1948//247
f 1948//26 2624//26 1949//26
f 1955//535 1954//535 2624//535
f 2624//644 2626//644 2625//644
f 1954//1319 283//1319 2626//1319
f 2627//173 2626//173 777//173
f 1957//137 2629//137 294//137
f 2629//2818 2631//2818 804//2818
f 1956//2759 423//2759 2628//2759
f 1956//2760 2628//2760 1957//2760
f 2628//2761 1963//2761 2630//2761
f 2628//621 2630//621 2629//621
f 2630//2762 1962//2762 802//2762
f 2630//2763 802//2763 2631//2763
f 1965//2829 2633//2829 296//2829
f 2633//2830 2635//2830 808//2830
f 424//1076 1971//1076 1964//1076
f 1964//2831 2632//2831 1965//2831
f 1971//1747 1970//1747 2632//1747
f 2632//651 2634//651 2633//651
f 2634//2832 1970//2832 794//2832
f 2635//2833 2634//2833 795//2833
f 347//145 1350//145 1355//145
f 1355//655 2637//655 1354//655
f 1351//1773 130//1773 2636//1773
f 1350//791 1351//791 2637//791
f 2636//663 470//663 2638//663
f 2637//659 2636//659 2639//659
f 2638//2834 471//2834 883//2834
f 2639//2835 2638//2835 882//2835
f 790//66 2641//66 131//66
f 2641//655 2643//655 1353//655
f 92//2836 793//2836 791//2836
f 791//791 2640//791 790//791
f 793//658 792//658 2640//658
f 2640//659 2642//659 2641//659
f 792//2834 130//2834 2642//2834
f 2642//2837 1351//2837 2643//2837
f 94//2838 473//2838 875//2838
f 875//351 2645//351 874//351
f 472//750 131//750 2644//750
f 473//791 472//791 2645//791
f 2644//318 1353//318 2646//318
f 2645//319 2644//319 2647//319
f 2646//2839 1352//2839 1348//2839
f 2647//2840 2646//2840 1349//2840
f 1973//119 2649//119 295//119
f 1238//1318 2649//1318 1239//1318
f 425//247 1979//247 1972//247
f 1972//26 2648//26 1973//26
f 1979//535 1978//535 2648//535
f 2648//644 2650//644 2649//644
f 1978//1319 291//1319 2650//1319
f 2651//173 2650//173 799//173
f 266//2841 1981//2841 742//2841
f 742//1806 2653//1806 743//1806
f 426//2842 1987//2842 1980//2842
f 1981//2843 1980//2843 2653//2843
f 1987//1809 1986//1809 2652//1809
f 2652//671 2654//671 2653//671
f 1986//2844 299//2844 2654//2844
f 2654//2845 814//2845 2655//2845
f 2013//2846 2661//2846 183//2846
f 2661//707 2663//707 576//707
f 427//2847 2019//2847 2012//2847
f 2012//2848 2660//2848 2013//2848
f 2019//710 2018//710 2660//710
f 2660//711 2662//711 2661//711
f 2018//2849 302//2849 2662//2849
f 2662//2850 820//2850 2663//2850
f 131//2851 2021//2851 472//2851
f 472//1941 2665//1941 473//1941
f 428//2852 2027//2852 2020//2852
f 2020//2853 2664//2853 2021//2853
f 2027//1944 2026//1944 2664//1944
f 2664//719 2666//719 2665//719
f 2026//2854 318//2854 2666//2854
f 2666//2855 852//2855 2667//2855
f 2029//2856 2669//2856 306//2856
f 2669//2857 2671//2857 828//2857
f 429//964 2035//964 2028//964
f 2028//2858 2668//2858 2029//2858
f 2035//2859 2034//2859 2668//2859
f 2668//727 2670//727 2669//727
f 2670//2860 2034//2860 466//2860
f 2671//2861 2670//2861 467//2861
f 2037//27 2673//27 305//27
f 2673//315 2675//315 826//315
f 430//489 2043//489 2036//489
f 2036//791 2672//791 2037//791
f 2043//352 2042//352 2672//352
f 2672//319 2674//319 2673//319
f 2042//2651 122//2651 2674//2651
f 2674//2652 464//2652 2675//2652
f 129//2862 2045//2862 468//2862
f 468//1985 2677//1985 469//1985
f 431//2863 2051//2863 2044//2863
f 2044//2864 2676//2864 2045//2864
f 2051//1988 2050//1988 2676//1988
f 2676//735 2678//735 2677//735
f 2050//2865 306//2865 2678//2865
f 2678//2866 828//2866 2679//2866
f 130//2867 2053//2867 792//2867
f 792//2003 2681//2003 793//2003
f 432//2868 2059//2868 2052//2868
f 2052//2869 2680//2869 2053//2869
f 2059//2006 2058//2006 2680//2006
f 2680//743 2682//743 2681//743
f 2058//2870 320//2870 2682//2870
f 2682//2871 856//2871 2683//2871
f 149//2867 2061//2867 946//2867
f 946//2003 2685//2003 947//2003
f 433//2868 2067//2868 2060//2868
f 2060//2869 2684//2869 2061//2869
f 2067//2006 2066//2006 2684//2006
f 2684//743 2686//743 2685//743
f 2066//2870 309//2870 2686//2870
f 2686//2871 834//2871 2687//2871
f 153//2862 2069//2862 516//2862
f 516//1985 2689//1985 517//1985
f 434//2863 2075//2863 2068//2863
f 2068//2864 2688//2864 2069//2864
f 2075//1988 2074//1988 2688//1988
f 2688//735 2690//735 2689//735
f 2074//2865 307//2865 2690//2865
f 2690//2866 830//2866 2691//2866
f 2077//2856 2693//2856 307//2856
f 2693//2857 2695//2857 830//2857
f 435//964 2083//964 2076//964
f 2076//2858 2692//2858 2077//2858
f 2083//2859 2082//2859 2692//2859
f 2692//727 2694//727 2693//727
f 2694//2860 2082//2860 518//2860
f 2695//2861 2694//2861 519//2861
f 142//2851 2085//2851 494//2851
f 494//1941 2697//1941 495//1941
f 436//2852 2091//2852 2084//2852
f 2084//2853 2696//2853 2085//2853
f 2091//1944 2090//1944 2696//1944
f 2696//719 2698//719 2697//719
f 2090//2854 308//2854 2698//2854
f 2698//2855 832//2855 2699//2855
f 2093//108 2701//108 218//108
f 1084//828 2701//828 1085//828
f 437//313 2099//313 2092//313
f 2092//85 2700//85 2093//85
f 2099//311 2098//311 2700//311
f 2700//312 2702//312 2701//312
f 2098//147 313//147 2702//147
f 2703//310 2702//310 843//310
f 2101//1319 2705//1319 220//1319
f 650//1313 2705//1313 651//1313
f 438//537 2107//537 2100//537
f 2100//166 2704//166 2101//166
f 2107//536 2106//536 2704//536
f 2704//494 2706//494 2705//494
f 2106//121 311//121 2706//121
f 2707//197 2706//197 839//197
f 311//2872 2109//2872 838//2872
f 838//2873 2709//2873 839//2873
f 439//2874 2115//2874 2108//2874
f 2108//2875 2708//2875 2109//2875
f 2115//2876 2114//2876 2708//2876
f 2708//757 2710//757 2709//757
f 2114//2877 222//2877 2710//2877
f 2710//2878 654//2878 2711//2878
f 2117//2879 2713//2879 217//2879
f 2713//2880 2715//2880 644//2880
f 440//2881 2123//2881 2116//2881
f 2116//2882 2712//2882 2117//2882
f 2123//2043 2122//2043 2712//2043
f 2712//764 2714//764 2713//764
f 2714//2883 2122//2883 840//2883
f 2715//2884 2714//2884 841//2884
f 2125//2885 2717//2885 216//2885
f 2717//2608 2719//2608 642//2608
f 2124//2886 441//2886 2716//2886
f 2124//2887 2716//2887 2125//2887
f 2716//2888 2131//2888 2718//2888
f 2716//772 2718//772 2717//772
f 2718//2889 2130//2889 848//2889
f 2718//2890 848//2890 2719//2890
f 2133//2891 2721//2891 300//2891
f 2721//2892 2723//2892 816//2892
f 442//2881 2139//2881 2132//2881
f 2132//2893 2720//2893 2133//2893
f 2139//2894 2138//2894 2720//2894
f 2720//780 2722//780 2721//780
f 2138//2895 219//2895 2722//2895
f 2722//781 648//781 2723//781
f 2141//2896 2725//2896 223//2896
f 2725//782 2727//782 656//782
f 443//2874 2147//2874 2140//2874
f 2140//2897 2724//2897 2141//2897
f 2147//785 2146//785 2724//785
f 2724//2898 2726//2898 2725//2898
f 2146//2899 316//2899 2726//2899
f 2726//2900 848//2900 2727//2900
f 2149//2901 2729//2901 264//2901
f 1176//789 2729//789 1177//789
f 444//85 2155//85 2148//85
f 2148//321 2728//321 2149//321
f 2155//789 2154//789 2728//789
f 2728//789 2730//789 2729//789
f 2154//261 317//261 2730//261
f 2730//2902 850//2902 2731//2902
f 2157//2819 2733//2819 287//2819
f 2733//2820 2735//2820 784//2820
f 445//1076 2163//1076 2156//1076
f 2156//1351 2732//1351 2157//1351
f 2163//1747 2162//1747 2732//1747
f 2732//627 2734//627 2733//627
f 2734//2903 2162//2903 864//2903
f 2735//2822 2734//2822 865//2822
f 323//95 2165//95 862//95
f 862//2823 2737//2823 863//2823
f 446//2357 2171//2357 2164//2357
f 2164//2824 2736//2824 2165//2824
f 2171//2904 2170//2904 2736//2904
f 2736//2826 2738//2826 2737//2826
f 2170//2827 284//2827 2738//2827
f 2738//2828 778//2828 2739//2828
f 2173//137 2741//137 294//137
f 2741//2818 2743//2818 804//2818
f 2172//2759 447//2759 2740//2759
f 2172//2760 2740//2760 2173//2760
f 2740//2761 2179//2761 2742//2761
f 2740//621 2742//621 2741//621
f 2742//2762 2178//2762 860//2762
f 2742//2763 860//2763 2743//2763
f 2181//146 2745//146 285//146
f 780//829 2745//829 781//829
f 448//246 2187//246 2180//246
f 2180//845 2744//845 2181//845
f 2187//308 2186//308 2744//308
f 2744//640 2746//640 2745//640
f 2186//108 323//108 2746//108
f 2747//321 2746//321 863//321
f 286//2905 2195//2905 1220//2905
f 1220//2163 2750//2163 1221//2163
f 449//2906 2201//2906 2194//2906
f 2194//2907 2749//2907 2195//2907
f 2201//2166 2200//2166 2749//2166
f 2749//809 2751//809 2750//809
f 2200//2908 301//2908 2751//2908
f 2751//2909 818//2909 2752//2909
f 286//2910 2203//2910 782//2910
f 782//2187 2754//2187 783//2187
f 450//2911 2209//2911 2202//2911
f 2202//2912 2753//2912 2203//2912
f 2209//2190 2208//2190 2753//2190
f 2753//817 2755//817 2754//817
f 2208//2913 327//2913 2755//2913
f 2755//2914 870//2914 2756//2914
f 1342//145 2759//145 346//145
f 2759//1316 2761//1316 1347//1316
f 133//637 476//637 1343//637
f 1343//310 2758//310 1342//310
f 2758//488 476//488 2760//488
f 2759//312 2758//312 2761//312
f 2760//487 477//487 927//487
f 2761//85 2760//85 926//85
f 335//2915 2217//2915 892//2915
f 2763//2916 2765//2916 892//2916
f 2216//130 451//130 2762//130
f 2217//1068 2216//1068 2763//1068
f 2223//2917 2222//2917 2762//2917
f 2762//835 2764//835 2763//835
f 2222//2918 336//2918 2764//2918
f 2764//2919 1320//2919 2765//2919
f 2225//79 2767//79 328//79
f 2767//79 2769//79 872//79
f 452//79 2231//79 2224//79
f 2224//79 2766//79 2225//79
f 2231//79 2230//79 2766//79
f 2767//2920 2766//2920 2769//2920
f 2230//79 333//79 2768//79
f 2769//79 2768//79 889//79
f 2233//2921 2771//2921 330//2921
f 2771//2922 2773//2922 878//2922
f 2232//2923 453//2923 2770//2923
f 2232//2924 2770//2924 2233//2924
f 2770//2925 2239//2925 2772//2925
f 2770//842 2772//842 2771//842
f 2772//2926 2238//2926 892//2926
f 2772//2927 892//2927 2773//2927
f 132//844 788//844 1345//844
f 1345//828 2775//828 1344//828
f 10//1773 915//1773 789//1773
f 789//845 2774//845 788//845
f 915//829 914//829 2774//829
f 2774//640 2776//640 2775//640
f 2776//211 914//211 1343//211
f 2777//334 2776//334 1342//334
f 11//27 475//27 919//27
f 919//308 2779//308 918//308
f 132//147 1345//147 474//147
f 475//845 474//845 2779//845
f 1345//311 1344//311 2778//311
f 2779//640 2778//640 2781//640
f 1344//487 346//487 2780//487
f 2780//334 1340//334 2781//334
f 2241//2928 2783//2928 261//2928
f 2783//852 2785//852 732//852
f 454//2694 2247//2694 2240//2694
f 2240//2929 2782//2929 2241//2929
f 2247//2930 2246//2930 2782//2930
f 2782//852 2784//852 2783//852
f 2246//2931 338//2931 2784//2931
f 2784//2932 1324//2932 2785//2932
f 2249//2933 2787//2933 337//2933
f 2787//2934 2789//2934 896//2934
f 455//2297 2255//2297 2248//2297
f 2248//2935 2786//2935 2249//2935
f 2255//2295 2254//2295 2786//2295
f 2786//861 2788//861 2787//861
f 2254//2936 328//2936 2788//2936
f 2788//862 872//862 2789//862
f 2257//2937 2791//2937 340//2937
f 2791//2938 2793//2938 1328//2938
f 456//2319 2263//2319 2256//2319
f 2256//867 2790//867 2257//867
f 2263//2317 2262//2317 2790//2317
f 2790//869 2792//869 2791//869
f 2262//2315 257//2315 2792//2315
f 2792//295 724//295 2793//295
f 2265//2939 2795//2939 338//2939
f 2795//2940 2797//2940 1324//2940
f 457//2941 2271//2941 2264//2941
f 2264//873 2794//873 2265//873
f 2271//2334 2270//2334 2794//2334
f 2794//875 2796//875 2795//875
f 2270//2942 196//2942 2796//2942
f 2796//876 602//876 2797//876
f 343//95 2273//95 908//95
f 908//2943 2799//2943 909//2943
f 458//2357 2279//2357 2272//2357
f 2272//2824 2798//2824 2273//2824
f 2279//2944 2278//2944 2798//2944
f 2798//882 2800//882 2799//882
f 2278//2945 293//2945 2800//2945
f 2800//2946 802//2946 2801//2946
f 2281//2947 2803//2947 341//2947
f 2803//2644 2805//2644 904//2644
f 2280//2948 459//2948 2802//2948
f 2280//2949 2802//2949 2281//2949
f 2802//2950 2287//2950 2804//2950
f 2802//889 2804//889 2803//889
f 2804//2951 2286//2951 906//2951
f 2805//2952 2804//2952 907//2952
f 2289//146 2807//146 294//146
f 804//829 2807//829 805//829
f 460//246 2295//246 2288//246
f 2288//845 2806//845 2289//845
f 2295//308 2294//308 2806//308
f 2806//640 2808//640 2807//640
f 2294//108 343//108 2808//108
f 2809//321 2808//321 909//321
f 2297//2953 2811//2953 345//2953
f 2811//2954 2813//2954 1338//2954
f 2296//2955 461//2955 2810//2955
f 2296//2956 2810//2956 2297//2956
f 2810//2957 2303//2957 2812//2957
f 2810//894 2812//894 2811//894
f 2812//2958 2302//2958 884//2958
f 2812//2959 884//2959 2813//2959
f 2305//845 2815//845 341//845
f 904//16 2815//16 905//16
f 462//845 2311//845 2304//845
f 2304//845 2814//845 2305//845
f 2311//16 2310//16 2814//16
f 2814//16 2816//16 2815//16
f 2310//85 336//85 2816//85
f 2816//85 894//85 2817//85
f 2313//2960 2819//2960 341//2960
f 2819//2961 2821//2961 1330//2961
f 2312//2962 463//2962 2818//2962
f 2312//2962 2818//2962 2313//2962
f 2818//2963 2319//2963 2820//2963
f 2818//901 2820//901 2819//901
f 2820//2964 2318//2964 910//2964
f 2820//2965 910//2965 2821//2965
f 19//27 499//27 943//27
f 943//308 2823//308 942//308
f 144//147 1361//147 498//147
f 499//845 498//845 2823//845
f 1361//311 1360//311 2822//311
f 2823//640 2822//640 2825//640
f 1360//487 348//487 2824//487
f 2824//334 1356//334 2825//334
f 144//845 936//845 1361//845
f 1361//16 2827//16 1360//16
f 937//845 18//845 2826//845
f 936//845 937//845 2827//845
f 2826//16 939//16 2828//16
f 2827//16 2826//16 2829//16
f 2828//85 938//85 1359//85
f 2829//85 2828//85 1358//85
f 1358//845 2831//845 348//845
f 2831//16 2833//16 1363//16
f 145//845 500//845 1359//845
f 1359//845 2830//845 1358//845
f 500//16 501//16 2830//16
f 2830//16 2832//16 2831//16
f 501//85 22//85 2832//85
f 2832//85 951//85 2833//85
f 20//1187 503//1187 945//1187
f 945//496 2835//496 944//496
f 146//127 1369//127 502//127
f 503//203 502//203 2835//203
f 1369//326 1368//326 2834//326
f 2835//908 2834//908 2837//908
f 1368//2966 349//2966 2836//2966
f 2837//2967 2836//2967 1365//2967
f 146//553 940//553 1369//553
f 1369//919 2839//919 1368//919
f 19//38 943//38 941//38
f 941//203 2838//203 940//203
f 943//922 942//922 2838//922
f 2838//916 2840//916 2839//916
f 942//2968 147//2968 2840//2968
f 2840//2969 1367//2969 2841//2969
f 1366//2970 2843//2970 349//2970
f 2843//2971 2845//2971 1371//2971
f 1367//2972 147//2972 2842//2972
f 1366//2656 1367//2656 2843//2656
f 2842//2973 504//2973 2844//2973
f 2843//923 2842//923 2845//923
f 2844//2974 505//2974 953//2974
f 2845//2975 2844//2975 952//2975
f 90//1317 485//1317 929//1317
f 929//315 2847//315 928//315
f 484//147 137//147 2846//147
f 485//310 484//310 2847//310
f 2846//333 1377//333 2848//333
f 2847//319 2846//319 2849//319
f 2848//2660 1376//2660 1372//2660
f 2849//2652 2848//2652 1373//2652
f 922//844 2851//844 137//844
f 2851//655 2853//655 1377//655
f 89//637 925//637 923//637
f 923//310 2850//310 922//310
f 925//663 924//663 2850//663
f 2850//659 2852//659 2851//659
f 924//2976 138//2976 2852//2976
f 2852//2977 1375//2977 2853//2977
f 350//844 1374//844 1379//844
f 1379//927 2855//927 1378//927
f 1375//489 138//489 2854//489
f 1374//310 1375//310 2855//310
f 2854//663 486//663 2856//663
f 2855//930 2854//930 2857//930
f 2856//2978 487//2978 931//2978
f 2857//2979 2856//2979 930//2979
f 497//2980 2859//2980 89//2980
f 2859//2981 2861//2981 923//2981
f 496//2982 143//2982 2858//2982
f 497//2983 496//2983 2859//2983
f 2858//2984 1385//2984 2860//2984
f 2859//939 2858//939 2861//939
f 2860//2985 1384//2985 1380//2985
f 2861//2986 2860//2986 1381//2986
f 143//2987 934//2987 1385//2987
f 1385//1957 2863//1957 1384//1957
f 84//59 933//59 935//59
f 935//1497 2862//1497 934//1497
f 933//954 932//954 2862//954
f 2862//947 2864//947 2863//947
f 932//2988 142//2988 2864//2988
f 2864//2989 1383//2989 2865//2989
f 1382//2990 2867//2990 351//2990
f 2867//2991 2869//2991 1387//2991
f 1383//2992 142//2992 2866//2992
f 1382//2993 1383//2993 2867//2993
f 2866//2994 494//2994 2868//2994
f 2867//955 2866//955 2869//955
f 2868//2995 495//2995 949//2995
f 2869//2996 2868//2996 948//2996
f 83//2997 519//2997 959//2997
f 959//2998 2871//2998 958//2998
f 518//2999 154//2999 2870//2999
f 519//3000 518//3000 2871//3000
f 2870//3001 1393//3001 2872//3001
f 2871//963 2870//963 2873//963
f 2872//3002 1392//3002 1388//3002
f 2872//3003 1388//3003 2873//3003
f 956//3004 2875//3004 154//3004
f 2875//3005 2877//3005 1393//3005
f 86//3006 921//3006 957//3006
f 957//3007 2874//3007 956//3007
f 921//3008 920//3008 2874//3008
f 2874//971 2876//971 2875//971
f 2876//3009 920//3009 1391//3009
f 2877//3010 2876//3010 1390//3010
f 352//2357 1390//2357 1395//2357
f 1395//3011 2879//3011 1394//3011
f 1391//3012 136//3012 2878//3012
f 1390//2720 1391//2720 2879//2720
f 2878//3013 482//3013 2880//3013
f 2879//978 2878//978 2881//978
f 483//3014 85//3014 2880//3014
f 2880//3015 931//3015 2881//3015
f 87//2838 495//2838 955//2838
f 955//351 2883//351 954//351
f 494//750 142//750 2882//750
f 495//791 494//791 2883//791
f 2882//318 1401//318 2884//318
f 2883//319 2882//319 2885//319
f 2884//2839 1400//2839 1396//2839
f 2885//2840 2884//2840 1397//2840
f 932//66 2887//66 142//66
f 2887//3016 2889//3016 1401//3016
f 84//2836 947//2836 933//2836
f 933//791 2886//791 932//791
f 947//658 946//658 2886//658
f 2886//659 2888//659 2887//659
f 946//2834 149//2834 2888//2834
f 2888//2837 1399//2837 2889//2837
f 353//2118 1398//2118 1403//2118
f 1403//655 2891//655 1402//655
f 1399//1773 149//1773 2890//1773
f 1398//791 1399//791 2891//791
f 2890//663 508//663 2892//663
f 2891//930 2890//930 2893//930
f 2892//3017 509//3017 957//3017
f 2893//2835 2892//2835 956//2835
f 511//3018 2895//3018 90//3018
f 2895//3019 2897//3019 929//3019
f 510//3020 150//3020 2894//3020
f 511//3021 510//3021 2895//3021
f 2894//3022 1409//3022 2896//3022
f 2895//988 2894//988 2897//988
f 2896//3023 1408//3023 1404//3023
f 2897//3024 2896//3024 1405//3024
f 150//3025 948//3025 1409//3025
f 1409//1000 2899//1000 1408//1000
f 87//3026 955//3026 949//3026
f 949//3027 2898//3027 948//3027
f 955//1003 954//1003 2898//1003
f 2898//996 2900//996 2899//996
f 954//3028 153//3028 2900//3028
f 2900//3029 1407//3029 2901//3029
f 1406//3030 2903//3030 354//3030
f 2903//3031 2905//3031 1411//3031
f 1407//3032 153//3032 2902//3032
f 1406//1552 1407//1552 2903//1552
f 2902//3033 516//3033 2904//3033
f 2903//1004 2902//1004 2905//1004
f 2904//3034 517//3034 959//3034
f 2905//3035 2904//3035 958//3035
f 483//3036 2907//3036 85//3036
f 2907//3037 2909//3037 487//3037
f 482//3038 136//3038 2906//3038
f 483//3039 482//3039 2907//3039
f 2906//3040 1417//3040 2908//3040
f 2907//1012 2906//1012 2909//1012
f 2908//3041 1416//3041 1412//3041
f 2909//3042 2908//3042 1413//3042
f 136//3043 920//3043 1417//3043
f 1417//1024 2911//1024 1416//1024
f 86//3044 509//3044 921//3044
f 921//3045 2910//3045 920//3045
f 509//1027 508//1027 2910//1027
f 2910//1020 2912//1020 2911//1020
f 508//3046 149//3046 2912//3046
f 2912//3047 1415//3047 2913//3047
f 1414//3048 2915//3048 355//3048
f 2915//3049 2917//3049 1419//3049
f 1415//3050 149//3050 2914//3050
f 1414//1533 1415//1533 2915//1533
f 2914//3051 946//3051 2916//3051
f 2915//1028 2914//1028 2917//1028
f 2916//3052 947//3052 935//3052
f 2917//3053 2916//3053 934//3053
f 549//3036 2919//3036 3//3036
f 2919//3037 2921//3037 545//3037
f 548//3038 169//3038 2918//3038
f 549//3039 548//3039 2919//3039
f 2918//3040 1425//3040 2920//3040
f 2919//1012 2918//1012 2921//1012
f 2920//3041 1424//3041 1420//3041
f 2921//3042 2920//3042 1421//3042
f 169//3054 986//3054 1425//3054
f 1425//466 2923//466 1424//466
f 4//3055 535//3055 987//3055
f 987//3056 2922//3056 986//3056
f 535//463 534//463 2922//463
f 2922//467 2924//467 2923//467
f 534//462 162//462 2924//462
f 2924//465 1423//465 2925//465
f 1422//1525 2927//1525 356//1525
f 2927//1259 2929//1259 1427//1259
f 1423//137 162//137 2926//137
f 1422//1160 1423//1160 2927//1160
f 2926//3057 972//3057 2928//3057
f 2927//1040 2926//1040 2929//1040
f 2928//1255 973//1255 975//1255
f 2929//1258 2928//1258 974//1258
f 533//3018 2931//3018 9//3018
f 2931//3019 2933//3019 981//3019
f 532//3020 161//3020 2930//3020
f 533//3021 532//3021 2931//3021
f 2930//3022 1433//3022 2932//3022
f 2931//988 2930//988 2933//988
f 2932//3023 1432//3023 1428//3023
f 2933//3024 2932//3024 1429//3024
f 161//553 970//553 1433//553
f 1433//474 2935//474 1432//474
f 5//38 969//38 971//38
f 971//554 2934//554 970//554
f 969//471 968//471 2934//471
f 2934//475 2936//475 2935//475
f 968//470 160//470 2936//470
f 2936//473 1431//473 2937//473
f 1430//3058 2939//3058 357//3058
f 2939//1273 2941//1273 1435//1273
f 1431//138 160//138 2938//138
f 1430//1180 1431//1180 2939//1180
f 2938//1270 530//1270 2940//1270
f 2939//1055 2938//1055 2941//1055
f 2940//1269 531//1269 963//1269
f 2941//1272 2940//1272 962//1272
f 5//27 539//27 969//27
f 969//351 2943//351 968//351
f 538//147 164//147 2942//147
f 539//310 538//310 2943//310
f 2942//352 1441//352 2944//352
f 2943//319 2942//319 2945//319
f 2944//2660 1440//2660 1436//2660
f 2945//3059 2944//3059 1437//3059
f 976//844 2947//844 164//844
f 2947//927 2949//927 1441//927
f 2//1773 973//1773 977//1773
f 977//310 2946//310 976//310
f 973//663 972//663 2946//663
f 2946//930 2948//930 2947//930
f 972//2978 162//2978 2948//2978
f 2948//2977 1439//2977 2949//2977
f 358//246 1438//246 1443//246
f 1443//655 2951//655 1442//655
f 1439//146 162//146 2950//146
f 1438//310 1439//310 2951//310
f 2950//663 534//663 2952//663
f 2951//659 2950//659 2953//659
f 2952//3060 535//3060 967//3060
f 2953//3061 2952//3061 966//3061
f 1//33 529//33 963//33
f 963//1252 2955//1252 962//1252
f 528//136 159//136 2954//136
f 529//458 528//458 2955//458
f 2954//1249 1449//1249 2956//1249
f 2955//1066 2954//1066 2957//1066
f 1448//1248 359//1248 2956//1248
f 2956//1251 1444//1251 2957//1251
f 966//457 2959//457 159//457
f 2959//3062 2961//3062 1449//3062
f 4//22 987//22 967//22
f 967//458 2958//458 966//458
f 987//452 986//452 2958//452
f 2958//456 2960//456 2959//456
f 2960//451 986//451 1447//451
f 2961//454 2960//454 1446//454
f 359//2357 1446//2357 1451//2357
f 1451//3011 2963//3011 1450//3011
f 1447//3012 169//3012 2962//3012
f 1446//2720 1447//2720 2963//2720
f 2962//3013 548//3013 2964//3013
f 2963//978 2962//978 2965//978
f 549//3014 3//3014 2964//3014
f 2964//3015 979//3015 2965//3015
f 537//2980 2967//2980 7//2980
f 2967//2981 2969//2981 985//2981
f 536//2982 163//2982 2966//2982
f 537//2983 536//2983 2967//2983
f 2966//2984 1457//2984 2968//2984
f 2967//939 2966//939 2969//939
f 2968//2985 1456//2985 1452//2985
f 2969//2986 2968//2986 1453//2986
f 163//543 974//543 1457//543
f 1457//447 2971//447 1456//447
f 2//21 977//21 975//21
f 975//544 2970//544 974//544
f 977//444 976//444 2970//444
f 2970//1082 2972//1082 2971//1082
f 976//3063 164//3063 2972//3063
f 2972//3064 1455//3064 2973//3064
f 1454//3065 2975//3065 360//3065
f 2975//3066 2977//3066 1459//3066
f 1455//174 164//174 2974//174
f 1454//3067 1455//3067 2975//3067
f 2974//3068 538//3068 2976//3068
f 2975//1089 2974//1089 2977//1089
f 2976//3069 539//3069 971//3069
f 2977//1481 2976//1481 970//1481
f 9//1317 547//1317 981//1317
f 981//315 2979//315 980//315
f 546//147 168//147 2978//147
f 547//310 546//310 2979//310
f 2978//333 1465//333 2980//333
f 2979//319 2978//319 2981//319
f 2980//2660 1464//2660 1460//2660
f 2981//2652 2980//2652 1461//2652
f 984//844 2983//844 168//844
f 2983//655 2985//655 1465//655
f 7//637 983//637 985//637
f 985//310 2982//310 984//310
f 983//663 982//663 2982//663
f 2982//659 2984//659 2983//659
f 982//2976 167//2976 2984//2976
f 2984//2977 1463//2977 2985//2977
f 361//844 1462//844 1467//844
f 1467//927 2987//927 1466//927
f 1463//489 167//489 2986//489
f 1462//310 1463//310 2987//310
f 2986//663 544//663 2988//663
f 2987//930 2986//930 2989//930
f 2988//2978 545//2978 979//2978
f 2989//2979 2988//2979 978//2979
f 567//3070 2991//3070 43//3070
f 575//1091 2991//1091 574//1091
f 566//3071 178//3071 2990//3071
f 567//3070 566//3070 2991//3070
f 2990//3072 1473//3072 2992//3072
f 2991//3073 2990//3073 2993//3073
f 1472//3074 362//3074 2992//3074
f 2993//3075 2992//3075 1469//3075
f 178//156 1004//156 1473//156
f 1473//1107 2995//1107 1472//1107
f 40//2048 1003//2048 1005//2048
f 1005//3076 2994//3076 1004//3076
f 1003//1110 1002//1110 2994//1110
f 2994//1103 2996//1103 2995//1103
f 1002//3077 177//3077 2996//3077
f 2996//3067 1471//3067 2997//3067
f 1470//3078 2999//3078 362//3078
f 2999//3079 3001//3079 1475//3079
f 1471//3080 177//3080 2998//3080
f 1470//446 1471//446 2999//446
f 2998//3081 564//3081 3000//3081
f 2999//1111 2998//1111 3001//1111
f 3000//3082 565//3082 1009//3082
f 3001//1080 3000//1080 1008//1080
f 45//77 581//77 1023//77
f 1023//3083 3003//3083 1022//3083
f 580//3084 185//3084 3002//3084
f 581//3085 580//3085 3003//3085
f 3002//3086 1481//3086 3004//3086
f 3003//1119 3002//1119 3005//1119
f 1480//3087 363//3087 3004//3087
f 3004//3088 1476//3088 3005//3088
f 1018//3089 3007//3089 185//3089
f 3007//3090 3009//3090 1481//3090
f 44//1410 1021//1410 1019//1410
f 1019//3085 3006//3085 1018//3085
f 1021//3091 1020//3091 3006//3091
f 3006//1127 3008//1127 3007//1127
f 3008//3092 1020//3092 1479//3092
f 3009//3093 3008//3093 1478//3093
f 363//294 1478//294 1483//294
f 1483//3094 3011//3094 1482//3094
f 1479//3095 186//3095 3010//3095
f 1478//3096 1479//3096 3011//3096
f 3010//3097 582//3097 3012//3097
f 3011//1135 3010//1135 3013//1135
f 3012//3098 583//3098 587//3098
f 3013//3099 3012//3099 586//3099
f 41//2549 565//2549 1011//2549
f 1011//403 3015//403 1010//403
f 564//3100 177//3100 3014//3100
f 565//492 564//492 3015//492
f 3014//461 1489//461 3016//461
f 3015//407 3014//407 3017//407
f 3016//2705 1488//2705 1484//2705
f 3017//2770 3016//2770 1485//2770
f 1002//2550 3019//2550 177//2550
f 3019//1145 3021//1145 1489//1145
f 40//34 1007//34 1003//34
f 1003//492 3018//492 1002//492
f 1007//1147 1006//1147 3018//1147
f 3018//1521 3020//1521 3019//1521
f 1006//3101 179//3101 3020//3101
f 3020//2556 1487//2556 3021//2556
f 364//491 1486//491 1491//491
f 1491//1139 3023//1139 1490//1139
f 1487//213 179//213 3022//213
f 1486//492 1487//492 3023//492
f 3022//1142 568//1142 3024//1142
f 3023//1143 3022//1143 3025//1143
f 3024//3101 569//3101 1019//3101
f 3025//3102 3024//3102 1018//3102
f 42//15 571//15 1015//15
f 1015//410 3027//410 1014//410
f 180//3103 1497//3103 570//3103
f 571//3104 570//3104 3027//3104
f 1497//413 1496//413 3026//413
f 3027//414 3026//414 3029//414
f 1496//3105 365//3105 3028//3105
f 3029//3106 3028//3106 1493//3106
f 180//3107 1008//3107 1497//3107
f 1497//1267 3031//1267 1496//1267
f 41//3108 1011//3108 1009//3108
f 1009//3109 3030//3109 1008//3109
f 1011//3110 1010//3110 3030//3110
f 3030//1158 3032//1158 3031//1158
f 1010//3111 181//3111 3032//3111
f 3032//3112 1495//3112 3033//3112
f 1494//3113 3035//3113 365//3113
f 3035//3114 3037//3114 1499//3114
f 1495//1736 181//1736 3034//1736
f 1494//1036 1495//1036 3035//1036
f 3034//3115 572//3115 3036//3115
f 3035//1268 3034//1268 3037//1268
f 3036//3116 573//3116 1023//3116
f 3037//3117 3036//3117 1022//3117
f 575//16 3039//16 43//16
f 3039//16 3041//16 1017//16
f 182//16 1505//16 574//16
f 574//16 3038//16 575//16
f 1505//16 1504//16 3038//16
f 3038//16 3040//16 3039//16
f 1504//16 366//16 3040//16
f 3040//16 1500//16 3041//16
f 182//16 1012//16 1505//16
f 1505//576 3043//576 1504//576
f 1013//16 42//16 3042//16
f 1012//16 1013//16 3043//16
f 3042//576 1015//576 3044//576
f 3043//576 3042//576 3045//576
f 3044//576 1014//576 1503//576
f 3045//576 3044//576 1502//576
f 1502//16 3047//16 366//16
f 3047//828 3049//828 1507//828
f 183//16 576//16 1503//16
f 1503//16 3046//16 1502//16
f 576//828 577//828 3046//828
f 3046//576 3048//576 3047//576
f 577//576 46//576 3048//576
f 3048//576 1025//576 3049//576
f 583//3118 3051//3118 47//3118
f 3051//3119 3053//3119 579//3119
f 186//3120 1513//3120 582//3120
f 582//3121 3050//3121 583//3121
f 1513//3122 1512//3122 3050//3122
f 3050//1172 3052//1172 3051//1172
f 1512//3123 367//3123 3052//3123
f 3052//3124 1508//3124 3053//3124
f 186//3125 1020//3125 1513//3125
f 1513//1182 3055//1182 1512//1182
f 44//29 569//29 1021//29
f 1021//1210 3054//1210 1020//1210
f 569//1185 568//1185 3054//1185
f 3054//1179 3056//1179 3055//1179
f 568//3126 179//3126 3056//3126
f 3056//3127 1511//3127 3057//3127
f 1510//3128 3059//3128 367//3128
f 3059//3129 3061//3129 1515//3129
f 1511//2653 179//2653 3058//2653
f 1510//1049 1511//1049 3059//1049
f 3058//3130 1006//3130 3060//3130
f 3059//1186 3058//1186 3061//1186
f 3060//3131 1007//3131 1005//3131
f 3061//3132 3060//3132 1004//3132
f 13//27 553//27 995//27
f 995//315 3063//315 994//315
f 552//309 171//309 3062//309
f 553//310 552//310 3063//310
f 3062//333 1521//333 3064//333
f 3063//319 3062//319 3065//319
f 3064//2660 1520//2660 1516//2660
f 3065//3059 3064//3059 1517//3059
f 990//246 3067//246 171//246
f 3067//927 3069//927 1521//927
f 16//1773 993//1773 991//1773
f 991//310 3066//310 990//310
f 993//663 992//663 3066//663
f 3066//659 3068//659 3067//659
f 992//3060 172//3060 3068//3060
f 3068//2977 1519//2977 3069//2977
f 368//246 1518//246 1523//246
f 1523//927 3071//927 1522//927
f 1519//146 172//146 3070//146
f 1518//66 1519//66 3071//66
f 3070//658 554//658 3072//658
f 3071//930 3070//930 3073//930
f 3072//2978 555//2978 997//2978
f 3073//2979 3072//2979 996//2979
f 591//3133 3075//3133 16//3133
f 3075//3134 3077//3134 991//3134
f 590//3135 190//3135 3074//3135
f 591//3136 590//3136 3075//3136
f 3074//3137 1529//3137 3076//3137
f 3075//1191 3074//1191 3077//1191
f 3076//3138 1528//3138 1524//3138
f 3077//2986 3076//2986 1525//2986
f 190//543 1028//543 1529//543
f 1529//447 3079//447 1528//447
f 30//21 1027//21 1029//21
f 1029//544 3078//544 1028//544
f 1027//444 1026//444 3078//444
f 3078//1082 3080//1082 3079//1082
f 1026//443 189//443 3080//443
f 3080//3064 1527//3064 3081//3064
f 1526//3065 3083//3065 369//3065
f 3083//3066 3085//3066 1531//3066
f 1527//174 189//174 3082//174
f 1526//3067 1527//3067 3083//3067
f 3082//3068 588//3068 3084//3068
f 3083//1089 3082//1089 3085//1089
f 3084//3069 589//3069 1033//3069
f 3085//1481 3084//1481 1032//1481
f 31//1253 601//1253 1043//1253
f 1043//1252 3087//1252 1042//1252
f 600//136 195//136 3086//136
f 601//458 600//458 3087//458
f 3086//1249 1537//1249 3088//1249
f 3087//1066 3086//1066 3089//1066
f 1536//1248 370//1248 3088//1248
f 3088//1251 1532//1251 3089//1251
f 1038//457 3091//457 195//457
f 3091//3062 3093//3062 1537//3062
f 25//22 989//22 1039//22
f 1039//458 3090//458 1038//458
f 989//452 988//452 3090//452
f 3090//456 3092//456 3091//456
f 3092//451 988//451 1535//451
f 3093//454 3092//454 1534//454
f 370//2357 1534//2357 1539//2357
f 1539//3139 3095//3139 1538//3139
f 1535//3012 170//3012 3094//3012
f 1534//2720 1535//2720 3095//2720
f 3094//3140 550//3140 3096//3140
f 3095//1205 3094//1205 3097//1205
f 551//3141 29//3141 3096//3141
f 3096//3142 997//3142 3097//3142
f 21//27 589//27 1037//27
f 1037//315 3099//315 1036//315
f 588//147 189//147 3098//147
f 589//310 588//310 3099//310
f 3098//352 1545//352 3100//352
f 3099//319 3098//319 3101//319
f 3100//2660 1544//2660 1540//2660
f 3101//2652 3100//2652 1541//2652
f 1026//844 3103//844 189//844
f 3103//655 3105//655 1545//655
f 30//1773 1031//1773 1027//1773
f 1027//310 3102//310 1026//310
f 1031//663 1030//663 3102//663
f 3102//930 3104//930 3103//930
f 1030//3060 191//3060 3104//3060
f 3104//2977 1543//2977 3105//2977
f 371//246 1542//246 1547//246
f 1547//927 3107//927 1546//927
f 1543//146 191//146 3106//146
f 1542//310 1543//310 3107//310
f 3106//663 592//663 3108//663
f 3107//659 3106//659 3109//659
f 3108//3060 593//3060 1039//3060
f 3109//3061 3108//3061 1038//3061
f 595//3018 3111//3018 13//3018
f 3111//3019 3113//3019 995//3019
f 594//3020 192//3020 3110//3020
f 595//3143 594//3143 3111//3143
f 3110//3022 1553//3022 3112//3022
f 3111//988 3110//988 3113//988
f 3112//3144 1552//3144 1548//3144
f 3113//3024 3112//3024 1549//3024
f 192//553 1032//553 1553//553
f 1553//474 3115//474 1552//474
f 21//38 1037//38 1033//38
f 1033//554 3114//554 1032//554
f 1037//471 1036//471 3114//471
f 3114//475 3116//475 3115//475
f 1036//470 194//470 3116//470
f 3116//473 1551//473 3117//473
f 1550//1274 3119//1274 372//1274
f 3119//1273 3121//1273 1555//1273
f 1551//138 194//138 3118//138
f 1550//1180 1551//1180 3119//1180
f 3118//1270 598//1270 3120//1270
f 3119//1209 3118//1209 3121//1209
f 3120//1269 599//1269 1043//1269
f 3121//1272 3120//1272 1042//1272
f 551//3145 3123//3145 29//3145
f 3123//3146 3125//3146 555//3146
f 550//3147 170//3147 3122//3147
f 551//3148 550//3148 3123//3148
f 3122//3149 1561//3149 3124//3149
f 3123//1212 3122//1212 3125//1212
f 3124//3041 1560//3041 1556//3041
f 3125//3042 3124//3042 1557//3042
f 170//468 988//468 1561//468
f 1561//466 3127//466 1560//466
f 25//37 593//37 989//37
f 989//3056 3126//3056 988//3056
f 593//463 592//463 3126//463
f 3126//467 3128//467 3127//467
f 592//462 191//462 3128//462
f 3128//465 1559//465 3129//465
f 1558//1525 3131//1525 373//1525
f 3131//1259 3133//1259 1563//1259
f 1559//137 191//137 3130//137
f 1558//1160 1559//1160 3131//1160
f 3130//3057 1030//3057 3132//3057
f 3131//1040 3130//1040 3133//1040
f 3132//1255 1031//1255 1029//1255
f 3133//1258 3132//1258 1028//1258
f 36//3150 615//3150 1047//3150
f 1047//323 3135//323 1046//323
f 202//127 1569//127 614//127
f 615//203 614//203 3135//203
f 1569//3151 1568//3151 3134//3151
f 3135//908 3134//908 3137//908
f 1568//2966 374//2966 3136//2966
f 3137//2967 3136//2967 1565//2967
f 202//3152 1052//3152 1569//3152
f 1569//919 3139//919 1568//919
f 34//38 1049//38 1053//38
f 1053//203 3138//203 1052//203
f 1049//922 1048//922 3138//922
f 3138//916 3140//916 3139//916
f 1048//3153 200//3153 3140//3153
f 3140//2969 1567//2969 3141//2969
f 1566//2970 3143//2970 374//2970
f 3143//2971 3145//2971 1571//2971
f 1567//1048 200//1048 3142//1048
f 1566//2656 1567//2656 3143//2656
f 3142//2973 610//2973 3144//2973
f 3143//1220 3142//1220 3145//1220
f 3144//2974 611//2974 1045//2974
f 3145//2975 3144//2975 1044//2975
f 63//1196 621//1196 629//1196
f 629//1088 3147//1088 628//1088
f 205//112 1577//112 620//112
f 621//1481 620//1481 3147//1481
f 1577//447 1576//447 3146//447
f 3147//1226 3146//1226 3149//1226
f 1576//1085 375//1085 3148//1085
f 3149//3154 3148//3154 1573//3154
f 1058//3155 3151//3155 205//3155
f 3151//3156 3153//3156 1577//3156
f 1059//3157 60//3157 3150//3157
f 1059//3158 3150//3158 1058//3158
f 1057//1230 1056//1230 3150//1230
f 3150//556 3152//556 3151//556
f 1056//1230 204//1230 3152//1230
f 3152//3159 1575//3159 3153//3159
f 1574//3078 3155//3078 375//3078
f 3155//3079 3157//3079 1579//3079
f 1575//3080 204//3080 3154//3080
f 1574//446 1575//446 3155//446
f 3154//3160 618//3160 3156//3160
f 3155//1111 3154//1111 3157//1111
f 3156//3161 619//3161 1063//3161
f 3157//3162 3156//3162 1062//3162
f 65//77 635//77 1077//77
f 1077//3083 3159//3083 1076//3083
f 634//3084 212//3084 3158//3084
f 635//3085 634//3085 3159//3085
f 3158//3086 1585//3086 3160//3086
f 3159//1119 3158//1119 3161//1119
f 1584//3087 376//3087 3160//3087
f 3160//3088 1580//3088 3161//3088
f 1072//1244 3163//1244 212//1244
f 1585//3163 3163//3163 1584//3163
f 1073//1244 64//1244 3162//1244
f 1072//1244 1073//1244 3163//1244
f 1075//2113 1074//2113 3162//2113
f 3162//569 3164//569 3163//569
f 1074//3164 213//3164 3164//3164
f 3164//1247 1583//1247 3165//1247
f 1582//1198 3167//1198 376//1198
f 1587//1065 3167//1065 1586//1065
f 213//109 636//109 1583//109
f 1583//3165 3166//3165 1582//3165
f 3166//1062 636//1062 3168//1062
f 3167//1066 3166//1066 3169//1066
f 3168//1061 637//1061 641//1061
f 3169//1064 3168//1064 640//1064
f 61//51 619//51 1065//51
f 1065//550 3171//550 1064//550
f 618//214 204//214 3170//214
f 619//492 618//492 3171//492
f 3170//461 1593//461 3172//461
f 3171//407 3170//407 3173//407
f 3172//3166 1592//3166 1588//3166
f 3173//2770 3172//2770 1589//2770
f 204//166 1056//166 1593//166
f 3175//79 3177//79 1593//79
f 1057//166 60//166 3174//166
f 1056//166 1057//166 3175//166
f 1061//79 1060//79 3174//79
f 3175//79 3174//79 3177//79
f 1060//26 206//26 3176//26
f 3176//26 1591//26 3177//26
f 377//166 1590//166 1595//166
f 1595//79 3179//79 1594//79
f 1591//166 206//166 3178//166
f 1590//166 1591//166 3179//166
f 3178//79 622//79 3180//79
f 3179//79 3178//79 3181//79
f 3180//26 623//26 1073//26
f 3181//26 3180//26 1072//26
f 62//1041 625//1041 1069//1041
f 1069//3167 3183//3167 1068//3167
f 207//105 1601//105 624//105
f 625//1042 624//1042 3183//1042
f 1601//3168 1600//3168 3182//3168
f 3183//1040 3182//1040 3185//1040
f 1600//1037 378//1037 3184//1037
f 3185//1039 3184//1039 1597//1039
f 207//3169 1062//3169 1601//3169
f 1601//1267 3187//1267 1600//1267
f 61//3170 1065//3170 1063//3170
f 1063//3109 3186//3109 1062//3109
f 1065//3171 1064//3171 3186//3171
f 3186//1265 3188//1265 3187//1265
f 1064//3111 208//3111 3188//3111
f 3188//3112 1599//3112 3189//3112
f 1598//3172 3191//3172 378//3172
f 3191//3114 3193//3114 1603//3114
f 1599//1736 208//1736 3190//1736
f 1598//1036 1599//1036 3191//1036
f 3190//3115 626//3115 3192//3115
f 3191//1268 3190//1268 3193//1268
f 3192//3116 627//3116 1077//3116
f 3193//3117 3192//3117 1076//3117
f 63//27 629//27 1071//27
f 1071//315 3195//315 1070//315
f 628//147 209//147 3194//147
f 629//310 628//310 3195//310
f 3194//333 1609//333 3196//333
f 3195//319 3194//319 3197//319
f 3196//2660 1608//2660 1604//2660
f 3197//3059 3196//3059 1605//3059
f 1066//844 3199//844 209//844
f 3199//927 3201//927 1609//927
f 62//1773 1069//1773 1067//1773
f 1067//66 3198//66 1066//66
f 1069//663 1068//663 3198//663
f 3198//930 3200//930 3199//930
f 1068//2978 210//2978 3200//2978
f 3200//2977 1607//2977 3201//2977
f 379//246 1606//246 1611//246
f 1611//927 3203//927 1610//927
f 1607//146 210//146 3202//146
f 1606//310 1607//310 3203//310
f 3202//663 630//663 3204//663
f 3203//930 3202//930 3205//930
f 3204//3060 631//3060 1079//3060
f 3205//2979 3204//2979 1078//2979
f 67//1323 637//1323 633//1323
f 633//1054 3207//1054 632//1054
f 213//107 1617//107 636//107
f 637//1057 636//1057 3207//1057
f 1617//474 1616//474 3206//474
f 3207//1209 3206//1209 3209//1209
f 1616//1050 380//1050 3208//1050
f 3209//1053 3208//1053 1613//1053
f 213//3173 1074//3173 1617//3173
f 1617//1279 3211//1279 1616//1279
f 64//3174 623//3174 1075//3174
f 1075//3175 3210//3175 1074//3175
f 623//1279 622//1279 3210//1279
f 3210//1279 3212//1279 3211//1279
f 622//1279 206//1279 3212//1279
f 3212//3176 1615//3176 3213//3176
f 1614//3177 3215//3177 380//3177
f 3215//1276 3217//1276 1619//1276
f 1615//3178 206//3178 3214//3178
f 1614//3179 1615//3179 3215//3179
f 3214//1279 1060//1279 3216//1279
f 3215//1279 3214//1279 3217//1279
f 3216//3180 1061//3180 1059//3180
f 3217//3181 3216//3181 1058//3181
f 57//3182 645//3182 1089//3182
f 1089//3183 3219//3183 1088//3183
f 217//3184 1625//3184 644//3184
f 645//3185 644//3185 3219//3185
f 1625//3186 1624//3186 3218//3186
f 3219//1291 3218//1291 3221//1291
f 1624//3187 381//3187 3220//3187
f 3221//3188 3220//3188 1621//3188
f 217//3189 1082//3189 1625//3189
f 1625//1302 3223//1302 1624//1302
f 69//3190 1085//3190 1083//3190
f 1083//3185 3222//3185 1082//3185
f 1085//3191 1084//3191 3222//3191
f 3222//1299 3224//1299 3223//1299
f 1084//3192 218//3192 3224//3192
f 3224//3193 1623//3193 3225//3193
f 1622//3194 3227//3194 381//3194
f 3227//3195 3229//3195 1627//3195
f 1623//3196 218//3196 3226//3196
f 1622//2738 1623//2738 3227//2738
f 3226//3197 646//3197 3228//3197
f 3227//1306 3226//1306 3229//1306
f 3228//3198 647//3198 1093//3198
f 3229//3199 3228//3199 1092//3199
f 51//166 649//166 1081//166
f 1081//79 3231//79 1080//79
f 648//166 219//166 3230//166
f 649//166 648//166 3231//166
f 3230//79 1633//79 3232//79
f 3231//79 3230//79 3233//79
f 3232//26 1632//26 1628//26
f 3233//26 3232//26 1629//26
f 219//2550 1086//2550 1633//2550
f 1633//536 3235//536 1632//536
f 57//3100 1089//3100 1087//3100
f 1087//1310 3234//1310 1086//1310
f 1089//1313 1088//1313 3234//1313
f 3234//494 3236//494 3235//494
f 3236//148 1088//148 1631//148
f 3237//26 3236//26 1630//26
f 1630//537 3239//537 382//537
f 3239//642 3241//642 1635//642
f 220//645 650//645 1631//645
f 1631//492 3238//492 1630//492
f 3238//643 650//643 3240//643
f 3239//644 3238//644 3241//644
f 3240//3200 651//3200 1095//3200
f 3241//1315 3240//1315 1094//1315
f 681//1 3243//1 76//1
f 3243//3201 3245//3201 677//3201
f 680//665 235//665 3242//665
f 680//334 3242//334 681//334
f 3242//846 1641//846 3244//846
f 3243//640 3242//640 3245//640
f 3244//309 1640//309 1636//309
f 3245//310 3244//310 1637//310
f 235//313 1118//313 1641//313
f 1641//311 3247//311 1640//311
f 77//1 667//1 1119//1
f 1119//85 3246//85 1118//85
f 667//308 666//308 3246//308
f 3246//312 3248//312 3247//312
f 3248//145 666//145 1639//145
f 3249//310 3248//310 1638//310
f 1638//211 3251//211 383//211
f 3251//846 3253//846 1643//846
f 228//4 1104//4 1639//4
f 1639//334 3250//334 1638//334
f 3250//639 1104//639 3252//639
f 3251//640 3250//640 3253//640
f 3252//246 1105//246 1107//246
f 3253//845 3252//845 1106//845
f 665//34 3255//34 82//34
f 3255//3202 3257//3202 1113//3202
f 664//3203 227//3203 3254//3203
f 664//492 3254//492 665//492
f 3254//1432 1649//1432 3256//1432
f 3255//644 3254//644 3257//644
f 3256//120 1648//120 1644//120
f 3257//197 3256//197 1645//197
f 227//537 1102//537 1649//537
f 1649//536 3259//536 1648//536
f 78//34 1101//34 1103//34
f 1103//166 3258//166 1102//166
f 1101//535 1100//535 3258//535
f 3258//494 3260//494 3259//494
f 3260//148 1100//148 1647//148
f 3261//197 3260//197 1646//197
f 1646//212 3263//212 384//212
f 3263//1432 3265//1432 1651//1432
f 226//165 662//165 1647//165
f 1647//492 3262//492 1646//492
f 3262//643 662//643 3264//643
f 3263//644 3262//644 3265//644
f 3264//247 663//247 1097//247
f 3265//26 3264//26 1096//26
f 78//1187 671//1187 1101//1187
f 1101//496 3267//496 1100//496
f 230//127 1657//127 670//127
f 671//203 670//203 3267//203
f 1657//326 1656//326 3266//326
f 3267//908 3266//908 3269//908
f 1656//2966 385//2966 3268//2966
f 3269//2967 3268//2967 1653//2967
f 230//553 1108//553 1657//553
f 1657//919 3271//919 1656//919
f 73//24 1105//24 1109//24
f 1109//203 3270//203 1108//203
f 1105//1322 1104//1322 3270//1322
f 3270//916 3272//916 3271//916
f 1104//3153 228//3153 3272//3153
f 3272//2969 1655//2969 3273//2969
f 1654//3204 3275//3204 385//3204
f 3275//2971 3277//2971 1659//2971
f 1655//1048 228//1048 3274//1048
f 1654//2656 1655//2656 3275//2656
f 3274//2973 666//2973 3276//2973
f 3275//923 3274//923 3277//923
f 3276//2974 667//2974 1099//2974
f 3277//2975 3276//2975 1098//2975
f 72//1410 661//1410 1097//1410
f 1097//3205 3279//3205 1096//3205
f 225//161 1665//161 660//161
f 661//527 660//527 3279//527
f 1665//1406 1664//1406 3278//1406
f 3279//634 3278//634 3281//634
f 1664//1405 386//1405 3280//1405
f 3281//1408 3280//1408 1661//1408
f 225//109 1098//109 1665//109
f 1665//525 3283//525 1664//525
f 77//33 1119//33 1099//33
f 1099//527 3282//527 1098//527
f 1119//538 1118//538 3282//538
f 3282//526 3284//526 3283//526
f 1118//521 235//521 3284//521
f 3284//524 1663//524 3285//524
f 386//2669 1662//2669 1667//2669
f 1667//2904 3287//2904 1666//2904
f 235//3206 680//3206 1663//3206
f 1662//2747 1663//2747 3287//2747
f 680//2823 681//2823 3286//2823
f 3287//3207 3286//3207 3289//3207
f 681//3208 76//3208 3288//3208
f 3289//3209 3288//3209 1110//3209
f 669//3210 3291//3210 81//3210
f 1117//506 3291//506 1116//506
f 229//3211 1673//3211 668//3211
f 668//628 3290//628 669//628
f 3290//3212 1673//3212 3292//3212
f 3291//1349 3290//1349 3293//1349
f 3292//3213 1672//3213 1668//3213
f 3293//3214 3292//3214 1669//3214
f 1106//519 3295//519 229//519
f 3295//517 3297//517 1673//517
f 73//32 1109//32 1107//32
f 1107//520 3294//520 1106//520
f 1109//514 1108//514 3294//514
f 3294//518 3296//518 3295//518
f 3296//3215 1108//3215 1671//3215
f 3297//3216 3296//3216 1670//3216
f 1670//1373 3299//1373 387//1373
f 1675//1353 3299//1353 1674//1353
f 230//156 670//156 1671//156
f 1671//1374 3298//1374 1670//1374
f 3298//1370 670//1370 3300//1370
f 3299//1362 3298//1362 3301//1362
f 3300//1433 671//1433 1103//1433
f 3301//1372 3300//1372 1102//1372
f 82//3150 679//3150 1113//3150
f 1113//496 3303//496 1112//496
f 234//127 1681//127 678//127
f 679//203 678//203 3303//203
f 1681//326 1680//326 3302//326
f 3303//908 3302//908 3305//908
f 1680//2966 388//2966 3304//2966
f 3305//2967 3304//2967 1677//2967
f 234//553 1116//553 1681//553
f 1681//919 3307//919 1680//919
f 81//24 1115//24 1117//24
f 1117//203 3306//203 1116//203
f 1115//922 1114//922 3306//922
f 3306//916 3308//916 3307//916
f 1114//3153 233//3153 3308//3153
f 3308//2969 1679//2969 3309//2969
f 1678//2970 3311//2970 388//2970
f 3311//2971 3313//2971 1683//2971
f 1679//1048 233//1048 3310//1048
f 1678//2656 1679//2656 3311//2656
f 3310//2973 676//2973 3312//2973
f 3311//923 3310//923 3313//923
f 3312//2974 677//2974 1111//2974
f 3313//2975 3312//2975 1110//2975
f 12//2048 685//2048 479//2048
f 479//514 3315//514 478//514
f 684//251 237//251 3314//251
f 685//1364 684//1364 3315//1364
f 3314//1359 1689//1359 3316//1359
f 3315//1362 3314//1362 3317//1362
f 1688//1358 389//1358 3316//1358
f 3316//1361 1684//1361 3317//1361
f 1122//1378 3319//1378 237//1378
f 3319//3217 3321//3217 1689//3217
f 60//1873 1121//1873 1123//1873
f 1123//1378 3318//1378 1122//1378
f 1121//1802 1120//1802 3318//1802
f 3318//1380 3320//1380 3319//1380
f 1120//3218 236//3218 3320//3218
f 3320//1382 1687//1382 3321//1382
f 1686//3219 3323//3219 389//3219
f 1691//1751 3323//1751 1690//1751
f 236//543 682//543 1687//543
f 1687//1357 3322//1357 1686//1357
f 3322//3220 682//3220 3324//3220
f 3323//1388 3322//1388 3325//1388
f 3324//3221 683//3221 789//3221
f 3325//3222 3324//3222 788//3222
f 14//22 689//22 927//22
f 927//538 3327//538 926//538
f 239//2915 1697//2915 688//2915
f 689//3223 688//3223 3327//3223
f 1697//525 1696//525 3326//525
f 3327//1394 3326//1394 3329//1394
f 1696//3224 390//3224 3328//3224
f 3329//3225 3328//3225 1693//3225
f 1126//3226 3331//3226 239//3226
f 3331//3227 3333//3227 1697//3227
f 64//72 1129//72 1127//72
f 1127//3228 3330//3228 1126//3228
f 1129//1401 1128//1401 3330//1401
f 3330//1402 3332//1402 3331//1402
f 1128//1401 240//1401 3332//1401
f 3332//3229 1695//3229 3333//3229
f 1694//1329 3335//1329 390//1329
f 3335//1328 3337//1328 1699//1328
f 1695//3230 240//3230 3334//3230
f 1694//1330 1695//1330 3335//1330
f 3334//3231 690//3231 3336//3231
f 3335//634 3334//634 3337//634
f 3336//1324 691//1324 693//1324
f 3337//1327 3336//1327 692//1327
f 10//1041 683//1041 915//1041
f 915//529 3339//529 914//529
f 236//105 1705//105 682//105
f 683//3232 682//3232 3339//3232
f 1705//3233 1704//3233 3338//3233
f 3339//1729 3338//1729 3341//1729
f 1704//3234 391//3234 3340//3234
f 3341//3235 3340//3235 1701//3235
f 236//3236 1120//3236 1705//3236
f 1705//3237 3343//3237 1704//3237
f 60//540 1061//540 1121//540
f 1120//3238 1121//3238 3343//3238
f 1061//3239 1060//3239 3342//3239
f 3342//1424 3344//1424 3343//1424
f 1060//3240 206//3240 3344//3240
f 3344//3241 1703//3241 3345//3241
f 1702//3242 3347//3242 391//3242
f 3347//3243 3349//3243 1707//3243
f 1703//3244 206//3244 3346//3244
f 1702//2949 1703//2949 3347//2949
f 3346//3245 622//3245 3348//3245
f 3347//1431 3346//1431 3349//1431
f 3348//3246 623//3246 1127//3246
f 3348//3247 1127//3247 3349//3247
f 12//1187 479//1187 1125//1187
f 1125//323 3351//323 1124//323
f 134//127 1713//127 478//127
f 479//203 478//203 3351//203
f 1713//326 1712//326 3350//326
f 3351//908 3350//908 3353//908
f 1712//2966 392//2966 3352//2966
f 3353//2967 3352//2967 1709//2967
f 134//553 916//553 1713//553
f 1713//919 3355//919 1712//919
f 11//38 919//38 917//38
f 917//203 3354//203 916//203
f 919//922 918//922 3354//922
f 3354//916 3356//916 3355//916
f 918//2968 135//2968 3356//2968
f 3356//2969 1711//2969 3357//2969
f 1710//2970 3359//2970 392//2970
f 3359//2971 3361//2971 1715//2971
f 1711//1048 135//1048 3358//1048
f 1710//2656 1711//2656 3359//2656
f 3358//2973 480//2973 3360//2973
f 3359//923 3358//923 3361//923
f 3360//2974 481//2974 1131//2974
f 3361//2975 3360//2975 1130//2975
f 8//28 691//28 687//28
f 687//535 3363//535 686//535
f 240//121 1721//121 690//121
f 691//26 690//26 3363//26
f 1721//536 1720//536 3362//536
f 3363//644 3362//644 3365//644
f 1720//491 393//491 3364//491
f 3364//492 1716//492 3365//492
f 240//26 1128//26 1721//26
f 3367//79 3369//79 1721//79
f 64//26 623//26 1129//26
f 1129//26 3366//26 1128//26
f 623//79 622//79 3366//79
f 3366//79 3368//79 3367//79
f 3368//166 622//166 1719//166
f 3369//166 3368//166 1718//166
f 1718//26 3371//26 393//26
f 3371//79 3373//79 1723//79
f 206//26 1060//26 1719//26
f 1719//26 3370//26 1718//26
f 1060//79 1061//79 3370//79
f 3370//79 3372//79 3371//79
f 3372//166 1061//166 1123//166
f 3373//166 3372//166 1122//166
f 20//2048 697//2048 503//2048
f 503//514 3375//514 502//514
f 696//251 243//251 3374//251
f 697//1364 696//1364 3375//1364
f 3374//1359 1729//1359 3376//1359
f 3375//1362 3374//1362 3377//1362
f 1728//1358 394//1358 3376//1358
f 3376//1361 1724//1361 3377//1361
f 1134//3248 3379//3248 243//3248
f 3379//3249 3381//3249 1729//3249
f 43//80 1133//80 1135//80
f 1135//3250 3378//3250 1134//3250
f 1133//3251 1132//3251 3378//3251
f 3378//1439 3380//1439 3379//1439
f 1132//3252 242//3252 3380//3252
f 3380//3253 1727//3253 3381//3253
f 394//3254 1726//3254 1731//3254
f 1731//2068 3383//2068 1730//2068
f 1727//1445 242//1445 3382//1445
f 1726//1445 1727//1445 3383//1445
f 3382//3255 694//3255 3384//3255
f 3383//556 3382//556 3385//556
f 3384//3256 695//3256 937//3256
f 3385//168 3384//168 936//168
f 22//169 699//169 951//169
f 951//1449 3387//1449 950//1449
f 698//3257 244//3257 3386//3257
f 699//1451 698//1451 3387//1451
f 3386//1450 1737//1450 3388//1450
f 3387//82 3386//82 3389//82
f 3388//1450 1736//1450 1732//1450
f 3389//1453 3388//1453 1733//1453
f 1136//3258 3391//3258 244//3258
f 3391//3259 3393//3259 1737//3259
f 47//82 1139//82 1137//82
f 1137//3260 3390//3260 1136//3260
f 1139//3261 1138//3261 3390//3261
f 3390//1459 3392//1459 3391//1459
f 1138//3262 245//3262 3392//3262
f 3392//3263 1735//3263 3393//3263
f 1734//1329 3395//1329 395//1329
f 3395//1328 3397//1328 1739//1328
f 1735//3230 245//3230 3394//3230
f 1734//1330 1735//1330 3395//1330
f 3394//3231 700//3231 3396//3231
f 3395//634 3394//634 3397//634
f 3396//2028 701//2028 515//2028
f 3397//1327 3396//1327 514//1327
f 18//172 695//172 939//172
f 939//35 3399//35 938//35
f 242//540 1745//540 694//540
f 694//15 3398//15 695//15
f 1745//539 1744//539 3398//539
f 3398//540 3400//540 3399//540
f 1744//539 396//539 3400//539
f 3400//15 1740//15 3401//15
f 242//15 1132//15 1745//15
f 1745//1462 3403//1462 1744//1462
f 1133//3264 43//3264 3402//3264
f 1132//15 1133//15 3403//15
f 3402//1465 1017//1465 3404//1465
f 3403//1466 3402//1466 3405//1466
f 3404//3265 1016//3265 1743//3265
f 3405//1466 3404//1466 1742//1466
f 1742//3266 3407//3266 396//3266
f 3407//1469 3409//1469 1747//1469
f 184//3267 578//3267 1743//3267
f 1743//3268 3406//3268 1742//3268
f 578//3269 579//3269 3406//3269
f 3406//1474 3408//1474 3407//1474
f 579//3270 47//3270 3408//3270
f 3408//3271 1137//3271 3409//3271
f 24//28 701//28 507//28
f 507//535 3411//535 506//535
f 245//121 1753//121 700//121
f 701//26 700//26 3411//26
f 1753//536 1752//536 3410//536
f 3411//644 3410//644 3413//644
f 1752//491 397//491 3412//491
f 3412//492 1748//492 3413//492
f 1138//198 3415//198 245//198
f 3415//283 3417//283 1753//283
f 1139//3272 47//3272 3414//3272
f 1139//3272 3414//3272 1138//3272
f 579//283 578//283 3414//283
f 3414//283 3416//283 3415//283
f 3416//3273 578//3273 1751//3273
f 3416//3273 1751//3273 3417//3273
f 397//26 1750//26 1755//26
f 1755//283 3419//283 1754//283
f 184//79 1016//79 1751//79
f 1750//198 1751//198 3419//198
f 3418//283 1016//283 3420//283
f 3419//283 3418//283 3421//283
f 3420//3273 1017//3273 1135//3273
f 3421//2549 3420//2549 1134//2549
f 28//1196 705//1196 527//1196
f 527//1088 3423//1088 526//1088
f 247//112 1761//112 704//112
f 705//1090 704//1090 3423//1090
f 1761//447 1760//447 3422//447
f 3423//1226 3422//1226 3425//1226
f 1760//1085 398//1085 3424//1085
f 3425//3154 3424//3154 1757//3154
f 247//3274 1142//3274 1761//3274
f 1761//3275 3427//3275 1760//3275
f 33//3276 1141//3276 1143//3276
f 1143//957 3426//957 1142//957
f 1141//1494 1140//1494 3426//1494
f 3426//1487 3428//1487 3427//1487
f 1140//3277 246//3277 3428//3277
f 3428//1489 1759//1489 3429//1489
f 1758//3278 3431//3278 398//3278
f 3431//3279 3433//3279 1763//3279
f 1759//3280 246//3280 3430//3280
f 1758//3281 1759//3281 3431//3281
f 3430//3282 702//3282 3432//3282
f 3431//1495 3430//1495 3433//1495
f 3432//3283 703//3283 961//3283
f 3433//945 3432//945 960//945
f 37//3284 715//3284 999//3284
f 999//3285 3435//3285 998//3285
f 714//3286 252//3286 3434//3286
f 715//3287 714//3287 3435//3287
f 3434//3288 1769//3288 3436//3288
f 3435//1503 3434//1503 3437//1503
f 3436//3289 1768//3289 1764//3289
f 3436//3290 1764//3290 3437//3290
f 1152//3291 3439//3291 252//3291
f 3439//3292 3441//3292 1769//3292
f 74//3293 1155//3293 1153//3293
f 1153//3294 3438//3294 1152//3294
f 1155//3295 1154//3295 3438//3295
f 3438//1511 3440//1511 3439//1511
f 3440//3296 1154//3296 1767//3296
f 3441//3297 3440//3297 1766//3297
f 1766//1198 3443//1198 399//1198
f 1771//3298 3443//3298 1770//3298
f 253//129 716//129 1767//129
f 1767//1068 3442//1068 1766//1068
f 3442//1062 716//1062 3444//1062
f 3443//1516 3442//1516 3445//1516
f 3444//3299 717//3299 563//3299
f 3445//3300 3444//3300 562//3300
f 26//3273 703//3273 1147//3273
f 1147//550 3447//550 1146//550
f 702//2805 246//2805 3446//2805
f 703//173 702//173 3447//173
f 3446//461 1777//461 3448//461
f 3447//407 3446//407 3449//407
f 3448//3301 1776//3301 1772//3301
f 3449//3302 3448//3302 1773//3302
f 1140//3303 3451//3303 246//3303
f 3451//1145 3453//1145 1777//1145
f 33//3304 1145//3304 1141//3304
f 1141//173 3450//173 1140//173
f 1145//1142 1144//1142 3450//1142
f 3450//1521 3452//1521 3451//1521
f 1144//3305 248//3305 3452//3305
f 3452//3306 1775//3306 3453//3306
f 400//212 1774//212 1779//212
f 1779//1145 3455//1145 1778//1145
f 1775//34 248//34 3454//34
f 1774//173 1775//173 3455//173
f 3454//1147 706//1147 3456//1147
f 3455//1521 3454//1521 3457//1521
f 3456//3305 707//3305 1153//3305
f 3457//3307 3456//3307 1152//3307
f 27//1041 523//1041 1149//1041
f 1149//3167 3459//3167 1148//3167
f 156//105 1785//105 522//105
f 523//3109 522//3109 3459//3109
f 1785//466 1784//466 3458//466
f 3459//1040 3458//1040 3461//1040
f 1784//1037 401//1037 3460//1037
f 3461//1039 3460//1039 1781//1039
f 156//3308 960//3308 1785//3308
f 1785//1535 3463//1535 1784//1535
f 26//3309 1147//3309 961//3309
f 961//3310 3462//3310 960//3310
f 1147//1538 1146//1538 3462//1538
f 3462//1531 3464//1531 3463//1531
f 1146//3311 249//3311 3464//3311
f 3464//3312 1783//3312 3465//3312
f 1782//3313 3467//3313 401//3313
f 3467//3314 3469//3314 1787//3314
f 1783//3315 249//3315 3466//3315
f 1782//1022 1783//1022 3467//1022
f 3466//3316 708//3316 3468//3316
f 3467//1539 3466//1539 3469//1539
f 3468//3317 709//3317 999//3317
f 3469//3318 3468//3318 998//3318
f 28//27 527//27 1151//27
f 1151//315 3471//315 1150//315
f 526//147 158//147 3470//147
f 527//310 526//310 3471//310
f 3470//352 1793//352 3472//352
f 3471//319 3470//319 3473//319
f 3472//2660 1792//2660 1788//2660
f 3473//2652 3472//2652 1789//2652
f 964//844 3475//844 158//844
f 3475//927 3477//927 1793//927
f 27//1773 1149//1773 965//1773
f 965//310 3474//310 964//310
f 1149//658 1148//658 3474//658
f 3474//930 3476//930 3475//930
f 1148//3060 250//3060 3476//3060
f 3476//2977 1791//2977 3477//2977
f 402//246 1790//246 1795//246
f 1795//927 3479//927 1794//927
f 1791//146 250//146 3478//146
f 1790//310 1791//310 3479//310
f 3478//663 710//663 3480//663
f 3479//930 3478//930 3481//930
f 3480//3060 711//3060 1001//3060
f 3481//3061 3480//3061 1000//3061
f 39//924 717//924 713//924
f 713//471 3483//471 712//471
f 253//89 1801//89 716//89
f 717//1057 716//1057 3483//1057
f 1801//474 1800//474 3482//474
f 3483//1209 3482//1209 3485//1209
f 1800//1050 403//1050 3484//1050
f 3485//1053 3484//1053 1797//1053
f 253//3319 1154//3319 1801//3319
f 1801//1554 3487//1554 1800//1554
f 74//3320 707//3320 1155//3320
f 1155//3321 3486//3321 1154//3321
f 707//1557 706//1557 3486//1557
f 3486//1550 3488//1550 3487//1550
f 706//3322 248//3322 3488//3322
f 3488//3323 1799//3323 3489//3323
f 1798//3324 3491//3324 403//3324
f 3491//3325 3493//3325 1803//3325
f 1799//3326 248//3326 3490//3326
f 1798//998 1799//998 3491//998
f 3490//3327 1144//3327 3492//3327
f 3491//1558 3490//1558 3493//1558
f 3492//3328 1145//3328 1143//3328
f 3493//3329 3492//3329 1142//3329
f 721//3330 3495//3330 49//3330
f 3495//3331 3497//3331 725//3331
f 255//3332 1809//3332 720//3332
f 720//3333 3494//3333 721//3333
f 1809//3334 1808//3334 3494//3334
f 3494//3335 3496//3335 3495//3335
f 1808//302 404//302 3496//302
f 3496//562 1804//562 3497//562
f 255//156 1158//156 1809//156
f 1809//3336 3499//3336 1808//3336
f 53//2048 1157//2048 1159//2048
f 1159//3337 3498//3337 1158//3337
f 1157//1110 1156//1110 3498//1110
f 3498//3338 3500//3338 3499//3338
f 1156//3339 254//3339 3500//3339
f 3500//3340 1807//3340 3501//3340
f 1806//3341 3503//3341 404//3341
f 3503//3342 3505//3342 1811//3342
f 1807//3343 254//3343 3502//3343
f 1807//3344 3502//3344 1806//3344
f 3502//3345 718//3345 3504//3345
f 3503//3346 3502//3346 3505//3346
f 3504//3347 719//3347 1161//3347
f 3505//3348 3504//3348 1160//3348
f 50//77 727//77 1169//77
f 1169//3349 3507//3349 1168//3349
f 726//3350 258//3350 3506//3350
f 727//3351 726//3351 3507//3351
f 3506//3352 1817//3352 3508//3352
f 3507//3353 3506//3353 3509//3353
f 1816//3354 405//3354 3508//3354
f 3508//3355 1812//3355 3509//3355
f 1164//3089 3511//3089 258//3089
f 3511//3356 3513//3356 1817//3356
f 56//1410 1167//1410 1165//1410
f 1165//3085 3510//3085 1164//3085
f 1167//3357 1166//3357 3510//3357
f 3510//3358 3512//3358 3511//3358
f 3512//3359 1166//3359 1815//3359
f 3513//3360 3512//3360 1814//3360
f 1814//3361 3515//3361 405//3361
f 3515//1593 3517//1593 1819//1593
f 259//3362 728//3362 1815//3362
f 1815//570 3514//570 1814//570
f 728//3363 729//3363 3514//3363
f 3514//3364 3516//3364 3515//3364
f 729//3365 52//3365 3516//3365
f 3516//3366 733//3366 3517//3366
f 48//51 719//51 1035//51
f 1035//550 3519//550 1034//550
f 718//214 254//214 3518//214
f 719//492 718//492 3519//492
f 3518//461 1825//461 3520//461
f 3519//407 3518//407 3521//407
f 3520//3166 1824//3166 1820//3166
f 3521//2770 3520//2770 1821//2770
f 1156//537 3523//537 254//537
f 3523//1145 3525//1145 1825//1145
f 53//34 1051//34 1157//34
f 1157//492 3522//492 1156//492
f 1051//1142 1050//1142 3522//1142
f 3522//1143 3524//1143 3523//1143
f 1050//3101 201//3101 3524//3101
f 3524//2556 1823//2556 3525//2556
f 406//491 1822//491 1827//491
f 1827//1139 3527//1139 1826//1139
f 1823//213 201//213 3526//213
f 1822//492 1823//492 3527//492
f 3526//1147 612//1147 3528//1147
f 3527//1143 3526//1143 3529//1143
f 3528//3367 613//3367 1165//3367
f 3529//3102 3528//3102 1164//3102
f 54//3368 723//3368 1055//3368
f 1055//1604 3531//1604 1054//1604
f 722//3369 256//3369 3530//3369
f 723//3370 722//3370 3531//3370
f 3530//571 1833//571 3532//571
f 3531//571 3530//571 3533//571
f 3532//3371 1832//3371 1828//3371
f 3533//3372 3532//3372 1829//3372
f 256//3373 1160//3373 1833//3373
f 1833//1618 3535//1618 1832//1618
f 48//3374 1035//3374 1161//3374
f 1161//3375 3534//3375 1160//3375
f 1035//3376 1034//3376 3534//3376
f 3534//1614 3536//1614 3535//1614
f 1034//3377 193//3377 3536//3377
f 3536//3378 1831//3378 3537//3378
f 1830//3379 3539//3379 407//3379
f 3539//3380 3541//3380 1835//3380
f 1831//3381 193//3381 3538//3381
f 1830//3382 1831//3382 3539//3382
f 3538//3383 596//3383 3540//3383
f 3539//1622 3538//1622 3541//1622
f 3540//3384 597//3384 1169//3384
f 3541//3385 3540//3385 1168//3385
f 725//16 3543//16 49//16
f 3543//16 3545//16 1041//16
f 257//16 1841//16 724//16
f 724//576 3542//576 725//576
f 1841//16 1840//16 3542//16
f 3542//576 3544//576 3543//576
f 1840//16 408//16 3544//16
f 3544//16 1836//16 3545//16
f 1162//16 3547//16 257//16
f 3547//16 3549//16 1841//16
f 54//16 1055//16 1163//16
f 1163//16 3546//16 1162//16
f 1055//16 1054//16 3546//16
f 3546//16 3548//16 3547//16
f 1054//16 203//16 3548//16
f 3548//16 1839//16 3549//16
f 1838//16 3551//16 408//16
f 3551//16 3553//16 1843//16
f 203//16 616//16 1839//16
f 1839//16 3550//16 1838//16
f 616//16 617//16 3550//16
f 3550//16 3552//16 3551//16
f 617//16 58//16 3552//16
f 3552//16 1171//16 3553//16
f 52//42 729//42 603//42
f 603//1626 3555//1626 602//1626
f 728//3386 259//3386 3554//3386
f 729//3387 728//3387 3555//3387
f 3554//580 1849//580 3556//580
f 3555//421 3554//421 3557//421
f 3556//3388 1848//3388 1844//3388
f 3557//3389 3556//3389 1845//3389
f 259//328 1166//328 1849//328
f 1849//1182 3559//1182 1848//1182
f 56//3390 613//3390 1167//3390
f 1167//3391 3558//3391 1166//3391
f 613//1185 612//1185 3558//1185
f 3558//1179 3560//1179 3559//1179
f 612//3126 201//3126 3560//3126
f 3560//3127 1847//3127 3561//3127
f 1846//3128 3563//3128 409//3128
f 3563//3129 3565//3129 1851//3129
f 1847//2653 201//2653 3562//2653
f 1846//1049 1847//1049 3563//1049
f 3562//3130 1050//3130 3564//3130
f 3563//1186 3562//1186 3565//1186
f 3564//3392 1051//3392 1159//3392
f 3565//3132 3564//3132 1158//3132
f 737//3393 3567//3393 33//3393
f 3567//3394 3569//3394 1141//3394
f 736//3395 263//3395 3566//3395
f 737//3396 736//3396 3567//3396
f 3566//3397 1857//3397 3568//3397
f 3567//3398 3566//3398 3569//3398
f 3568//3399 1856//3399 1852//3399
f 3569//3400 3568//3400 1853//3400
f 1174//1645 3571//1645 263//1645
f 3571//3401 3573//3401 1857//3401
f 1175//3402 75//3402 3570//3402
f 1175//3403 3570//3403 1174//3403
f 3570//3404 1173//3404 3572//3404
f 3570//1647 3572//1647 3571//1647
f 3572//3405 1172//3405 1855//3405
f 3572//3406 1855//3406 3573//3406
f 1854//3407 3575//3407 410//3407
f 3575//3408 3577//3408 1859//3408
f 1855//3409 262//3409 3574//3409
f 1854//3410 1855//3410 3575//3410
f 3574//3411 734//3411 3576//3411
f 3575//1655 3574//1655 3577//1655
f 3576//3412 735//3412 1179//3412
f 3577//3413 3576//3413 1178//3413
f 80//3414 745//3414 1185//3414
f 1185//3415 3579//3415 1184//3415
f 744//3416 267//3416 3578//3416
f 745//3417 744//3417 3579//3417
f 3578//3418 1865//3418 3580//3418
f 3579//1663 3578//1663 3581//1663
f 3580//3419 1864//3419 1860//3419
f 3580//3420 1860//3420 3581//3420
f 267//3421 1182//3421 1865//3421
f 3583//3422 3585//3422 1865//3422
f 1183//3423 71//3423 3582//3423
f 1182//3424 1183//3424 3583//3424
f 1091//1667 1090//1667 3582//1667
f 3582//1670 3584//1670 3583//1670
f 1090//3425 221//3425 3584//3425
f 3584//3426 1863//3426 3585//3426
f 411//178 1862//178 1867//178
f 1867//3427 3587//3427 1866//3427
f 1863//3428 221//3428 3586//3428
f 1862//2800 1863//2800 3587//2800
f 3586//3429 652//3429 3588//3429
f 3587//1678 3586//1678 3589//1678
f 653//3430 74//3430 3588//3430
f 3588//3431 1153//3431 3589//3431
f 68//3273 735//3273 1181//3273
f 1181//2769 3591//2769 1180//2769
f 734//2805 262//2805 3590//2805
f 735//173 734//173 3591//173
f 3590//406 1873//406 3592//406
f 3591//601 3590//601 3593//601
f 3592//2807 1872//2807 1868//2807
f 3593//3432 3592//3432 1869//3432
f 1172//173 3595//173 262//173
f 3595//1690 3597//1690 1873//1690
f 75//79 1177//79 1173//79
f 1173//494 3594//494 1172//494
f 1177//1690 1176//1690 3594//1690
f 3594//1690 3596//1690 3595//1690
f 3596//3433 1176//3433 1871//3433
f 3596//3434 1871//3434 3597//3434
f 412//492 1870//492 1875//492
f 1875//3435 3599//3435 1874//3435
f 264//79 738//79 1871//79
f 1870//173 1871//173 3599//173
f 3598//1689 738//1689 3600//1689
f 3599//1690 3598//1690 3601//1690
f 3600//3436 739//3436 1183//3436
f 3601//3437 3600//3437 1182//3437
f 741//3438 3603//3438 26//3438
f 3603//3439 3605//3439 1147//3439
f 740//3440 265//3440 3602//3440
f 741//745 740//745 3603//745
f 3602//3441 1881//3441 3604//3441
f 3603//1697 3602//1697 3605//1697
f 3604//3442 1880//3442 1876//3442
f 3605//3443 3604//3443 1877//3443
f 265//3444 1178//3444 1881//3444
f 1881//1708 3607//1708 1880//1708
f 68//3445 1181//3445 1179//3445
f 1179//3310 3606//3310 1178//3310
f 1181//1710 1180//1710 3606//1710
f 3606//1705 3608//1705 3607//1705
f 1180//3446 266//3446 3608//3446
f 3608//3312 1879//3312 3609//3312
f 1878//3447 3611//3447 413//3447
f 3611//3448 3613//3448 1883//3448
f 1879//3449 266//3449 3610//3449
f 1878//1022 1879//1022 3611//1022
f 3610//3450 742//3450 3612//3450
f 3611//1711 3610//1711 3613//1711
f 3612//3451 743//3451 1185//3451
f 3613//3318 3612//3318 1184//3318
f 653//3452 3615//3452 74//3452
f 3615//3453 3617//3453 707//3453
f 652//3454 221//3454 3614//3454
f 653//748 652//748 3615//748
f 3614//3455 1889//3455 3616//3455
f 3615//1718 3614//1718 3617//1718
f 3616//3456 1888//3456 1884//3456
f 3617//3457 3616//3457 1885//3457
f 221//3120 1090//3120 1889//3120
f 1889//1722 3619//1722 1888//1722
f 1091//329 71//329 3618//329
f 1090//3458 1091//3458 3619//3458
f 3618//1722 739//1722 3620//1722
f 3619//1722 3618//1722 3621//1722
f 3620//3459 738//3459 1887//3459
f 3621//3460 3620//3460 1886//3460
f 1886//329 3623//329 414//329
f 3623//1722 3625//1722 1891//1722
f 264//3461 1176//3461 1887//3461
f 1887//3462 3622//3462 1886//3462
f 1176//1722 1177//1722 3622//1722
f 3622//1722 3624//1722 3623//1722
f 1177//3463 75//3463 3624//3463
f 3624//3460 1175//3460 3625//3460
f 106//3464 771//3464 1205//3464
f 1205//618 3627//618 1204//618
f 280//105 1897//105 770//105
f 771//3232 770//3232 3627//3232
f 1897//3233 1896//3233 3626//3233
f 3627//1729 3626//1729 3629//1729
f 1896//3465 415//3465 3628//3465
f 3629//3466 3628//3466 1893//3466
f 280//3169 1208//3169 1897//3169
f 1897//1738 3631//1738 1896//1738
f 105//3467 1207//3467 1209//3467
f 1209//3232 3630//3232 1208//3232
f 1207//1772 1206//1772 3630//1772
f 3630//1735 3632//1735 3631//1735
f 1206//3468 279//3468 3632//3468
f 3632//3469 1895//3469 3633//3469
f 1894//3470 3635//3470 415//3470
f 3635//3471 3637//3471 1899//3471
f 1895//1266 279//1266 3634//1266
f 1894//2760 1895//2760 3635//2760
f 3634//3472 768//3472 3636//3472
f 3635//1742 3634//1742 3637//1742
f 3636//3473 769//3473 1203//3473
f 3637//3474 3636//3474 1202//3474
f 761//3475 3639//3475 105//3475
f 1209//623 3639//623 1208//623
f 275//3476 1905//3476 760//3476
f 760//512 3638//512 761//512
f 3638//3477 1905//3477 3640//3477
f 3639//1748 3638//1748 3641//1748
f 3640//3478 1904//3478 1900//3478
f 3641//3479 3640//3479 1901//3479
f 1198//3480 3643//3480 275//3480
f 3643//3481 3645//3481 1905//3481
f 100//1236 1201//1236 1199//1236
f 1199//1364 3642//1364 1198//1364
f 1201//1387 1200//1387 3642//1387
f 3642//1755 3644//1755 3643//1755
f 3644//3482 1200//3482 1903//3482
f 3645//3483 3644//3483 1902//3483
f 1902//3219 3647//3219 416//3219
f 1907//1751 3647//1751 1906//1751
f 276//543 762//543 1903//543
f 1903//1357 3646//1357 1902//1357
f 3646//3220 762//3220 3648//3220
f 3647//1388 3646//1388 3649//1388
f 3648//3484 763//3484 1195//3484
f 3649//3222 3648//3222 1194//3222
f 99//22 753//22 1193//22
f 1193//538 3651//538 1192//538
f 271//2915 1913//2915 752//2915
f 753//3223 752//3223 3651//3223
f 1913//525 1912//525 3650//525
f 3651//1394 3650//1394 3653//1394
f 1912//3485 417//3485 3652//3485
f 3653//3225 3652//3225 1909//3225
f 271//134 1190//134 1913//134
f 1913//1406 3655//1406 1912//1406
f 102//3486 1211//3486 1191//3486
f 1191//3223 3654//3223 1190//3223
f 1211//1409 1210//1409 3654//1409
f 3654//1342 3656//1342 3655//1342
f 1210//3487 281//3487 3656//3487
f 3656//3488 1911//3488 3657//3488
f 417//160 1910//160 1915//160
f 1915//3489 3659//3489 1914//3489
f 281//3490 772//3490 1911//3490
f 1910//2824 1911//2824 3659//2824
f 772//3491 773//3491 3658//3491
f 3659//526 3658//526 3661//526
f 773//3492 101//3492 3660//3492
f 3661//3493 3660//3493 1202//3493
f 103//1041 763//1041 1189//1041
f 1189//529 3663//529 1188//529
f 276//105 1921//105 762//105
f 763//3232 762//3232 3663//3232
f 1921//532 1920//532 3662//532
f 3663//1729 3662//1729 3665//1729
f 1920//3465 418//3465 3664//3465
f 3665//3466 3664//3466 1917//3466
f 276//3169 1200//3169 1921//3169
f 1921//1738 3667//1738 1920//1738
f 100//3467 1197//3467 1201//3467
f 1201//3232 3666//3232 1200//3232
f 1197//1772 1196//1772 3666//1772
f 3666//1735 3668//1735 3667//1735
f 1196//3494 274//3494 3668//3494
f 3668//3469 1919//3469 3669//3469
f 1918//3470 3671//3470 418//3470
f 3671//3471 3673//3471 1923//3471
f 1919//1266 274//1266 3670//1266
f 1918//2760 1919//2760 3671//2760
f 3670//3472 758//3472 3672//3472
f 3671//1742 3670//1742 3673//1742
f 3672//3473 759//3473 1191//3473
f 3673//3474 3672//3474 1190//3474
f 757//1773 3675//1773 106//1773
f 3675//749 3677//749 1205//749
f 756//2118 273//2118 3674//2118
f 756//310 3674//310 757//310
f 3674//1316 1929//1316 3676//1316
f 3675//312 3674//312 3677//312
f 3676//108 1928//108 1924//108
f 3677//334 3676//334 1925//334
f 273//844 1194//844 1929//844
f 1929//828 3679//828 1928//828
f 103//1773 1189//1773 1195//1773
f 1195//845 3678//845 1194//845
f 1189//829 1188//829 3678//829
f 3678//640 3680//640 3679//640
f 3680//211 1188//211 1927//211
f 3681//334 3680//334 1926//334
f 1926//145 3683//145 419//145
f 3683//1316 3685//1316 1931//1316
f 270//637 750//637 1927//637
f 1927//310 3682//310 1926//310
f 3682//488 750//488 3684//488
f 3683//312 3682//312 3685//312
f 3684//487 751//487 1193//487
f 3685//85 3684//85 1192//85
f 773//14 3687//14 101//14
f 3687//751 3689//751 769//751
f 772//1312 281//1312 3686//1312
f 772//197 3686//197 773//197
f 3686//1311 1937//1311 3688//1311
f 3687//494 3686//494 3689//494
f 3688//1319 1936//1319 1932//1319
f 3689//492 3688//492 1933//492
f 281//408 1210//408 1937//408
f 1937//1313 3691//1313 1936//1313
f 102//14 759//14 1211//14
f 1211//26 3690//26 1210//26
f 759//1318 758//1318 3690//1318
f 3690//644 3692//644 3691//644
f 3692//212 758//212 1935//212
f 3693//492 3692//492 1934//492
f 1934//148 3695//148 420//148
f 3695//1311 3697//1311 1939//1311
f 274//641 1196//641 1935//641
f 1935//197 3694//197 1934//197
f 3694//493 1196//493 3696//493
f 3695//494 3694//494 3697//494
f 3696//491 1197//491 1199//491
f 3697//166 3696//166 1198//166
f 112//3464 785//3464 1219//3464
f 1219//618 3699//618 1218//618
f 287//105 1945//105 784//105
f 785//3232 784//3232 3699//3232
f 1945//532 1944//532 3698//532
f 3699//1729 3698//1729 3701//1729
f 1944//3465 421//3465 3700//3465
f 3701//3466 3700//3466 1941//3466
f 287//3495 1222//3495 1945//3495
f 1945//1738 3703//1738 1944//1738
f 111//3496 1221//3496 1223//3496
f 1223//3232 3702//3232 1222//3232
f 1221//3497 1220//3497 3702//3497
f 3702//1779 3704//1779 3703//1779
f 1220//3498 286//3498 3704//3498
f 3704//3499 1943//3499 3705//3499
f 1942//3470 3707//3470 421//3470
f 3707//3500 3709//3500 1947//3500
f 1943//1266 286//1266 3706//1266
f 1942//2760 1943//2760 3707//2760
f 3706//3501 782//3501 3708//3501
f 3707//3502 3706//3502 3709//3502
f 3708//3503 783//3503 1217//3503
f 3709//3504 3708//3504 1216//3504
f 787//14 3711//14 108//14
f 3711//751 3713//751 783//751
f 786//1312 288//1312 3710//1312
f 786//197 3710//197 787//197
f 3710//1311 1953//1311 3712//1311
f 3711//494 3710//494 3713//494
f 3712//1319 1952//1319 1948//1319
f 3713//492 3712//492 1949//492
f 288//408 1224//408 1953//408
f 1953//1313 3715//1313 1952//1313
f 109//14 775//14 1225//14
f 1225//26 3714//26 1224//26
f 775//1318 774//1318 3714//1318
f 3714//644 3716//644 3715//644
f 3716//212 774//212 1951//212
f 3717//492 3716//492 1950//492
f 1950//148 3719//148 422//148
f 3719//1311 3721//1311 1955//1311
f 282//641 1212//641 1951//641
f 1951//197 3718//197 1950//197
f 3718//493 1212//493 3720//493
f 3719//494 3718//494 3721//494
f 3720//491 1213//491 1215//491
f 3721//166 3720//166 1214//166
f 120//3464 809//3464 1237//3464
f 1237//618 3723//618 1236//618
f 296//105 1961//105 808//105
f 809//3232 808//3232 3723//3232
f 1961//532 1960//532 3722//532
f 3723//1729 3722//1729 3725//1729
f 1960//3234 423//3234 3724//3234
f 3725//3466 3724//3466 1957//3466
f 296//3169 1240//3169 1961//3169
f 1961//1738 3727//1738 1960//1738
f 119//3467 1239//3467 1241//3467
f 1241//3232 3726//3232 1240//3232
f 1239//1741 1238//1741 3726//1741
f 3726//1735 3728//1735 3727//1735
f 1238//3494 295//3494 3728//3494
f 3728//3469 1959//3469 3729//3469
f 1958//3470 3731//3470 423//3470
f 3731//3471 3733//3471 1963//3471
f 1959//1266 295//1266 3730//1266
f 1958//2760 1959//2760 3731//2760
f 3730//3472 806//3472 3732//3472
f 3731//1742 3730//1742 3733//1742
f 3732//3473 807//3473 1235//3473
f 3733//3474 3732//3474 1234//3474
f 799//3505 3735//3505 119//3505
f 1241//647 3735//647 1240//647
f 291//3476 1969//3476 798//3476
f 798//3506 3734//3506 799//3506
f 3734//3507 1969//3507 3736//3507
f 3735//1790 3734//1790 3737//1790
f 3736//3508 1968//3508 1964//3508
f 3737//3509 3736//3509 1965//3509
f 1230//3510 3739//3510 291//3510
f 3739//3511 3741//3511 1969//3511
f 114//1236 1233//1236 1231//1236
f 1231//3512 3738//3512 1230//3512
f 1233//1387 1232//1387 3738//1387
f 3738//1796 3740//1796 3739//1796
f 3740//3513 1232//3513 1967//3513
f 3741//3514 3740//3514 1966//3514
f 424//1076 1966//1076 1971//1076
f 1971//1376 3743//1376 1970//1376
f 1967//3515 292//3515 3742//3515
f 1966//1801 1967//1801 3743//1801
f 3742//3516 800//3516 3744//3516
f 3743//1803 3742//1803 3745//1803
f 3744//3517 801//3517 1227//3517
f 3745//218 3744//218 1226//218
f 811//14 3747//14 115//14
f 3747//751 3749//751 807//751
f 810//1312 297//1312 3746//1312
f 810//197 3746//197 811//197
f 3746//1311 1977//1311 3748//1311
f 3747//494 3746//494 3749//494
f 3748//1319 1976//1319 1972//1319
f 3749//492 3748//492 1973//492
f 297//408 1242//408 1977//408
f 1977//1313 3751//1313 1976//1313
f 116//14 797//14 1243//14
f 1243//26 3750//26 1242//26
f 797//1318 796//1318 3750//1318
f 3750//644 3752//644 3751//644
f 3752//212 796//212 1975//212
f 3753//492 3752//492 1974//492
f 1974//148 3755//148 425//148
f 3755//1311 3757//1311 1979//1311
f 290//641 1228//641 1975//641
f 1975//197 3754//197 1974//197
f 3754//493 1228//493 3756//493
f 3755//494 3754//494 3757//494
f 3756//491 1229//491 1231//491
f 3757//166 3756//166 1230//166
f 813//3518 3759//3518 68//3518
f 3759//3519 3761//3519 1181//3519
f 812//3520 298//3520 3758//3520
f 813//3521 812//3521 3759//3521
f 3758//3522 1985//3522 3760//3522
f 3759//3523 3758//3523 3761//3523
f 3760//3524 1984//3524 1980//3524
f 3760//3525 1980//3525 3761//3525
f 298//3526 1244//3526 1985//3526
f 1985//1822 3763//1822 1984//1822
f 51//3527 1081//3527 1245//3527
f 1244//3528 1245//3528 3763//3528
f 1081//1825 1080//1825 3762//1825
f 3762//3529 3764//3529 3763//3529
f 1080//3530 216//3530 3764//3530
f 3764//3531 1983//3531 3765//3531
f 1982//3532 3767//3532 426//3532
f 3767//3533 3769//3533 1987//3533
f 1983//3534 216//3534 3766//3534
f 1982//3535 1983//3535 3767//3535
f 3766//3536 642//3536 3768//3536
f 3767//3537 3766//3537 3769//3537
f 3768//3538 643//3538 1247//3538
f 3768//3539 1247//3539 3769//3539
f 42//60 825//60 1015//60
f 1015//707 3783//707 1014//707
f 824//3540 304//3540 3782//3540
f 825//3541 824//3541 3783//3541
f 3782//710 2017//710 3784//710
f 3783//711 3782//711 3785//711
f 3784//3542 2016//3542 2012//3542
f 3785//3543 3784//3543 2013//3543
f 304//3544 1256//3544 2017//3544
f 2017//1933 3787//1933 2016//1933
f 18//3545 939//3545 1257//3545
f 1256//3546 1257//3546 3787//3546
f 939//1936 938//1936 3786//1936
f 3787//1929 3786//1929 3789//1929
f 938//3547 145//3547 3788//3547
f 3788//3548 2015//3548 3789//3548
f 2014//3549 3791//3549 427//3549
f 3791//3550 3793//3550 2019//3550
f 2015//3551 145//3551 3790//3551
f 2014//3552 2015//3552 3791//3552
f 3790//3553 500//3553 3792//3553
f 3790//1937 3792//1937 3791//1937
f 3792//3554 501//3554 1253//3554
f 3792//3555 1253//3555 3793//3555
f 857//3556 3795//3556 92//3556
f 3795//3557 3797//3557 791//3557
f 856//3558 320//3558 3794//3558
f 857//3559 856//3559 3795//3559
f 3794//3560 2025//3560 3796//3560
f 3795//1945 3794//1945 3797//1945
f 3796//3561 2024//3561 2020//3561
f 3797//3562 3796//3562 2021//3562
f 320//3563 1288//3563 2025//3563
f 2025//1957 3799//1957 2024//1957
f 97//59 1187//59 1289//59
f 1289//3564 3798//3564 1288//3564
f 1187//954 1186//954 3798//954
f 3798//1953 3800//1953 3799//1953
f 1186//2988 269//2988 3800//2988
f 3800//1955 2023//1955 3801//1955
f 2022//3565 3803//3565 428//3565
f 3803//3566 3805//3566 2027//3566
f 2023//3567 269//3567 3802//3567
f 2022//1959 2023//1959 3803//1959
f 3802//3568 748//3568 3804//3568
f 3803//1960 3802//1960 3805//1960
f 3804//3569 749//3569 1285//3569
f 3805//3570 3804//3570 1284//3570
f 95//2210 465//2210 1261//2210
f 1261//3295 3807//3295 1260//3295
f 464//2999 122//2999 3806//2999
f 465//3007 464//3007 3807//3007
f 3806//3571 2033//3571 3808//3571
f 3807//1966 3806//1966 3809//1966
f 3808//3572 2032//3572 2028//3572
f 3808//3573 2028//3573 3809//3573
f 886//3004 3811//3004 122//3004
f 3811//3574 3813//3574 2033//3574
f 96//2233 1291//2233 887//2233
f 887//3007 3810//3007 886//3007
f 1291//3575 1290//3575 3810//3575
f 3810//1972 3812//1972 3811//1972
f 3812//3576 1290//3576 2031//3576
f 3813//3577 3812//3577 2030//3577
f 429//94 2030//94 2035//94
f 2035//3578 3815//3578 2034//3578
f 2031//3579 321//3579 3814//3579
f 2030//2858 2031//2858 3815//2858
f 3814//3580 858//3580 3816//3580
f 3815//3581 3814//3581 3817//3581
f 859//3582 93//3582 3816//3582
f 3816//3583 883//3583 3817//3583
f 98//3584 749//3584 1259//3584
f 1259//351 3819//351 1258//351
f 748//750 269//750 3818//750
f 749//791 748//791 3819//791
f 3818//318 2041//318 3820//318
f 3819//319 3818//319 3821//319
f 3820//2839 2040//2839 2036//2839
f 3821//2840 3820//2840 2037//2840
f 1186//66 3823//66 269//66
f 3823//655 3825//655 2041//655
f 97//2836 1287//2836 1187//2836
f 1187//791 3822//791 1186//791
f 1287//663 1286//663 3822//663
f 3822//659 3824//659 3823//659
f 1286//2834 319//2834 3824//2834
f 3824//2837 2039//2837 3825//2837
f 430//2118 2038//2118 2043//2118
f 2043//655 3827//655 2042//655
f 2039//1773 319//1773 3826//1773
f 2038//791 2039//791 3827//791
f 3826//658 854//658 3828//658
f 3827//930 3826//930 3829//930
f 3828//3017 855//3017 887//3017
f 3829//2977 3828//2977 886//2977
f 853//3585 3831//3585 94//3585
f 3831//3586 3833//3586 875//3586
f 852//3587 318//3587 3830//3587
f 853//617 852//617 3831//617
f 3830//3588 2049//3588 3832//3588
f 3831//1989 3830//1989 3833//1989
f 3832//3589 2048//3589 2044//3589
f 3833//3590 3832//3590 2045//3590
f 318//3591 1284//3591 2049//3591
f 2049//1998 3835//1998 2048//1998
f 98//3592 1259//3592 1285//3592
f 1285//3027 3834//3027 1284//3027
f 1259//2000 1258//2000 3834//2000
f 3834//996 3836//996 3835//996
f 1258//3593 305//3593 3836//3593
f 3836//3029 2047//3029 3837//3029
f 2046//3594 3839//3594 431//3594
f 3839//3595 3841//3595 2051//3595
f 2047//3596 305//3596 3838//3596
f 2046//1552 2047//1552 3839//1552
f 3838//3597 826//3597 3840//3597
f 3839//1004 3838//1004 3841//1004
f 3840//3598 827//3598 1261//3598
f 3841//3035 3840//3035 1260//3035
f 859//3599 3843//3599 93//3599
f 3843//3600 3845//3600 471//3600
f 858//3601 321//3601 3842//3601
f 859//3602 858//3602 3843//3602
f 3842//3603 2057//3603 3844//3603
f 3843//2007 3842//2007 3845//2007
f 3844//3604 2056//3604 2052//3604
f 3845//3605 3844//3605 2053//3605
f 321//3606 1290//3606 2057//3606
f 2057//2016 3847//2016 2056//2016
f 96//3607 855//3607 1291//3607
f 1291//3045 3846//3045 1290//3045
f 855//2018 854//2018 3846//2018
f 3846//1020 3848//1020 3847//1020
f 854//3608 319//3608 3848//3608
f 3848//3047 2055//3047 3849//3047
f 2054//3609 3851//3609 432//3609
f 3851//3610 3853//3610 2059//3610
f 2055//3611 319//3611 3850//3611
f 2054//1533 2055//1533 3851//1533
f 3850//3612 1286//3612 3852//3612
f 3851//1028 3850//1028 3853//1028
f 3852//3613 1287//3613 1289//3613
f 3853//3053 3852//3053 1288//3053
f 837//3599 3855//3599 86//3599
f 3855//3600 3857//3600 509//3600
f 836//3601 310//3601 3854//3601
f 837//3602 836//3602 3855//3602
f 3854//3603 2065//3603 3856//3603
f 3855//2007 3854//2007 3857//2007
f 3856//3604 2064//3604 2060//3604
f 3857//3605 3856//3605 2061//3605
f 310//3043 1268//3043 2065//3043
f 2065//1024 3859//1024 2064//1024
f 93//3044 471//3044 1269//3044
f 1269//3045 3858//3045 1268//3045
f 471//1027 470//1027 3858//1027
f 3858//1020 3860//1020 3859//1020
f 470//3046 130//3046 3860//3046
f 3860//3047 2063//3047 3861//3047
f 2062//3048 3863//3048 433//3048
f 3863//3614 3865//3614 2067//3614
f 2063//3050 130//3050 3862//3050
f 2062//1533 2063//1533 3863//1533
f 3862//3051 792//3051 3864//3051
f 3863//1028 3862//1028 3865//1028
f 3864//3052 793//3052 1267//3052
f 3865//3053 3864//3053 1266//3053
f 833//3585 3867//3585 87//3585
f 3867//3586 3869//3586 955//3586
f 832//3587 308//3587 3866//3587
f 833//617 832//617 3867//617
f 3866//3588 2073//3588 3868//3588
f 3867//1989 3866//1989 3869//1989
f 3868//3589 2072//3589 2068//3589
f 3869//3590 3868//3590 2069//3590
f 308//3025 1264//3025 2073//3025
f 2073//1000 3871//1000 2072//1000
f 94//3026 875//3026 1265//3026
f 1265//3027 3870//3027 1264//3027
f 875//1003 874//1003 3870//1003
f 3870//996 3872//996 3871//996
f 874//3028 129//3028 3872//3028
f 3872//3029 2071//3029 3873//3029
f 2070//3030 3875//3030 434//3030
f 3875//3031 3877//3031 2075//3031
f 2071//3032 129//3032 3874//3032
f 2070//1552 2071//1552 3875//1552
f 3874//3033 468//3033 3876//3033
f 3875//1004 3874//1004 3877//1004
f 3876//3034 469//3034 1263//3034
f 3877//3035 3876//3035 1262//3035
f 91//2997 467//2997 1263//2997
f 1263//2998 3879//2998 1262//2998
f 466//2999 113//2999 3878//2999
f 467//3007 466//3007 3879//3007
f 3878//3615 2081//3615 3880//3615
f 3879//963 3878//963 3881//963
f 3880//3002 2080//3002 2076//3002
f 3880//3003 2076//3003 3881//3003
f 882//3004 3883//3004 113//3004
f 3883//3005 3885//3005 2081//3005
f 93//3006 1269//3006 883//3006
f 883//3007 3882//3007 882//3007
f 1269//3008 1268//3008 3882//3008
f 3882//971 3884//971 3883//971
f 3884//3009 1268//3009 2079//3009
f 3885//3010 3884//3010 2078//3010
f 435//94 2078//94 2083//94
f 2083//3578 3887//3578 2082//3578
f 2079//3579 310//3579 3886//3579
f 2078//2858 2079//2858 3887//2858
f 3886//3580 836//3580 3888//3580
f 3887//3581 3886//3581 3889//3581
f 837//3582 86//3582 3888//3582
f 3888//3583 957//3583 3889//3583
f 835//3616 3891//3616 84//3616
f 3891//3617 3893//3617 933//3617
f 834//3618 309//3618 3890//3618
f 835//3619 834//3619 3891//3619
f 3890//3620 2089//3620 3892//3620
f 3891//1945 3890//1945 3893//1945
f 3892//3561 2088//3561 2084//3561
f 3893//3562 3892//3562 2085//3562
f 309//2987 1266//2987 2089//2987
f 2089//1957 3895//1957 2088//1957
f 92//59 791//59 1267//59
f 1267//3621 3894//3621 1266//3621
f 791//954 790//954 3894//954
f 3894//947 3896//947 3895//947
f 790//2988 131//2988 3896//2988
f 3896//2989 2087//2989 3897//2989
f 2086//2990 3899//2990 436//2990
f 3899//2991 3901//2991 2091//2991
f 2087//2992 131//2992 3898//2992
f 2086//2993 2087//2993 3899//2993
f 3898//2994 472//2994 3900//2994
f 3899//955 3898//955 3901//955
f 3900//2995 473//2995 1265//2995
f 3901//2996 3900//2996 1264//2996
f 845//96 3903//96 59//96
f 3903//3201 3905//3201 647//3201
f 844//320 314//320 3902//320
f 844//334 3902//334 845//334
f 3902//638 2097//638 3904//638
f 3903//640 3902//640 3905//640
f 3904//147 2096//147 2092//147
f 3905//845 3904//845 2093//845
f 314//313 1276//313 2097//313
f 2097//311 3907//311 2096//311
f 35//1 611//1 1277//1
f 1277//85 3906//85 1276//85
f 611//308 610//308 3906//308
f 3906//312 3908//312 3907//312
f 3908//145 610//145 2095//145
f 3909//310 3908//310 2094//310
f 2094//211 3911//211 437//211
f 3911//846 3913//846 2099//846
f 200//4 1048//4 2095//4
f 2095//334 3910//334 2094//334
f 3910//639 1048//639 3912//639
f 3911//640 3910//640 3913//640
f 3912//246 1049//246 1275//246
f 3913//845 3912//845 1274//845
f 841//2805 3915//2805 57//2805
f 3915//3202 3917//3202 1089//3202
f 840//3303 312//3303 3914//3303
f 840//492 3914//492 841//492
f 3914//642 2105//642 3916//642
f 3915//644 3914//644 3917//644
f 3916//120 2104//120 2100//120
f 3917//26 3916//26 2101//26
f 312//537 1272//537 2105//537
f 2105//536 3919//536 2104//536
f 36//34 1047//34 1273//34
f 1273//166 3918//166 1272//166
f 1047//535 1046//535 3918//535
f 3918//494 3920//494 3919//494
f 3920//148 1046//148 2103//148
f 3921//197 3920//197 2102//197
f 2102//212 3923//212 438//212
f 3923//1432 3925//1432 2107//1432
f 199//165 608//165 2103//165
f 2103//492 3922//492 2102//492
f 3922//643 608//643 3924//643
f 3923//644 3922//644 3925//644
f 3924//247 609//247 1271//247
f 3925//26 3924//26 1270//26
f 32//1410 607//1410 1271//1410
f 1271//1409 3927//1409 1270//1409
f 198//161 2113//161 606//161
f 607//527 606//527 3927//527
f 2113//1406 2112//1406 3926//1406
f 3927//634 3926//634 3929//634
f 2112//1405 439//1405 3928//1405
f 3929//1408 3928//1408 2109//1408
f 198//109 1044//109 2113//109
f 2113//525 3931//525 2112//525
f 35//33 1277//33 1045//33
f 1045//527 3930//527 1044//527
f 1277//538 1276//538 3930//538
f 3930//526 3932//526 3931//526
f 1276//3622 314//3622 3932//3622
f 3932//524 2111//524 3933//524
f 439//3623 2110//3623 2115//3623
f 2115//3624 3935//3624 2114//3624
f 314//3625 844//3625 2111//3625
f 2110//2875 2111//2875 3935//2875
f 844//3626 845//3626 3934//3626
f 3935//2037 3934//2037 3937//2037
f 845//3627 59//3627 3936//3627
f 3937//3628 3936//3628 1092//3628
f 843//3629 3939//3629 69//3629
f 1083//558 3939//558 1082//558
f 313//3630 2121//3630 842//3630
f 842//3631 3938//3631 843//3631
f 3938//3632 2121//3632 3940//3632
f 3939//2044 3938//2044 3941//2044
f 3940//3633 2120//3633 2116//3633
f 3941//3634 3940//3634 2117//3634
f 1274//3635 3943//3635 313//3635
f 3943//517 3945//517 2121//517
f 34//32 1053//32 1275//32
f 1275//520 3942//520 1274//520
f 1053//514 1052//514 3942//514
f 3942//518 3944//518 3943//518
f 3944//3215 1052//3215 2119//3215
f 3945//516 3944//516 2118//516
f 2118//1373 3947//1373 440//1373
f 2123//1353 3947//1353 2122//1353
f 202//156 614//156 2119//156
f 2119//1374 3946//1374 2118//1374
f 3946//1370 614//1370 3948//1370
f 3947//1362 3946//1362 3949//1362
f 3948//1433 615//1433 1273//1433
f 3949//1372 3948//1372 1272//1372
f 51//70 817//70 1081//70
f 1081//3636 3951//3636 1080//3636
f 300//3637 2129//3637 816//3637
f 817//3638 816//3638 3951//3638
f 2129//771 2128//771 3950//771
f 3951//3639 3950//3639 3953//3639
f 2128//3640 441//3640 3952//3640
f 3953//3641 3952//3641 2125//3641
f 1248//3642 3955//3642 300//3642
f 3955//2057 3957//2057 2129//2057
f 75//3643 1177//3643 1249//3643
f 1249//3644 3954//3644 1248//3644
f 1177//2060 1176//2060 3954//2060
f 3954//2060 3956//2060 3955//2060
f 1176//3645 264//3645 3956//3645
f 3956//3646 2127//3646 3957//3646
f 441//3647 2126//3647 2131//3647
f 2131//2057 3959//2057 2130//2057
f 2127//3648 264//3648 3958//3648
f 2126//3649 2127//3649 3959//3649
f 3958//2060 738//2060 3960//2060
f 3959//2060 3958//2060 3961//2060
f 3960//3650 739//3650 1281//3650
f 3961//3651 3960//3651 1280//3651
f 851//3652 3963//3652 75//3652
f 3963//3653 3965//3653 1249//3653
f 317//3654 2137//3654 850//3654
f 850//3655 3962//3655 851//3655
f 2137//3656 2136//3656 3962//3656
f 3962//2073 3964//2073 3963//2073
f 2136//3657 442//3657 3964//3657
f 3964//3658 2132//3658 3965//3658
f 1282//3659 3967//3659 317//3659
f 3967//3660 3969//3660 2137//3660
f 69//3661 1083//3661 1283//3661
f 1283//3662 3966//3662 1282//3662
f 1083//2088 1082//2088 3966//2088
f 3966//2081 3968//2081 3967//2081
f 3968//3663 1082//3663 2135//3663
f 3969//3664 3968//3664 2134//3664
f 2134//3665 3971//3665 442//3665
f 2139//2077 3971//2077 2138//2077
f 217//3666 644//3666 2135//3666
f 2135//3667 3970//3667 2134//3667
f 3970//3668 644//3668 3972//3668
f 3971//2089 3970//2089 3973//2089
f 3972//3669 645//3669 1087//3669
f 3973//3670 3972//3670 1086//3670
f 70//3671 655//3671 1095//3671
f 1095//3672 3975//3672 1094//3672
f 222//3673 2145//3673 654//3673
f 655//3674 654//3674 3975//3674
f 2145//3675 2144//3675 3974//3675
f 3975//2097 3974//2097 3977//2097
f 2144//3676 443//3676 3976//3676
f 3977//3677 3976//3677 2141//3677
f 222//3678 1092//3678 2145//3678
f 2145//3679 3979//3679 2144//3679
f 59//3680 1279//3680 1093//3680
f 1093//3674 3978//3674 1092//3674
f 1279//3681 1278//3681 3978//3681
f 3978//2105 3980//2105 3979//2105
f 1278//3682 315//3682 3980//3682
f 3980//3683 2143//3683 3981//3683
f 443//3623 2142//3623 2147//3623
f 2147//3684 3983//3684 2146//3684
f 315//3685 846//3685 2143//3685
f 2143//280 3982//280 2142//280
f 846//3686 847//3686 3982//3686
f 3982//2112 3984//2112 3983//2112
f 847//3687 71//3687 3984//3687
f 3984//3688 1281//3688 3985//3688
f 847//2901 3987//2901 71//2901
f 3987//789 3989//789 739//789
f 846//321 315//321 3986//321
f 847//2901 846//2901 3987//2901
f 3986//789 2153//789 3988//789
f 3987//789 3986//789 3989//789
f 3988//2902 2152//2902 2148//2902
f 3989//2836 3988//2836 2149//2836
f 315//2114 1278//2114 2153//2114
f 2153//311 3991//311 2152//311
f 59//3689 647//3689 1279//3689
f 1279//2117 3990//2117 1278//2117
f 647//828 646//828 3990//828
f 3990//312 3992//312 3991//312
f 3992//145 646//145 2151//145
f 3993//845 3992//845 2150//845
f 2150//313 3995//313 444//313
f 3995//638 3997//638 2155//638
f 218//53 1084//53 2151//53
f 2151//334 3994//334 2150//334
f 3994//3201 1084//3201 3996//3201
f 3995//640 3994//640 3997//640
f 3996//3690 1085//3690 1283//3690
f 3997//2120 3996//2120 1282//2120
f 777//3691 3999//3691 111//3691
f 1223//647 3999//647 1222//647
f 283//3476 2161//3476 776//3476
f 776//3692 3998//3692 777//3692
f 3998//3693 2161//3693 4000//3693
f 3999//2125 3998//2125 4001//2125
f 4000//3694 2160//3694 2156//3694
f 4001//3695 4000//3695 2157//3695
f 1214//3480 4003//3480 283//3480
f 4003//3481 4005//3481 2161//3481
f 107//1236 1299//1236 1215//1236
f 1215//1364 4002//1364 1214//1364
f 1299//1387 1298//1387 4002//1387
f 4002//1755 4004//1755 4003//1755
f 4004//3482 1298//3482 2159//3482
f 4005//3696 4004//3696 2158//3696
f 2158//3219 4007//3219 445//3219
f 2163//1751 4007//1751 2162//1751
f 325//543 866//543 2159//543
f 2159//1357 4006//1357 2158//1357
f 4006//3220 866//3220 4008//3220
f 4007//1388 4006//1388 4009//1388
f 4008//3484 867//3484 1297//3484
f 4009//3222 4008//3222 1296//3222
f 118//22 861//22 1295//22
f 1295//538 4011//538 1294//538
f 322//2915 2169//2915 860//2915
f 861//3223 860//3223 4011//3223
f 2169//525 2168//525 4010//525
f 4011//1394 4010//1394 4013//1394
f 2168//3224 446//3224 4012//3224
f 4013//3225 4012//3225 2165//3225
f 322//134 1292//134 2169//134
f 2169//1406 4015//1406 2168//1406
f 109//3486 1225//3486 1293//3486
f 1293//3223 4014//3223 1292//3223
f 1225//1409 1224//1409 4014//1409
f 4014//1342 4016//1342 4015//1342
f 1224//3487 288//3487 4016//3487
f 4016//3488 2167//3488 4017//3488
f 446//160 2166//160 2171//160
f 2171//3489 4019//3489 2170//3489
f 288//3490 786//3490 2167//3490
f 2166//2824 2167//2824 4019//2824
f 786//3491 787//3491 4018//3491
f 4019//3697 4018//3697 4021//3697
f 787//3698 108//3698 4020//3698
f 4021//3493 4020//3493 1216//3493
f 120//3464 867//3464 1237//3464
f 1237//618 4023//618 1236//618
f 325//105 2177//105 866//105
f 867//3232 866//3232 4023//3232
f 2177//532 2176//532 4022//532
f 4023//1729 4022//1729 4025//1729
f 2176//3465 447//3465 4024//3465
f 4025//3466 4024//3466 2173//3466
f 325//3169 1298//3169 2177//3169
f 2177//1786 4027//1786 2176//1786
f 107//3467 1213//3467 1299//3467
f 1299//3232 4026//3232 1298//3232
f 1213//1772 1212//1772 4026//1772
f 4026//1735 4028//1735 4027//1735
f 1212//3468 282//3468 4028//3468
f 4028//3469 2175//3469 4029//3469
f 2174//3470 4031//3470 447//3470
f 4031//3471 4033//3471 2179//3471
f 2175//3699 282//3699 4030//3699
f 2174//2760 2175//2760 4031//2760
f 4030//3472 774//3472 4032//3472
f 4031//1742 4030//1742 4033//1742
f 4032//3473 775//3473 1293//3473
f 4033//3474 4032//3474 1292//3474
f 865//1773 4035//1773 112//1773
f 4035//749 4037//749 1219//749
f 864//2118 324//2118 4034//2118
f 864//310 4034//310 865//310
f 4034//1316 2185//1316 4036//1316
f 4035//312 4034//312 4037//312
f 4036//108 2184//108 2180//108
f 4037//334 4036//334 2181//334
f 324//844 1296//844 2185//844
f 2185//828 4039//828 2184//828
f 120//1773 1237//1773 1297//1773
f 1297//845 4038//845 1296//845
f 1237//829 1236//829 4038//829
f 4038//640 4040//640 4039//640
f 4040//211 1236//211 2183//211
f 4041//334 4040//334 2182//334
f 2182//145 4043//145 448//145
f 4043//1316 4045//1316 2187//1316
f 294//637 804//637 2183//637
f 2183//310 4042//310 2182//310
f 4042//488 804//488 4044//488
f 4043//312 4042//312 4045//312
f 4044//487 805//487 1295//487
f 4045//85 4044//85 1294//85
f 869//3700 4050//3700 108//3700
f 4050//3701 4052//3701 783//3701
f 868//3702 326//3702 4049//3702
f 869//3703 868//3703 4050//3703
f 4049//3704 2199//3704 4051//3704
f 4050//2167 4049//2167 4052//2167
f 4051//3705 2198//3705 2194//3705
f 4052//3706 4051//3706 2195//3706
f 1300//3707 4054//3707 326//3707
f 4054//3708 4056//3708 2199//3708
f 1301//3709 95//3709 4053//3709
f 1300//3710 1301//3710 4054//3710
f 4053//3711 827//3711 4055//3711
f 4054//2175 4053//2175 4056//2175
f 4055//3712 826//3712 2197//3712
f 4056//3713 4055//3713 2196//3713
f 449//3714 2196//3714 2201//3714
f 2201//2171 4058//2171 2200//2171
f 305//3715 1258//3715 2197//3715
f 2197//3716 4057//3716 2196//3716
f 1258//2174 1259//2174 4057//2174
f 4057//2183 4059//2183 4058//2183
f 1259//3717 98//3717 4059//3717
f 4059//3718 1251//3718 4060//3718
f 823//3719 4062//3719 111//3719
f 4062//3720 4064//3720 1221//3720
f 822//3721 303//3721 4061//3721
f 823//3722 822//3722 4062//3722
f 4061//3723 2207//3723 4063//3723
f 4062//2191 4061//2191 4064//2191
f 4063//3724 2206//3724 2202//3724
f 4064//3725 4063//3725 2203//3725
f 1254//3726 4066//3726 303//3726
f 4066//3727 4068//3727 2207//3727
f 1255//3728 97//3728 4065//3728
f 1254//3729 1255//3729 4066//3729
f 4065//3730 1287//3730 4067//3730
f 4066//2199 4065//2199 4068//2199
f 4067//3731 1286//3731 2205//3731
f 4068//3732 4067//3732 2204//3732
f 450//3733 2204//3733 2209//3733
f 2209//2195 4070//2195 2208//2195
f 319//3734 854//3734 2205//3734
f 2205//3735 4069//3735 2204//3735
f 854//2198 855//2198 4069//2198
f 4069//2207 4071//2207 4070//2207
f 855//3736 96//3736 4071//3736
f 4071//3737 1303//3737 4072//3737
f 123//82 889//82 1319//82
f 1319//3738 4077//3738 1318//3738
f 888//3739 333//3739 4076//3739
f 889//1600 888//1600 4077//1600
f 2221//3740 2220//3740 4076//3740
f 4077//2239 4076//2239 4079//2239
f 2220//3741 451//3741 4078//3741
f 4078//3742 2216//3742 4079//3742
f 333//3743 1314//3743 2221//3743
f 2221//3738 4081//3738 2220//3738
f 1315//3744 127//3744 4080//3744
f 1314//3745 1315//3745 4081//3745
f 1317//3746 1316//3746 4080//3746
f 4080//2239 4082//2239 4081//2239
f 1316//3747 334//3747 4082//3747
f 4082//3748 2219//3748 4083//3748
f 2218//3749 4085//3749 451//3749
f 2223//1330 4085//1330 2222//1330
f 2219//3750 334//3750 4084//3750
f 2218//1452 2219//1452 4085//1452
f 4084//3751 890//3751 4086//3751
f 4085//2252 4084//2252 4087//2252
f 891//3752 124//3752 4086//3752
f 4087//3753 4086//3753 894//3753
f 881//79 4089//79 121//79
f 4089//79 4091//79 1305//79
f 331//79 2229//79 880//79
f 880//79 4088//79 881//79
f 2229//79 2228//79 4088//79
f 4088//79 4090//79 4089//79
f 2228//79 452//79 4090//79
f 4090//79 2224//79 4091//79
f 1310//79 4093//79 331//79
f 4093//79 4095//79 2229//79
f 125//79 1307//79 1311//79
f 1311//79 4092//79 1310//79
f 1307//79 1306//79 4092//79
f 4092//79 4094//79 4093//79
f 1306//79 329//79 4094//79
f 4094//79 2227//79 4095//79
f 2226//79 4097//79 452//79
f 4097//79 4099//79 2231//79
f 329//79 876//79 2227//79
f 2227//79 4096//79 2226//79
f 876//79 877//79 4096//79
f 4096//79 4098//79 4097//79
f 877//79 127//79 4098//79
f 4098//79 1315//79 4099//79
f 126//1041 885//1041 1309//1041
f 1309//838 4101//838 1308//838
f 332//105 2237//105 884//105
f 885//3754 884//3754 4101//3754
f 2237//841 2236//841 4100//841
f 4101//2258 4100//2258 4103//2258
f 2236//3755 453//3755 4102//3755
f 4103//3756 4102//3756 2233//3756
f 1312//3757 4105//3757 332//3757
f 4105//3758 4107//3758 2237//3758
f 121//539 1305//539 1313//539
f 1313//3759 4104//3759 1312//3759
f 1305//3760 1304//3760 4104//3760
f 4104//2266 4106//2266 4105//2266
f 1304//3761 328//3761 4106//3761
f 4106//3762 2235//3762 4107//3762
f 453//3763 2234//3763 2239//3763
f 2239//3764 4109//3764 2238//3764
f 2235//3765 328//3765 4108//3765
f 2234//3766 2235//3766 4109//3766
f 4108//3767 872//3767 4110//3767
f 4109//2266 4108//2266 4111//2266
f 4110//3768 873//3768 1319//3768
f 4111//3769 4110//3769 1318//3769
f 58//556 1323//556 1171//556
f 1171//3770 4113//3770 1170//3770
f 1322//3771 337//3771 4112//3771
f 1323//3772 1322//3772 4113//3772
f 4112//3773 2245//3773 4114//3773
f 4113//3774 4112//3774 4115//3774
f 4114//3775 2244//3775 2240//3775
f 4115//3776 4114//3776 2241//3776
f 896//3777 4117//3777 337//3777
f 4117//3778 4119//3778 2245//3778
f 123//80 889//80 897//80
f 897//3779 4116//3779 896//3779
f 889//3780 888//3780 4116//3780
f 4116//2283 4118//2283 4117//2283
f 888//2279 333//2279 4118//2279
f 4118//3781 2243//3781 4119//3781
f 454//3782 2242//3782 2247//3782
f 2247//3783 4121//3783 2246//3783
f 2243//3784 333//3784 4120//3784
f 2242//2929 2243//2929 4121//2929
f 4120//2288 1314//2288 4122//2288
f 4121//3785 4120//3785 4123//3785
f 4122//3786 1315//3786 899//3786
f 4123//3787 4122//3787 898//3787
f 58//3788 617//3788 1323//3788
f 1323//857 4125//857 1322//857
f 616//2302 203//2302 4124//2302
f 617//2302 616//2302 4125//2302
f 4124//3789 2253//3789 4126//3789
f 4125//2296 4124//2296 4127//2296
f 4126//3790 2252//3790 2248//3790
f 4127//2298 4126//2298 2249//2298
f 1054//2302 4129//2302 203//2302
f 4129//3791 4131//3791 2253//3791
f 54//3788 1327//3788 1055//3788
f 1055//2294 4128//2294 1054//2294
f 1327//2309 1326//2309 4128//2309
f 4128//2296 4130//2296 4129//2296
f 1326//3792 339//3792 4130//3792
f 4130//3793 2251//3793 4131//3793
f 455//291 2250//291 2255//291
f 2255//2300 4133//2300 2254//2300
f 2251//3794 339//3794 4132//3794
f 2250//3795 2251//3795 4133//3795
f 4132//3796 900//3796 4134//3796
f 4133//2310 4132//2310 4135//2310
f 4134//3797 901//3797 1305//3797
f 4135//292 4134//292 1304//292
f 125//82 1311//82 903//82
f 903//865 4137//865 902//865
f 1310//2316 331//2316 4136//2316
f 1311//2316 1310//2316 4137//2316
f 4136//3798 2261//3798 4138//3798
f 4137//2318 4136//2318 4139//2318
f 4138//3799 2260//3799 2256//3799
f 4139//2320 4138//2320 2257//2320
f 880//2316 4141//2316 331//2316
f 4141//3800 4143//3800 2261//3800
f 121//82 901//82 881//82
f 881//2316 4140//2316 880//2316
f 901//2329 900//2329 4140//2329
f 4140//2318 4142//2318 4141//2318
f 900//3801 339//3801 4142//3801
f 4142//2320 2259//2320 4143//2320
f 456//294 2258//294 2263//294
f 2263//2322 4145//2322 2262//2322
f 2259//3802 339//3802 4144//3802
f 2258//295 2259//295 4145//295
f 4144//3803 1326//3803 4146//3803
f 4145//869 4144//869 4147//869
f 4146//3804 1327//3804 1163//3804
f 4147//295 4146//295 1162//295
f 127//540 877//540 899//540
f 899//871 4149//871 898//871
f 876//2333 329//2333 4148//2333
f 877//2333 876//2333 4149//2333
f 4148//3805 2269//3805 4150//3805
f 4149//3806 4148//3806 4151//3806
f 4150//3807 2268//3807 2264//3807
f 4151//2337 4150//2337 2265//2337
f 1306//2341 4153//2341 329//2341
f 4153//3808 4155//3808 2269//3808
f 125//15 903//15 1307//15
f 1307//2341 4152//2341 1306//2341
f 903//2350 902//2350 4152//2350
f 4152//3809 4154//3809 4153//3809
f 902//3810 340//3810 4154//3810
f 4154//2345 2267//2345 4155//2345
f 457//3811 2266//3811 2271//3811
f 2271//2339 4157//2339 2270//2339
f 2267//3812 340//3812 4156//3812
f 2266//2349 2267//2349 4157//2349
f 4156//3813 1328//3813 4158//3813
f 4157//875 4156//875 4159//875
f 4158//3814 1329//3814 1041//3814
f 4159//876 4158//876 1040//876
f 124//169 907//169 1335//169
f 1335//3815 4161//3815 1334//3815
f 906//3816 342//3816 4160//3816
f 907//3228 906//3228 4161//3228
f 4160//2355 2277//2355 4162//2355
f 4161//2356 4160//2356 4163//2356
f 4162//3817 2276//3817 2272//3817
f 4163//3818 4162//3818 2273//3818
f 342//134 1332//134 2277//134
f 2277//3819 4165//3819 2276//3819
f 116//3486 1243//3486 1333//3486
f 1333//3223 4164//3223 1332//3223
f 1243//3820 1242//3820 4164//3820
f 4164//3821 4166//3821 4165//3821
f 1242//3822 297//3822 4166//3822
f 4166//3823 2275//3823 4167//3823
f 458//3824 2274//3824 2279//3824
f 2279//3825 4169//3825 2278//3825
f 297//3826 810//3826 2275//3826
f 2274//2824 2275//2824 4169//2824
f 810//3827 811//3827 4168//3827
f 4169//2369 4168//2369 4171//2369
f 811//3828 115//3828 4170//3828
f 4171//3829 4170//3829 1234//3829
f 117//15 801//15 1331//15
f 1331//885 4173//885 1330//885
f 292//3830 2285//3830 800//3830
f 800//3238 4172//3238 801//3238
f 2285//888 2284//888 4172//888
f 4173//2374 4172//2374 4175//2374
f 2284//3831 459//3831 4174//3831
f 4175//3832 4174//3832 2281//3832
f 292//3169 1232//3169 2285//3169
f 2285//1738 4177//1738 2284//1738
f 114//3170 1229//3170 1233//3170
f 1233//3232 4176//3232 1232//3232
f 1229//1772 1228//1772 4176//1772
f 4176//1735 4178//1735 4177//1735
f 1228//3494 290//3494 4178//3494
f 4178//3469 2283//3469 4179//3469
f 2282//3470 4181//3470 459//3470
f 4181//3471 4183//3471 2287//3471
f 2283//1266 290//1266 4180//1266
f 2282//2760 2283//2760 4181//2760
f 4180//3472 796//3472 4182//3472
f 4181//1742 4180//1742 4183//1742
f 4182//3473 797//3473 1333//3473
f 4183//3474 4182//3474 1332//3474
f 795//1773 4185//1773 120//1773
f 4185//749 4187//749 1237//749
f 794//2118 289//2118 4184//2118
f 794//310 4184//310 795//310
f 4184//1316 2293//1316 4186//1316
f 4185//312 4184//312 4187//312
f 4186//108 2292//108 2288//108
f 4187//334 4186//334 2289//334
f 1226//845 4189//845 289//845
f 2293//16 4189//16 2292//16
f 117//845 1331//845 1227//845
f 1227//845 4188//845 1226//845
f 4188//16 1331//16 4190//16
f 4189//16 4188//16 4191//16
f 4190//85 1330//85 2291//85
f 4191//85 4190//85 2290//85
f 2290//845 4193//845 460//845
f 2295//16 4193//16 2294//16
f 341//845 904//845 2291//845
f 2291//845 4192//845 2290//845
f 904//16 905//16 4192//16
f 4192//16 4194//16 4193//16
f 4194//85 905//85 1335//85
f 4195//85 4194//85 1334//85
f 911//3833 4197//3833 117//3833
f 913//2377 4197//2377 912//2377
f 910//3834 344//3834 4196//3834
f 911//3158 910//3158 4197//3158
f 4196//3835 2301//3835 4198//3835
f 4197//3836 4196//3836 4199//3836
f 2300//3837 461//3837 4198//3837
f 4199//3838 4198//3838 2297//3838
f 1336//3839 4201//3839 344//3839
f 4201//556 4203//556 2301//556
f 125//80 1311//80 1337//80
f 1337//3158 4200//3158 1336//3158
f 1311//556 1310//556 4200//556
f 4200//556 4202//556 4201//556
f 4202//3159 1310//3159 2299//3159
f 4202//3159 2299//3159 4203//3159
f 2298//2088 4205//2088 461//2088
f 4205//556 4207//556 2303//556
f 2299//3158 331//3158 4204//3158
f 2298//2088 2299//2088 4205//2088
f 4204//556 880//556 4206//556
f 4205//556 4204//556 4207//556
f 4206//3840 881//3840 1313//3840
f 4207//2647 4206//2647 1312//2647
f 913//845 4209//845 117//845
f 4209//16 4211//16 1331//16
f 345//845 2309//845 912//845
f 912//845 4208//845 913//845
f 2309//16 2308//16 4208//16
f 4208//16 4210//16 4209//16
f 2308//85 462//85 4210//85
f 4210//85 2304//85 4211//85
f 1338//844 4213//844 345//844
f 4213//663 4215//663 2309//663
f 126//1773 1309//1773 1339//1773
f 1339//310 4212//310 1338//310
f 1309//3841 1308//3841 4212//3841
f 4212//2397 4214//2397 4213//2397
f 1308//3842 330//3842 4214//3842
f 4214//3843 2307//3843 4215//3843
f 462//3844 2306//3844 2311//3844
f 2311//3845 4217//3845 2310//3845
f 2307//489 330//489 4216//489
f 2306//310 2307//310 4217//310
f 4216//2391 878//2391 4218//2391
f 4217//2392 4216//2392 4219//2392
f 4218//3846 879//3846 1321//3846
f 4219//3847 4218//3847 1320//3847
f 124//86 891//86 905//86
f 905//897 4221//897 904//897
f 334//3848 2317//3848 890//3848
f 891//3849 890//3849 4221//3849
f 2317//900 2316//900 4220//900
f 4221//2403 4220//2403 4223//2403
f 2316//3850 463//3850 4222//3850
f 4223//3851 4222//3851 2313//3851
f 1316//3852 4225//3852 334//3852
f 4225//2406 4227//2406 2317//2406
f 127//3174 877//3174 1317//3174
f 1317//3853 4224//3853 1316//3853
f 877//2409 876//2409 4224//2409
f 4224//2410 4226//2410 4225//2410
f 876//2409 329//2409 4226//2409
f 4226//3854 2315//3854 4227//3854
f 463//3458 2314//3458 2319//3458
f 2319//2414 4229//2414 2318//2414
f 2315//3387 329//3387 4228//3387
f 2314//2788 2315//2788 4229//2788
f 4228//2415 1306//2415 4230//2415
f 4229//2410 4228//2410 4231//2410
f 4230//3855 1307//3855 1337//3855
f 4231//3856 4230//3856 1336//3856
f 4232//82 4233//82 4234//82
