# Blender v2.68 (sub 0) OBJ File: ''
# www.blender.org
v 0.437500 0.164062 0.765625
v -0.437500 0.164062 0.765625
v 0.500000 0.093750 0.687500
v -0.500000 0.093750 0.687500
v 0.546875 0.054687 0.578125
v -0.546875 0.054687 0.578125
v 0.351562 -0.023438 0.617188
v -0.351562 -0.023438 0.617188
v 0.351562 0.031250 0.718750
v -0.351562 0.031250 0.718750
v 0.351562 0.132812 0.781250
v -0.351562 0.132812 0.781250
v 0.273438 0.164062 0.796875
v -0.273438 0.164062 0.796875
v 0.203125 0.093750 0.742188
v -0.203125 0.093750 0.742188
v 0.156250 0.054687 0.648438
v -0.156250 0.054687 0.648438
v 0.078125 0.242187 0.656250
v -0.078125 0.242187 0.656250
v 0.140625 0.242187 0.742188
v -0.140625 0.242187 0.742188
v 0.242188 0.242187 0.796875
v -0.242188 0.242187 0.796875
v 0.273438 0.328125 0.796875
v -0.273438 0.328125 0.796875
v 0.203125 0.390625 0.742188
v -0.203125 0.390625 0.742188
v 0.156250 0.437500 0.648438
v -0.156250 0.437500 0.648438
v 0.351562 0.515625 0.617188
v -0.351562 0.515625 0.617188
v 0.351562 0.453125 0.718750
v -0.351562 0.453125 0.718750
v 0.351562 0.359375 0.781250
v -0.351562 0.359375 0.781250
v 0.437500 0.328125 0.765625
v -0.437500 0.328125 0.765625
v 0.500000 0.390625 0.687500
v -0.500000 0.390625 0.687500
v 0.546875 0.437500 0.578125
v -0.546875 0.437500 0.578125
v 0.625000 0.242187 0.562500
v -0.625000 0.242187 0.562500
v 0.562500 0.242187 0.671875
v -0.562500 0.242187 0.671875
v 0.468750 0.242187 0.757812
v -0.468750 0.242187 0.757812
v 0.476562 0.242187 0.773438
v -0.476562 0.242187 0.773438
v 0.445312 0.335937 0.781250
v -0.445312 0.335937 0.781250
v 0.351562 0.375000 0.804688
v -0.351562 0.375000 0.804688
v 0.265625 0.335937 0.820312
v -0.265625 0.335937 0.820312
v 0.226562 0.242187 0.820312
v -0.226562 0.242187 0.820312
v 0.265625 0.156250 0.820312
v -0.265625 0.156250 0.820312
v 0.351562 0.242187 0.828125
v -0.351562 0.242187 0.828125
v 0.351562 0.117187 0.804688
v -0.351562 0.117187 0.804688
v 0.445312 0.156250 0.781250
v -0.445312 0.156250 0.781250
v 0.000000 0.429687 0.742188
v 0.000000 0.351562 0.820312
v 0.000000 -0.679688 0.734375
v 0.000000 -0.320313 0.781250
v 0.000000 -0.187500 0.796875
v 0.000000 -0.773438 0.718750
v 0.000000 0.406250 0.601562
v 0.000000 0.570312 0.570312
v 0.000000 0.898438 -0.546875
v 0.000000 0.562500 -0.851562
v 0.000000 0.070313 -0.828125
v 0.000000 -0.382812 -0.351563
v 0.203125 -0.187500 0.562500
v -0.203125 -0.187500 0.562500
v 0.312500 -0.437500 0.570312
v -0.312500 -0.437500 0.570312
v 0.351562 -0.695312 0.570312
v -0.351562 -0.695312 0.570312
v 0.367188 -0.890625 0.531250
v -0.367188 -0.890625 0.531250
v 0.328125 -0.945312 0.523437
v -0.328125 -0.945312 0.523437
v 0.179688 -0.968750 0.554687
v -0.179688 -0.968750 0.554687
v 0.000000 -0.984375 0.578125
v 0.437500 -0.140625 0.531250
v -0.437500 -0.140625 0.531250
v 0.632812 -0.039063 0.539062
v -0.632812 -0.039063 0.539062
v 0.828125 0.148437 0.445312
v -0.828125 0.148437 0.445312
v 0.859375 0.429687 0.593750
v -0.859375 0.429687 0.593750
v 0.710938 0.484375 0.625000
v -0.710938 0.484375 0.625000
v 0.492188 0.601562 0.687500
v -0.492188 0.601562 0.687500
v 0.320312 0.757812 0.734375
v -0.320312 0.757812 0.734375
v 0.156250 0.718750 0.757813
v -0.156250 0.718750 0.757813
v 0.062500 0.492187 0.750000
v -0.062500 0.492187 0.750000
v 0.164062 0.414062 0.773438
v -0.164062 0.414062 0.773438
v 0.125000 0.304687 0.765625
v -0.125000 0.304687 0.765625
v 0.203125 0.093750 0.742188
v -0.203125 0.093750 0.742188
v 0.375000 0.015625 0.703125
v -0.375000 0.015625 0.703125
v 0.492188 0.062500 0.671875
v -0.492188 0.062500 0.671875
v 0.625000 0.187500 0.648438
v -0.625000 0.187500 0.648438
v 0.640625 0.296875 0.648438
v -0.640625 0.296875 0.648438
v 0.601562 0.375000 0.664062
v -0.601562 0.375000 0.664062
v 0.429688 0.437500 0.718750
v -0.429688 0.437500 0.718750
v 0.250000 0.468750 0.757812
v -0.250000 0.468750 0.757812
v 0.000000 -0.765625 0.734375
v 0.109375 -0.718750 0.734375
v -0.109375 -0.718750 0.734375
v 0.117188 -0.835938 0.710937
v -0.117188 -0.835938 0.710937
v 0.062500 -0.882813 0.695312
v -0.062500 -0.882813 0.695312
v 0.000000 -0.890625 0.687500
v 0.000000 -0.195313 0.750000
v 0.000000 -0.140625 0.742188
v 0.101562 -0.148438 0.742188
v -0.101562 -0.148438 0.742188
v 0.125000 -0.226563 0.750000
v -0.125000 -0.226563 0.750000
v 0.085938 -0.289063 0.742188
v -0.085938 -0.289063 0.742188
v 0.398438 -0.046875 0.671875
v -0.398438 -0.046875 0.671875
v 0.617188 0.054687 0.625000
v -0.617188 0.054687 0.625000
v 0.726562 0.203125 0.601562
v -0.726562 0.203125 0.601562
v 0.742188 0.375000 0.656250
v -0.742188 0.375000 0.656250
v 0.687500 0.414062 0.726562
v -0.687500 0.414062 0.726562
v 0.437500 0.546875 0.796875
v -0.437500 0.546875 0.796875
v 0.312500 0.640625 0.835938
v -0.312500 0.640625 0.835938
v 0.203125 0.617187 0.851562
v -0.203125 0.617187 0.851562
v 0.101562 0.429687 0.843750
v -0.101562 0.429687 0.843750
v 0.125000 -0.101563 0.812500
v -0.125000 -0.101563 0.812500
v 0.210938 -0.445313 0.710938
v -0.210938 -0.445313 0.710938
v 0.250000 -0.703125 0.687500
v -0.250000 -0.703125 0.687500
v 0.265625 -0.820312 0.664062
v -0.265625 -0.820312 0.664062
v 0.234375 -0.914062 0.632812
v -0.234375 -0.914062 0.632812
v 0.164062 -0.929688 0.632812
v -0.164062 -0.929688 0.632812
v 0.000000 -0.945312 0.640625
v 0.000000 0.046875 0.726562
v 0.000000 0.210937 0.765625
v 0.328125 0.476562 0.742188
v -0.328125 0.476562 0.742188
v 0.164062 0.140625 0.750000
v -0.164062 0.140625 0.750000
v 0.132812 0.210937 0.757812
v -0.132812 0.210937 0.757812
v 0.117188 -0.687500 0.734375
v -0.117188 -0.687500 0.734375
v 0.078125 -0.445313 0.750000
v -0.078125 -0.445313 0.750000
v 0.000000 -0.445313 0.750000
v 0.000000 -0.328125 0.742188
v 0.093750 -0.273438 0.781250
v -0.093750 -0.273438 0.781250
v 0.132812 -0.226563 0.796875
v -0.132812 -0.226563 0.796875
v 0.109375 -0.132813 0.781250
v -0.109375 -0.132813 0.781250
v 0.039062 -0.125000 0.781250
v -0.039062 -0.125000 0.781250
v 0.000000 -0.203125 0.828125
v 0.046875 -0.148438 0.812500
v -0.046875 -0.148438 0.812500
v 0.093750 -0.156250 0.812500
v -0.093750 -0.156250 0.812500
v 0.109375 -0.226563 0.828125
v -0.109375 -0.226563 0.828125
v 0.078125 -0.250000 0.804688
v -0.078125 -0.250000 0.804688
v 0.000000 -0.289063 0.804688
v 0.257812 -0.312500 0.554688
v -0.257812 -0.312500 0.554688
v 0.164062 -0.242188 0.710938
v -0.164062 -0.242188 0.710938
v 0.179688 -0.312500 0.710938
v -0.179688 -0.312500 0.710938
v 0.234375 -0.250000 0.554688
v -0.234375 -0.250000 0.554688
v 0.000000 -0.875000 0.687500
v 0.046875 -0.867188 0.687500
v -0.046875 -0.867188 0.687500
v 0.093750 -0.820313 0.710937
v -0.093750 -0.820313 0.710937
v 0.093750 -0.742188 0.726562
v -0.093750 -0.742188 0.726562
v 0.000000 -0.781250 0.656250
v 0.093750 -0.750000 0.664062
v -0.093750 -0.750000 0.664062
v 0.093750 -0.812500 0.640625
v -0.093750 -0.812500 0.640625
v 0.046875 -0.851562 0.632812
v -0.046875 -0.851562 0.632812
v 0.000000 -0.859375 0.632812
v 0.171875 0.218750 0.781250
v -0.171875 0.218750 0.781250
v 0.187500 0.156250 0.773438
v -0.187500 0.156250 0.773438
v 0.335938 0.429687 0.757812
v -0.335938 0.429687 0.757812
v 0.273438 0.421875 0.773438
v -0.273438 0.421875 0.773438
v 0.421875 0.398437 0.773438
v -0.421875 0.398437 0.773438
v 0.562500 0.351562 0.695312
v -0.562500 0.351562 0.695312
v 0.585938 0.289062 0.687500
v -0.585938 0.289062 0.687500
v 0.578125 0.195312 0.679688
v -0.578125 0.195312 0.679688
v 0.476562 0.101562 0.718750
v -0.476562 0.101562 0.718750
v 0.375000 0.062500 0.742188
v -0.375000 0.062500 0.742188
v 0.226562 0.109375 0.781250
v -0.226562 0.109375 0.781250
v 0.179688 0.296875 0.781250
v -0.179688 0.296875 0.781250
v 0.210938 0.375000 0.781250
v -0.210938 0.375000 0.781250
v 0.234375 0.359375 0.757812
v -0.234375 0.359375 0.757812
v 0.195312 0.296875 0.757812
v -0.195312 0.296875 0.757812
v 0.242188 0.125000 0.757812
v -0.242188 0.125000 0.757812
v 0.375000 0.085937 0.726562
v -0.375000 0.085937 0.726562
v 0.460938 0.117187 0.703125
v -0.460938 0.117187 0.703125
v 0.546875 0.210937 0.671875
v -0.546875 0.210937 0.671875
v 0.554688 0.281250 0.671875
v -0.554688 0.281250 0.671875
v 0.531250 0.335937 0.679688
v -0.531250 0.335937 0.679688
v 0.414062 0.390625 0.750000
v -0.414062 0.390625 0.750000
v 0.281250 0.398437 0.765625
v -0.281250 0.398437 0.765625
v 0.335938 0.406250 0.750000
v -0.335938 0.406250 0.750000
v 0.203125 0.171875 0.750000
v -0.203125 0.171875 0.750000
v 0.195312 0.226562 0.750000
v -0.195312 0.226562 0.750000
v 0.109375 0.460937 0.609375
v -0.109375 0.460937 0.609375
v 0.195312 0.664062 0.617188
v -0.195312 0.664062 0.617188
v 0.335938 0.687500 0.593750
v -0.335938 0.687500 0.593750
v 0.484375 0.554688 0.554688
v -0.484375 0.554688 0.554688
v 0.679688 0.453125 0.492188
v -0.679688 0.453125 0.492188
v 0.796875 0.406250 0.460938
v -0.796875 0.406250 0.460938
v 0.773438 0.164062 0.375000
v -0.773438 0.164062 0.375000
v 0.601562 -0.000000 0.414062
v -0.601562 -0.000000 0.414062
v 0.437500 -0.093750 0.468750
v -0.437500 -0.093750 0.468750
v 0.000000 0.898438 0.289063
v 0.000000 0.984375 -0.078125
v 0.000000 -0.195312 -0.671875
v 0.000000 -0.460938 0.187500
v 0.000000 -0.976562 0.460937
v 0.000000 -0.804688 0.343750
v 0.000000 -0.570312 0.320312
v 0.000000 -0.484375 0.281250
v 0.851562 0.234375 0.054688
v -0.851562 0.234375 0.054688
v 0.859375 0.320312 -0.046875
v -0.859375 0.320312 -0.046875
v 0.773438 0.265625 -0.437500
v -0.773438 0.265625 -0.437500
v 0.460938 0.437500 -0.703125
v -0.460938 0.437500 -0.703125
v 0.734375 -0.046875 0.070312
v -0.734375 -0.046875 0.070312
v 0.593750 -0.125000 -0.164062
v -0.593750 -0.125000 -0.164062
v 0.640625 -0.007812 -0.429688
v -0.640625 -0.007812 -0.429688
v 0.335938 0.054688 -0.664062
v -0.335938 0.054688 -0.664062
v 0.234375 -0.351563 0.406250
v -0.234375 -0.351563 0.406250
v 0.179688 -0.414062 0.257812
v -0.179688 -0.414062 0.257812
v 0.289062 -0.710938 0.382812
v -0.289062 -0.710938 0.382812
v 0.250000 -0.500000 0.390625
v -0.250000 -0.500000 0.390625
v 0.328125 -0.914062 0.398437
v -0.328125 -0.914062 0.398437
v 0.140625 -0.757812 0.367187
v -0.140625 -0.757812 0.367187
v 0.125000 -0.539062 0.359375
v -0.125000 -0.539062 0.359375
v 0.164062 -0.945312 0.437500
v -0.164062 -0.945312 0.437500
v 0.218750 -0.281250 0.429688
v -0.218750 -0.281250 0.429688
v 0.210938 -0.226563 0.468750
v -0.210938 -0.226563 0.468750
v 0.203125 -0.171875 0.500000
v -0.203125 -0.171875 0.500000
v 0.210938 -0.390625 0.164062
v -0.210938 -0.390625 0.164062
v 0.296875 -0.312500 -0.265625
v -0.296875 -0.312500 -0.265625
v 0.343750 -0.148437 -0.539062
v -0.343750 -0.148437 -0.539062
v 0.453125 0.867188 -0.382812
v -0.453125 0.867188 -0.382812
v 0.453125 0.929688 -0.070312
v -0.453125 0.929688 -0.070312
v 0.453125 0.851562 0.234375
v -0.453125 0.851562 0.234375
v 0.460938 0.523438 0.429688
v -0.460938 0.523438 0.429688
v 0.726562 0.406250 0.335938
v -0.726562 0.406250 0.335938
v 0.632812 0.453125 0.281250
v -0.632812 0.453125 0.281250
v 0.640625 0.703125 0.054688
v -0.640625 0.703125 0.054688
v 0.796875 0.562500 0.125000
v -0.796875 0.562500 0.125000
v 0.796875 0.617188 -0.117187
v -0.796875 0.617188 -0.117187
v 0.640625 0.750000 -0.195312
v -0.640625 0.750000 -0.195312
v 0.640625 0.679688 -0.445312
v -0.640625 0.679688 -0.445312
v 0.796875 0.539062 -0.359375
v -0.796875 0.539062 -0.359375
v 0.617188 0.328125 -0.585938
v -0.617188 0.328125 -0.585938
v 0.484375 0.023438 -0.546875
v -0.484375 0.023438 -0.546875
v 0.820312 0.328125 -0.203125
v -0.820312 0.328125 -0.203125
v 0.406250 -0.171875 0.148437
v -0.406250 -0.171875 0.148437
v 0.429688 -0.195312 -0.210938
v -0.429688 -0.195312 -0.210938
v 0.890625 0.406250 -0.234375
v -0.890625 0.406250 -0.234375
v 0.773438 -0.140625 -0.125000
v -0.773438 -0.140625 -0.125000
v 1.039062 -0.101562 -0.328125
v -1.039062 -0.101562 -0.328125
v 1.281250 0.054688 -0.429688
v -1.281250 0.054688 -0.429688
v 1.351562 0.320313 -0.421875
v -1.351562 0.320313 -0.421875
v 1.234375 0.507812 -0.421875
v -1.234375 0.507812 -0.421875
v 1.023438 0.476562 -0.312500
v -1.023438 0.476562 -0.312500
v 1.015625 0.414062 -0.289062
v -1.015625 0.414062 -0.289062
v 1.187500 0.437500 -0.390625
v -1.187500 0.437500 -0.390625
v 1.265625 0.289063 -0.406250
v -1.265625 0.289063 -0.406250
v 1.210938 0.078125 -0.406250
v -1.210938 0.078125 -0.406250
v 1.031250 -0.039062 -0.304688
v -1.031250 -0.039062 -0.304688
v 0.828125 -0.070312 -0.132812
v -0.828125 -0.070312 -0.132812
v 0.921875 0.359375 -0.218750
v -0.921875 0.359375 -0.218750
v 0.945312 0.304688 -0.289062
v -0.945312 0.304688 -0.289062
v 0.882812 -0.023437 -0.210938
v -0.882812 -0.023437 -0.210938
v 1.039062 0.000000 -0.367188
v -1.039062 0.000000 -0.367188
v 1.187500 0.093750 -0.445312
v -1.187500 0.093750 -0.445312
v 1.234375 0.250000 -0.445312
v -1.234375 0.250000 -0.445312
v 1.171875 0.359375 -0.437500
v -1.171875 0.359375 -0.437500
v 1.023438 0.343750 -0.359375
v -1.023438 0.343750 -0.359375
v 0.843750 0.289062 -0.210937
v -0.843750 0.289062 -0.210937
v 0.835938 0.171875 -0.273438
v -0.835938 0.171875 -0.273438
v 0.757812 0.093750 -0.273438
v -0.757812 0.093750 -0.273438
v 0.820312 0.085938 -0.273438
v -0.820312 0.085938 -0.273438
v 0.843750 0.015625 -0.273438
v -0.843750 0.015625 -0.273438
v 0.812500 -0.015625 -0.273438
v -0.812500 -0.015625 -0.273438
v 0.726562 0.000000 -0.070312
v -0.726562 0.000000 -0.070312
v 0.718750 -0.023437 -0.171875
v -0.718750 -0.023437 -0.171875
v 0.718750 0.039063 -0.187500
v -0.718750 0.039063 -0.187500
v 0.796875 0.203125 -0.210937
v -0.796875 0.203125 -0.210937
v 0.890625 0.242188 -0.265625
v -0.890625 0.242188 -0.265625
v 0.890625 0.234375 -0.320312
v -0.890625 0.234375 -0.320312
v 0.812500 -0.015625 -0.320312
v -0.812500 -0.015625 -0.320312
v 0.851562 0.015625 -0.320312
v -0.851562 0.015625 -0.320312
v 0.828125 0.078125 -0.320312
v -0.828125 0.078125 -0.320312
v 0.765625 0.093750 -0.320312
v -0.765625 0.093750 -0.320312
v 0.843750 0.171875 -0.320312
v -0.843750 0.171875 -0.320312
v 1.039062 0.328125 -0.414062
v -1.039062 0.328125 -0.414062
v 1.187500 0.343750 -0.484375
v -1.187500 0.343750 -0.484375
v 1.257812 0.242188 -0.492188
v -1.257812 0.242188 -0.492188
v 1.210938 0.085938 -0.484375
v -1.210938 0.085938 -0.484375
v 1.046875 0.000000 -0.421875
v -1.046875 0.000000 -0.421875
v 0.882812 -0.015625 -0.265625
v -0.882812 -0.015625 -0.265625
v 0.953125 0.289063 -0.343750
v -0.953125 0.289063 -0.343750
v 0.890625 0.109375 -0.328125
v -0.890625 0.109375 -0.328125
v 0.937500 0.062500 -0.335938
v -0.937500 0.062500 -0.335938
v 1.000000 0.125000 -0.367188
v -1.000000 0.125000 -0.367188
v 0.960938 0.171875 -0.351562
v -0.960938 0.171875 -0.351562
v 1.015625 0.234375 -0.375000
v -1.015625 0.234375 -0.375000
v 1.054688 0.187500 -0.382812
v -1.054688 0.187500 -0.382812
v 1.109375 0.210938 -0.390625
v -1.109375 0.210938 -0.390625
v 1.085938 0.273438 -0.390625
v -1.085938 0.273438 -0.390625
v 1.023438 0.437500 -0.484375
v -1.023438 0.437500 -0.484375
v 1.250000 0.468750 -0.546875
v -1.250000 0.468750 -0.546875
v 1.367188 0.296875 -0.500000
v -1.367188 0.296875 -0.500000
v 1.312500 0.054688 -0.531250
v -1.312500 0.054688 -0.531250
v 1.039062 -0.085937 -0.492188
v -1.039062 -0.085937 -0.492188
v 0.789062 -0.125000 -0.328125
v -0.789062 -0.125000 -0.328125
v 0.859375 0.382813 -0.382812
v -0.859375 0.382813 -0.382812
vt 0.489031 0.862854
vt 0.476610 0.855475
vt 0.514456 0.857928
vt 0.713162 0.864418
vt 0.689329 0.869918
vt 0.697803 0.849486
vt 0.490229 0.844067
vt 0.536914 0.854537
vt 0.738189 0.858248
vt 0.718052 0.839588
vt 0.874984 0.410837
vt 0.875329 0.429719
vt 0.854340 0.408754
vt 0.738139 0.885087
vt 0.713253 0.885015
vt 0.457523 0.856270
vt 0.689179 0.881527
vt 0.919494 0.882810
vt 0.922247 0.872540
vt 0.938369 0.892082
vt 0.698590 0.899065
vt 0.681096 0.889092
vt 0.944473 0.872457
vt 0.960610 0.898500
vt 0.719304 0.903793
vt 0.939468 0.854829
vt 0.961088 0.850639
vt 0.189870 0.874556
vt 0.171133 0.869353
vt 0.170534 0.850344
vt 0.919446 0.863420
vt 0.147565 0.864225
vt 0.147559 0.854268
vt 0.936059 0.786912
vt 0.935446 0.776064
vt 0.951971 0.794198
vt 0.148175 0.884686
vt 0.135203 0.873247
vt 0.950560 0.774797
vt 0.972963 0.772790
vt 0.161069 0.895159
vt 0.949961 0.756852
vt 0.972230 0.749576
vt 0.120907 0.899678
vt 0.117391 0.888470
vt 0.457630 0.882707
vt 0.475356 0.882308
vt 0.489345 0.892955
vt 0.119391 0.875177
vt 0.489524 0.874331
vt 0.513596 0.878187
vt 0.298452 0.876163
vt 0.318610 0.875858
vt 0.322527 0.885917
vt 0.537021 0.880974
vt 0.272422 0.875968
vt 0.305835 0.894391
vt 0.274364 0.850795
vt 0.299062 0.856749
vt 0.319323 0.865027
vt 0.546138 0.837306
vt 0.542478 0.846811
vt 0.538336 0.847046
vt 0.321546 0.876108
vt 0.546090 0.858006
vt 0.540786 0.859798
vt 0.927117 0.429633
vt 0.933240 0.429284
vt 0.941031 0.437742
vt 0.935823 0.766742
vt 0.930803 0.776174
vt 0.926940 0.417614
vt 0.932348 0.418547
vt 0.931677 0.788395
vt 0.936431 0.408437
vt 0.941126 0.410651
vt 0.082965 0.910754
vt 0.075792 0.920486
vt 0.078527 0.908896
vt 0.402433 0.845971
vt 0.407894 0.845663
vt 0.405699 0.856946
vt 0.082969 0.930172
vt 0.071238 0.919988
vt 0.405254 0.834657
vt 0.410952 0.835730
vt 0.738628 0.434513
vt 0.739845 0.424083
vt 0.743652 0.436394
vt 0.117391 0.910373
vt 0.121168 0.910483
vt 0.123100 0.920857
vt 0.739567 0.414208
vt 0.743607 0.424439
vt 0.124815 0.899678
vt 0.127592 0.900559
vt 0.768953 0.422520
vt 0.797028 0.417419
vt 0.796780 0.428584
vt 0.508458 0.901620
vt 0.516502 0.910076
vt 0.494662 0.916466
vt 0.780625 0.409080
vt 0.514045 0.923091
vt 0.760188 0.410280
vt 0.797028 0.408754
vt 0.813409 0.409211
vt 0.803616 0.423292
vt 0.746121 0.418949
vt 0.826552 0.417344
vt 0.746102 0.430944
vt 0.826443 0.430102
vt 0.760415 0.438729
vt 0.815730 0.438729
vt 0.782942 0.438083
vt 0.798794 0.438643
vt 0.494659 0.899930
vt 0.919208 0.503003
vt 0.900720 0.504674
vt 0.894751 0.487563
vt 0.886494 0.468772
vt 0.903627 0.463682
vt 0.926918 0.516889
vt 0.901429 0.511966
vt 0.881106 0.460677
vt 0.898466 0.445085
vt 0.451267 0.735052
vt 0.420445 0.744813
vt 0.442938 0.729509
vt 0.860927 0.456603
vt 0.450438 0.758875
vt 0.418762 0.759275
vt 0.840467 0.456618
vt 0.887386 0.439844
vt 0.451202 0.791418
vt 0.417093 0.791545
vt 0.173033 0.800127
vt 0.134978 0.817832
vt 0.165207 0.782843
vt 0.196083 0.588493
vt 0.235025 0.577417
vt 0.217648 0.613660
vt 0.700301 0.804777
vt 0.738189 0.804617
vt 0.668864 0.839588
vt 0.654626 0.436394
vt 0.621630 0.430952
vt 0.621689 0.414912
vt 0.706980 0.774153
vt 0.733942 0.777182
vt 0.582926 0.605537
vt 0.612605 0.574242
vt 0.602293 0.610055
vt 0.699122 0.752880
vt 0.738169 0.743332
vt 0.667842 0.572817
vt 0.662109 0.590529
vt 0.670251 0.741310
vt 0.680544 0.724457
vt 0.687362 0.589274
vt 0.672425 0.599664
vt 0.204045 0.764317
vt 0.201557 0.749621
vt 0.232835 0.748383
vt 0.723589 0.613605
vt 0.713609 0.627430
vt 0.144005 0.767032
vt 0.148817 0.752078
vt 0.765590 0.630987
vt 0.109457 0.767856
vt 0.097348 0.751387
vt 0.766388 0.650988
vt 0.740977 0.654137
vt 0.200426 0.892860
vt 0.230069 0.897012
vt 0.214809 0.913170
vt 0.864498 0.564552
vt 0.867495 0.535127
vt 0.890454 0.532698
vt 0.189984 0.866742
vt 0.213247 0.867762
vt 0.866261 0.524040
vt 0.885430 0.516889
vt 0.195911 0.850795
vt 0.214282 0.856700
vt 0.701601 0.658688
vt 0.708434 0.647156
vt 0.582926 0.787628
vt 0.618978 0.790493
vt 0.618553 0.803395
vt 0.705849 0.637632
vt 0.587991 0.774075
vt 0.624425 0.781307
vt 0.763357 0.753901
vt 0.740114 0.744601
vt 0.738245 0.724457
vt 0.611427 0.765701
vt 0.637713 0.772333
vt 0.760916 0.776449
vt 0.738189 0.780478
vt 0.650618 0.745705
vt 0.662499 0.756754
vt 0.765921 0.786612
vt 0.748342 0.790189
vt 0.676038 0.757078
vt 0.629453 0.607316
vt 0.627630 0.593198
vt 0.687875 0.765462
vt 0.610385 0.626105
vt 0.691988 0.787864
vt 0.606751 0.641739
vt 0.592718 0.638898
vt 0.632426 0.660599
vt 0.594760 0.678094
vt 0.638175 0.724457
vt 0.609021 0.704936
vt 0.649534 0.722265
vt 0.644404 0.664095
vt 0.634377 0.682635
vt 0.663122 0.699325
vt 0.707430 0.669246
vt 0.697125 0.680686
vt 0.609862 0.825662
vt 0.601255 0.810074
vt 0.680928 0.665139
vt 0.660869 0.666167
vt 0.635854 0.833619
vt 0.643254 0.819028
vt 0.676021 0.694687
vt 0.879729 0.495864
vt 0.879385 0.488788
vt 0.872688 0.501521
vt 0.874309 0.482187
vt 0.386734 0.760590
vt 0.386935 0.746338
vt 0.414793 0.734563
vt 0.862526 0.475876
vt 0.841727 0.475036
vt 0.387852 0.794650
vt 0.344764 0.770483
vt 0.358224 0.798840
vt 0.323952 0.772684
vt 0.389206 0.764198
vt 0.836709 0.473379
vt 0.395097 0.813620
vt 0.377563 0.811153
vt 0.373038 0.796745
vt 0.362506 0.818230
vt 0.364509 0.757796
vt 0.345255 0.766456
vt 0.071232 0.915150
vt 0.061052 0.916241
vt 0.071158 0.906109
vt 0.288586 0.911624
vt 0.278688 0.906187
vt 0.297387 0.911382
vt 0.676632 0.916470
vt 0.667313 0.916572
vt 0.671681 0.908310
vt 0.441436 0.922387
vt 0.443298 0.911113
vt 0.451267 0.911295
vt 0.681096 0.928115
vt 0.670184 0.924780
vt 0.097397 0.920372
vt 0.097114 0.912705
vt 0.106482 0.908896
vt 0.320079 0.762380
vt 0.310109 0.762818
vt 0.310436 0.753393
vt 0.323766 0.905862
vt 0.308368 0.903620
vt 0.307689 0.900962
vt 0.071238 0.894981
vt 0.063272 0.908503
vt 0.304380 0.922447
vt 0.296821 0.923853
vt 0.291727 0.932587
vt 0.284264 0.930985
vt 0.281647 0.913515
vt 0.303713 0.765147
vt 0.318481 0.908987
vt 0.304390 0.905757
vt 0.736718 0.917226
vt 0.730250 0.916968
vt 0.738189 0.909230
vt 0.435945 0.912822
vt 0.433585 0.908486
vt 0.730698 0.911536
vt 0.716019 0.907860
vt 0.433621 0.921205
vt 0.054811 0.914398
vt 0.273922 0.910166
vt 0.716034 0.920735
vt 0.318952 0.914242
vt 0.304380 0.918108
vt 0.272422 0.921521
vt 0.288509 0.923707
vt 0.277586 0.934623
vt 0.765430 0.895269
vt 0.757140 0.906018
vt 0.752003 0.881451
vt 0.598845 0.699352
vt 0.760431 0.914103
vt 0.738345 0.903937
vt 0.583138 0.706517
vt 0.583628 0.704287
vt 0.403674 0.820117
vt 0.415376 0.808608
vt 0.304307 0.900416
vt 0.286556 0.905023
vt 0.337096 0.802859
vt 0.446416 0.808338
vt 0.112741 0.826487
vt 0.098671 0.806515
vt 0.123987 0.798288
vt 0.443953 0.816602
vt 0.414642 0.817617
vt 0.101051 0.831012
vt 0.087420 0.811136
vt 0.439197 0.824985
vt 0.401145 0.834657
vt 0.090688 0.850344
vt 0.851211 0.498971
vt 0.853489 0.488208
vt 0.857051 0.487531
vt 0.869332 0.498555
vt 0.925862 0.435143
vt 0.926906 0.438729
vt 0.915133 0.428083
vt 0.877907 0.493315
vt 0.909873 0.428830
vt 0.915660 0.419313
vt 0.917640 0.413180
vt 0.925643 0.408533
vt 0.920080 0.414506
vt 0.910604 0.419586
vt 0.425180 0.904996
vt 0.424644 0.909530
vt 0.412216 0.909524
vt 0.095730 0.914230
vt 0.086523 0.914334
vt 0.082969 0.909001
vt 0.426737 0.918275
vt 0.095660 0.921914
vt 0.082976 0.922905
vt 0.425422 0.925873
vt 0.411483 0.917138
vt 0.556025 0.912146
vt 0.558279 0.919642
vt 0.546138 0.910764
vt 0.570184 0.924093
vt 0.570173 0.912811
vt 0.582915 0.910764
vt 0.867790 0.484225
vt 0.847111 0.476909
vt 0.890993 0.421879
vt 0.875329 0.419678
vt 0.897349 0.412149
vt 0.876990 0.425031
vt 0.897307 0.433198
vt 0.877011 0.414506
vt 0.885028 0.410129
vt 0.410952 0.863800
vt 0.405881 0.870952
vt 0.405873 0.856946
vt 0.318782 0.713824
vt 0.321209 0.722628
vt 0.309730 0.716073
vt 0.667405 0.702864
vt 0.679552 0.700098
vt 0.312145 0.705245
vt 0.303705 0.710417
vt 0.696437 0.698989
vt 0.675937 0.660404
vt 0.695189 0.691981
vt 0.720318 0.693918
vt 0.321206 0.730235
vt 0.310693 0.729974
vt 0.659656 0.708697
vt 0.655600 0.704217
vt 0.313590 0.753393
vt 0.674015 0.801467
vt 0.686439 0.803880
vt 0.654897 0.815262
vt 0.616046 0.642924
vt 0.678346 0.787724
vt 0.618814 0.629633
vt 0.679226 0.770462
vt 0.651577 0.602911
vt 0.633316 0.614037
vt 0.667419 0.763976
vt 0.670017 0.606099
vt 0.666859 0.612760
vt 0.063187 0.863419
vt 0.055946 0.860835
vt 0.060454 0.850344
vt 0.692177 0.626289
vt 0.683606 0.631397
vt 0.071238 0.882282
vt 0.057197 0.882443
vt 0.063282 0.891095
vt 0.055981 0.894981
vt 0.695312 0.638903
vt 0.728201 0.705467
vt 0.736956 0.700840
vt 0.733638 0.711041
vt 0.697006 0.646750
vt 0.714659 0.700396
vt 0.690593 0.655100
vt 0.691742 0.646025
vt 0.950225 0.603432
vt 0.943919 0.606065
vt 0.944007 0.596585
vt 0.690494 0.639017
vt 0.939477 0.596605
vt 0.946064 0.589592
vt 0.862347 0.903164
vt 0.873434 0.893461
vt 0.876199 0.895656
vt 0.941590 0.588737
vt 0.943665 0.581061
vt 0.861843 0.922052
vt 0.867799 0.903879
vt 0.948705 0.581566
vt 0.964439 0.565032
vt 0.864167 0.929562
vt 0.871074 0.927945
vt 0.323869 0.701702
vt 0.318242 0.705245
vt 0.315958 0.696766
vt 0.872118 0.936890
vt 0.309654 0.699425
vt 0.303691 0.688367
vt 0.623220 0.629980
vt 0.311200 0.688391
vt 0.314443 0.673240
vt 0.308775 0.672397
vt 0.320245 0.662539
vt 0.633808 0.660046
vt 0.621205 0.641398
vt 0.939508 0.619728
vt 0.943941 0.617792
vt 0.951371 0.634947
vt 0.646014 0.662601
vt 0.648752 0.659121
vt 0.945503 0.634742
vt 0.941978 0.642195
vt 0.686310 0.651561
vt 0.958267 0.610751
vt 0.954099 0.613242
vt 0.659943 0.663191
vt 0.675387 0.657314
vt 0.968983 0.613811
vt 0.964447 0.617792
vt 0.660705 0.658597
vt 0.947847 0.642401
vt 0.939477 0.647983
vt 0.836709 0.521085
vt 0.117324 0.865679
vt 0.084724 0.864184
vt 0.115783 0.850344
vt 0.839258 0.535183
vt 0.105207 0.888197
vt 0.071238 0.889066
vt 0.819067 0.572817
vt 0.797790 0.562115
vt 0.819150 0.546723
vt 0.117391 0.904504
vt 0.083755 0.908896
vt 0.782548 0.533841
vt 0.805723 0.522561
vt 0.162073 0.737820
vt 0.762158 0.504184
vt 0.788531 0.495915
vt 0.209027 0.734709
vt 0.746102 0.486719
vt 0.234650 0.733078
vt 0.779391 0.457593
vt 0.798439 0.458653
vt 0.952148 0.475538
vt 0.935114 0.471343
vt 0.952511 0.438729
vt 0.323891 0.544061
vt 0.278522 0.568686
vt 0.311228 0.536559
vt 0.949693 0.503931
vt 0.926940 0.502694
vt 0.267517 0.553317
vt 0.953869 0.524613
vt 0.940992 0.527847
vt 0.094310 0.585963
vt 0.101800 0.577065
vt 0.136104 0.566822
vt 0.322225 0.783750
vt 0.313455 0.804718
vt 0.293274 0.806033
vt 0.243967 0.813842
vt 0.301916 0.816385
vt 0.291964 0.789313
vt 0.200913 0.814489
vt 0.257487 0.826079
vt 0.246291 0.795624
vt 0.968430 0.732513
vt 0.963091 0.749576
vt 0.942809 0.729061
vt 0.926940 0.478282
vt 0.910169 0.485059
vt 0.918735 0.458213
vt 0.970327 0.717195
vt 0.943948 0.711546
vt 0.704305 0.908980
vt 0.704293 0.923970
vt 0.681096 0.903793
vt 0.974175 0.709136
vt 0.938281 0.696098
vt 0.204878 0.779732
vt 0.189900 0.774582
vt 0.248843 0.776956
vt 0.411483 0.853666
vt 0.419667 0.834657
vt 0.451217 0.866427
vt 0.136536 0.767901
vt 0.189900 0.768253
vt 0.103226 0.781737
vt 0.271858 0.839560
vt 0.312686 0.826834
vt 0.292782 0.772690
vt 0.231003 0.850795
vt 0.215419 0.832245
vt 0.202357 0.796713
vt 0.165794 0.578957
vt 0.147768 0.584682
vt 0.120890 0.585966
vt 0.322531 0.767889
vt 0.411711 0.877144
vt 0.447820 0.880334
vt 0.082222 0.791705
vt 0.419537 0.890376
vt 0.444804 0.888506
vt 0.438452 0.895754
vt 0.070273 0.805503
vt 0.073698 0.798490
vt 0.423565 0.904990
vt 0.421618 0.897150
vt 0.076521 0.817001
vt 0.192463 0.580673
vt 0.235406 0.567952
vt 0.972240 0.549741
vt 0.963523 0.549961
vt 0.073068 0.423665
vt 0.137061 0.435531
vt 0.123485 0.460049
vt 0.504300 0.688912
vt 0.481173 0.663249
vt 0.537724 0.629405
vt 0.053108 0.455142
vt 0.119916 0.500320
vt 0.522610 0.716007
vt 0.569867 0.661847
vt 0.057903 0.500874
vt 0.096371 0.565336
vt 0.668028 0.545929
vt 0.746102 0.536699
vt 0.651691 0.572079
vt 0.135441 0.554411
vt 0.650472 0.549675
vt 0.636843 0.572682
vt 0.053108 0.767856
vt 0.066385 0.777677
vt 0.303345 0.495294
vt 0.700122 0.468890
vt 0.622505 0.474586
vt 0.688401 0.436394
vt 0.465168 0.584720
vt 0.546442 0.572835
vt 0.582926 0.617339
vt 0.406828 0.635828
vt 0.323975 0.476217
vt 0.382688 0.435464
vt 0.413402 0.459553
vt 0.131065 0.648898
vt 0.127474 0.688356
vt 0.053108 0.691649
vt 0.362132 0.505199
vt 0.438074 0.541014
vt 0.375305 0.572817
vt 0.323952 0.548972
vt 0.464755 0.483399
vt 0.526418 0.562601
vt 0.328023 0.616045
vt 0.776970 0.481429
vt 0.829130 0.486524
vt 0.231245 0.717824
vt 0.213435 0.709215
vt 0.792647 0.618566
vt 0.782438 0.609531
vt 0.858247 0.613694
vt 0.227523 0.687001
vt 0.186867 0.672863
vt 0.446381 0.429995
vt 0.471779 0.408278
vt 0.473980 0.449656
vt 0.231549 0.655910
vt 0.192537 0.641120
vt 0.497224 0.427381
vt 0.517889 0.468610
vt 0.256575 0.629689
vt 0.216736 0.613674
vt 0.587562 0.452398
vt 0.583702 0.479698
vt 0.330756 0.641738
vt 0.393818 0.662928
vt 0.372263 0.687714
vt 0.569051 0.504860
vt 0.873149 0.648052
vt 0.793552 0.647267
vt 0.170239 0.723873
vt 0.781512 0.706952
vt 0.846445 0.748626
vt 0.766388 0.749576
vt 0.938314 0.650530
vt 0.976189 0.663693
vt 0.973762 0.680615
vt 0.922235 0.529892
vt 0.924316 0.544788
vt 0.890527 0.564552
vt 0.738260 0.881451
vt 0.738189 0.842411
vt 0.752185 0.879156
vt 0.090272 0.737461
vt 0.707975 0.421019
vt 0.714722 0.433405
vt 0.683151 0.436394
vt 0.683192 0.416837
vt 0.836709 0.438729
vt 0.290818 0.690779
vt 0.274124 0.731558
vt 0.766752 0.576261
vt 0.790839 0.572817
vt 0.283650 0.675456
vt 0.535116 0.413970
vt 0.551500 0.429983
vt 0.285066 0.656271
vt 0.819476 0.893461
vt 0.861843 0.904960
vt 0.861813 0.934334
vt 0.300581 0.630254
vt 0.160096 0.497377
vt 0.737462 0.513972
vt 0.250865 0.514406
vt 0.191836 0.536887
vt 0.668567 0.510223
vt 0.606654 0.497386
vt 0.183843 0.579884
vt 0.611201 0.533789
vt 0.598677 0.530036
vt 0.174521 0.578220
vt 0.952695 0.438729
vt 0.941126 0.410434
vt 0.952807 0.409773
vt 0.587562 0.526378
vt 0.251174 0.440251
vt 0.196608 0.458418
vt 0.166239 0.447059
vt 0.457648 0.682938
vt 0.432940 0.703161
vt 0.201629 0.408278
vt 0.221995 0.423749
vt 0.198339 0.495346
vt 0.482277 0.717938
vt 0.444612 0.725677
vt 0.486602 0.820032
vt 0.463596 0.803373
vt 0.472682 0.798806
vt 0.897838 0.421028
vt 0.909873 0.423223
vt 0.906832 0.438729
vt 0.489537 0.811790
vt 0.529872 0.836978
vt 0.714662 0.906261
vt 0.716019 0.925674
vt 0.704419 0.903793
vt 0.525899 0.825923
vt 0.555635 0.813469
vt 0.558717 0.885604
vt 0.579151 0.900411
vt 0.577439 0.910764
vt 0.569355 0.821139
vt 0.566168 0.787972
vt 0.557886 0.858290
vt 0.546138 0.892627
vt 0.582926 0.789316
vt 0.537485 0.763186
vt 0.899630 0.710091
vt 0.902276 0.681208
vt 0.909798 0.673632
vt 0.546678 0.757652
vt 0.487391 0.733463
vt 0.873220 0.739946
vt 0.881045 0.749576
vt 0.539674 0.770566
vt 0.502161 0.754667
vt 0.471295 0.924341
vt 0.468946 0.899930
vt 0.480627 0.905879
vt 0.745794 0.814717
vt 0.755092 0.813689
vt 0.738197 0.842411
vt 0.581413 0.842323
vt 0.567128 0.859527
vt 0.574251 0.836978
vt 0.738189 0.790189
vt 0.749060 0.795055
vt 0.566570 0.879996
vt 0.650004 0.908310
vt 0.663878 0.915472
vt 0.662620 0.930314
vt 0.582926 0.890746
vt 0.502910 0.807461
vt 0.534061 0.818735
vt 0.343551 0.839537
vt 0.347787 0.860503
vt 0.328307 0.865858
vt 0.351012 0.873900
vt 0.335226 0.880975
vt 0.229706 0.486400
vt 0.740383 0.471660
vt 0.737057 0.491681
vt 0.456081 0.729509
vt 0.491074 0.743807
vt 0.587562 0.436394
vt 0.587580 0.425406
vt 0.621630 0.414642
vt 0.306408 0.479229
vt 0.323952 0.657165
vt 0.303691 0.662539
vt 0.319495 0.613660
vt 0.456123 0.790493
vt 0.464741 0.787497
vt 0.899927 0.408359
vt 0.160016 0.928920
vt 0.162497 0.923543
vt 0.183385 0.937038
vt 0.456081 0.921388
vt 0.457272 0.937099
vt 0.917922 0.585497
vt 0.901913 0.568810
vt 0.914352 0.565032
vt 0.493607 0.923989
vt 0.485427 0.923688
vt 0.480671 0.904856
vt 0.894730 0.580423
vt 0.901800 0.586331
vt 0.738628 0.418987
vt 0.738611 0.436394
vt 0.727180 0.424696
vt 0.263456 0.462192
vt 0.267118 0.468395
vt 0.236303 0.481360
vt 0.397421 0.906513
vt 0.368626 0.895540
vt 0.378483 0.887253
vt 0.464564 0.776097
vt 0.479253 0.777015
vt 0.351462 0.890077
vt 0.481796 0.786670
vt 0.362103 0.881681
vt 0.285271 0.462848
vt 0.294966 0.656845
vt 0.301923 0.659836
vt 0.243031 0.496365
vt 0.387598 0.914537
vt 0.323952 0.900157
vt 0.263677 0.850795
vt 0.272422 0.855184
vt 0.263665 0.866343
vt 0.295739 0.451065
vt 0.281502 0.458172
vt 0.290013 0.445595
vt 0.370447 0.877769
vt 0.359941 0.869251
vt 0.260433 0.456773
vt 0.383962 0.883048
vt 0.241536 0.468008
vt 0.402433 0.891643
vt 0.396954 0.895848
vt 0.683323 0.416823
vt 0.683151 0.409339
vt 0.692728 0.408959
vt 0.721767 0.419581
vt 0.721202 0.429386
vt 0.918778 0.589130
vt 0.732148 0.414329
vt 0.587739 0.414052
vt 0.587562 0.408502
vt 0.597583 0.414642
vt 0.493627 0.902680
vt 0.489455 0.906944
vt 0.483843 0.899930
vt 0.183037 0.924306
vt 0.189900 0.920965
vt 0.658918 0.847222
vt 0.650119 0.844726
vt 0.670308 0.841478
vt 0.306335 0.439434
vt 0.301800 0.433794
vt 0.356085 0.855055
vt 0.323952 0.426629
vt 0.320120 0.421863
vt 0.350832 0.834657
vt 0.527639 0.914434
vt 0.516502 0.899930
vt 0.537021 0.915014
vt 0.107322 0.911654
vt 0.117391 0.908896
vt 0.106482 0.926922
vt 0.516534 0.932725
vt 0.658801 0.908310
vt 0.650004 0.904060
vt 0.670428 0.892967
vt 0.749959 0.836089
vt 0.761921 0.811520
vt 0.677829 0.896902
vt 0.671511 0.869560
vt 0.159991 0.904086
vt 0.166732 0.899678
vt 0.681096 0.872648
vt 0.904218 0.589610
vt 0.917037 0.600810
vt 0.939926 0.814923
vt 0.944879 0.804114
vt 0.956267 0.808572
vt 0.903507 0.597761
vt 0.910162 0.611800
vt 0.941963 0.825256
vt 0.951943 0.816213
vt 0.897293 0.609058
vt 0.889702 0.618790
vt 0.943555 0.835281
vt 0.954433 0.837156
vt 0.902543 0.621057
vt 0.902705 0.628071
vt 0.939371 0.841562
vt 0.873165 0.627755
vt 0.873149 0.613103
vt 0.888145 0.628551
vt 0.967349 0.838468
vt 0.950759 0.846020
vt 0.878490 0.602942
vt 0.367482 0.861024
vt 0.378573 0.868805
vt 0.886853 0.595418
vt 0.965953 0.819057
vt 0.967101 0.828773
vt 0.895586 0.584056
vt 0.967363 0.805451
vt 0.943821 0.564614
vt 0.926940 0.564833
vt 0.937143 0.559807
vt 0.930803 0.804311
vt 0.939477 0.614164
vt 0.239733 0.900125
vt 0.237034 0.889210
vt 0.263458 0.887920
vt 0.936980 0.638289
vt 0.231604 0.879684
vt 0.263488 0.863509
vt 0.909903 0.650530
vt 0.230069 0.872213
vt 0.244095 0.850795
vt 0.883375 0.647607
vt 0.683151 0.430868
vt 0.670767 0.434403
vt 0.683140 0.413102
vt 0.660424 0.421420
vt 0.912769 0.817867
vt 0.930769 0.850639
vt 0.880240 0.809366
vt 0.914041 0.740453
vt 0.938281 0.705235
vt 0.916377 0.780850
vt 0.898540 0.774040
vt 0.912093 0.711326
vt 0.927456 0.666801
vt 0.930803 0.752076
vt 0.873149 0.653762
vt 0.881827 0.894956
vt 0.880240 0.869872
vt 0.894269 0.864116
vt 0.854284 0.436899
vt 0.836600 0.435694
vt 0.826552 0.408754
vt 0.885542 0.916609
vt 0.905341 0.886538
vt 0.789426 0.893461
vt 0.766388 0.883942
vt 0.770594 0.853977
vt 0.766438 0.914524
vt 0.772304 0.895469
vt 0.808832 0.893461
vt 0.801942 0.865043
vt 0.778781 0.833707
vt 0.880240 0.792446
vt 0.768388 0.787396
vt 0.873679 0.821312
vt 0.873623 0.859194
vt 0.878938 0.821260
vt 0.597698 0.890302
vt 0.609585 0.839588
vt 0.646629 0.911211
vt 0.919446 0.850639
vt 0.582926 0.860668
vt 0.819476 0.929784
vt 0.766388 0.928242
vt 0.790248 0.823036
vt 0.837920 0.833081
vt 0.284203 0.438330
vt 0.213378 0.472721
vt 0.423046 0.729509
vt 0.339029 0.686442
vt 0.131013 0.909500
vt 0.159912 0.899678
vt 0.127769 0.931804
vt 0.919446 0.914412
vt 0.956228 0.898500
vt 0.927183 0.939600
vt 0.681146 0.862254
vt 0.506890 0.836978
vt 0.854310 0.433198
vt 0.456139 0.844469
vt 0.968883 0.872991
vt 0.189900 0.850875
vt 0.972974 0.798087
vt 0.456081 0.893341
vt 0.505005 0.899930
vt 0.281838 0.899541
vt 0.542475 0.836978
vt 0.322531 0.864527
vt 0.937363 0.438729
vt 0.930919 0.765479
vt 0.410925 0.855257
vt 0.078299 0.931033
vt 0.127612 0.919752
vt 0.743297 0.413857
vt 0.852834 0.438729
vt 0.253714 0.589076
vt 0.727354 0.833429
vt 0.654240 0.414939
vt 0.221635 0.757493
vt 0.739897 0.640867
vt 0.189900 0.903382
vt 0.888815 0.558981
vt 0.766216 0.740586
vt 0.630742 0.814247
vt 0.668331 0.680898
vt 0.367232 0.768295
vt 0.681072 0.909153
vt 0.451018 0.920888
vt 0.106479 0.920115
vt 0.321067 0.756833
vt 0.319485 0.899541
vt 0.063190 0.895990
vt 0.303691 0.755903
vt 0.439769 0.904991
vt 0.719067 0.903793
vt 0.059488 0.909348
vt 0.594695 0.688252
vt 0.765371 0.919693
vt 0.294571 0.899541
vt 0.347231 0.818246
vt 0.855240 0.497425
vt 0.926940 0.411024
vt 0.412753 0.904991
vt 0.092175 0.908896
vt 0.412732 0.923505
vt 0.546154 0.919594
vt 0.582926 0.922046
vt 0.857849 0.473603
vt 0.313423 0.722817
vt 0.303691 0.748448
vt 0.662681 0.818325
vt 0.652484 0.611331
vt 0.067530 0.855869
vt 0.743284 0.708092
vt 0.869222 0.921082
vt 0.969000 0.568779
vt 0.876260 0.933078
vt 0.638500 0.616532
vt 0.323924 0.665118
vt 0.636546 0.656567
vt 0.946713 0.649695
vt 0.087021 0.853346
vt 0.836788 0.561719
vt 0.836676 0.556901
vt 0.118034 0.737131
vt 0.972052 0.448586
vt 0.938375 0.746224
vt 0.682802 0.919946
vt 0.198935 0.767856
vt 0.451267 0.846206
vt 0.433366 0.902542
vt 0.065794 0.811762
vt 0.582297 0.696927
vt 0.742038 0.572817
vt 0.630041 0.445586
vt 0.058734 0.644399
vt 0.399981 0.572817
vt 0.807335 0.479073
vt 0.829424 0.595711
vt 0.541155 0.445682
vt 0.323952 0.669776
vt 0.157299 0.613660
vt 0.829691 0.514181
vt 0.866368 0.702513
vt 0.938281 0.695858
vt 0.890454 0.522873
vt 0.765430 0.846550
vt 0.120992 0.746539
vt 0.824089 0.923585
vt 0.897863 0.432235
vt 0.704410 0.926011
vt 0.546181 0.858225
vt 0.480671 0.934164
vt 0.650011 0.928088
vt 0.324017 0.840734
vt 0.487377 0.796842
vt 0.720687 0.467899
vt 0.469505 0.746192
vt 0.614007 0.433614
vt 0.303733 0.624249
vt 0.907447 0.410719
vt 0.921415 0.580953
vt 0.287400 0.462177
vt 0.275585 0.452461
vt 0.238513 0.462590
vt 0.692051 0.416837
vt 0.714722 0.424728
vt 0.597615 0.408395
vt 0.170490 0.920272
vt 0.661938 0.839588
vt 0.524292 0.901318
vt 0.117012 0.924166
vt 0.525074 0.933444
vt 0.760868 0.833813
vt 0.952050 0.827269
vt 0.966937 0.847535
vt 0.926943 0.549961
vt 0.946581 0.798087
vt 0.927584 0.587522
vt 0.237832 0.912162
vt 0.891675 0.839241
vt 0.915767 0.749576
vt 0.889837 0.650530
vt 0.854310 0.410143
vt 0.919284 0.908186
vt 0.799784 0.914046
vt 0.806883 0.840153
vt 0.872902 0.767608
vt 0.787775 0.821312
vt 0.646616 0.847109
vt 0.159991 0.925096
vt 0.956264 0.934582
vn 0.663036 -0.192883 0.723312
vn -0.666010 -0.204926 0.717242
vn 0.828520 -0.299015 0.473440
vn -0.830101 -0.307090 0.465433
vn 0.425062 -0.779280 0.460484
vn -0.408092 -0.803818 0.432825
vn 0.338487 -0.548583 0.764515
vn -0.371366 -0.486617 0.790753
vn -0.039277 -0.523693 0.851001
vn 0.099184 -0.547220 0.831091
vn -0.283710 -0.844293 0.454619
vn 0.258889 -0.838801 0.478945
vn -0.765568 -0.322344 0.556777
vn 0.765568 -0.322344 0.556777
vn -0.465798 -0.186319 0.865053
vn 0.465798 -0.186319 0.865053
vn -0.467208 0.169894 0.867671
vn 0.482283 0.203067 0.852154
vn -0.771027 0.324643 0.547835
vn 0.771027 0.324643 0.547835
vn -0.265910 0.820997 0.505229
vn 0.265910 0.820997 0.505229
vn -0.055385 0.553849 0.830773
vn 0.055385 0.553849 0.830773
vn 0.344839 0.578837 0.738941
vn -0.344839 0.578837 0.738941
vn 0.423136 0.752934 0.504030
vn -0.423136 0.752934 0.504030
vn 0.828520 0.299015 0.473440
vn -0.828520 0.299015 0.473440
vn 0.665187 0.175917 0.725658
vn -0.665187 0.175917 0.725658
vn 0.768350 0.329293 -0.548821
vn -0.768350 0.329293 -0.548821
vn 0.197727 0.815623 -0.543749
vn -0.197727 0.815623 -0.543749
vn -0.408248 0.816497 -0.408248
vn 0.408248 0.816497 -0.408248
vn -0.796395 0.289598 -0.530930
vn 0.796395 0.289598 -0.530930
vn -0.789474 -0.315789 -0.526316
vn 0.832845 -0.378566 -0.403804
vn -0.408248 -0.816497 -0.408248
vn 0.432041 -0.750388 -0.500259
vn 0.197727 -0.815623 -0.543749
vn -0.214297 -0.826574 -0.520435
vn 0.752217 -0.356313 -0.554265
vn -0.839964 -0.343622 -0.419982
vn 0.400039 -0.062344 0.914375
vn -0.400039 -0.062344 0.914375
vn 0.306938 -0.175393 0.935429
vn -0.306938 -0.175393 0.935429
vn 0.094512 -0.183464 0.978473
vn -0.094512 -0.183464 0.978473
vn -0.062353 -0.028342 0.997652
vn 0.062353 -0.028342 0.997652
vn -0.062357 0.025982 0.997716
vn 0.062357 0.025982 0.997716
vn 0.099561 0.172922 0.979891
vn -0.099561 0.172922 0.979891
vn 0.303571 0.165584 0.938310
vn -0.303571 0.165584 0.938310
vn 0.400163 0.057166 0.914659
vn -0.400163 0.057166 0.914659
vn 0.105862 -0.880771 0.461558
vn -0.105862 -0.880771 0.461558
vn 0.196715 -0.885219 0.421533
vn -0.196715 -0.885219 0.421533
vn 0.548630 -0.488780 0.678306
vn -0.623035 -0.426287 0.655826
vn 0.756147 -0.069645 0.650685
vn -0.789793 -0.017320 0.613129
vn 0.801465 0.121434 0.585582
vn -0.752771 0.054417 0.656029
vn 0.229854 -0.896039 0.379843
vn -0.435894 -0.688253 0.579917
vn 0.292803 -0.619134 0.728656
vn -0.292803 -0.619134 0.728656
vn 0.689086 -0.423923 0.587750
vn -0.689836 -0.414590 0.593500
vn 0.572975 -0.431433 0.696825
vn -0.572975 -0.431433 0.696825
vn 0.386059 0.714362 0.583649
vn -0.386059 0.714362 0.583649
vn 0.507932 0.641599 0.574766
vn -0.507932 0.641599 0.574766
vn 0.630433 0.520792 0.575613
vn -0.581007 0.510582 0.633827
vn -0.051675 0.664392 0.745596
vn 0.051675 0.664392 0.745596
vn -0.787931 0.307647 0.533403
vn 0.787931 0.307647 0.533403
vn -0.622543 0.553372 0.553372
vn 0.622543 0.553372 0.553372
vn 0.401601 -0.395017 0.826244
vn -0.401601 -0.395017 0.826244
vn 0.218052 -0.470992 0.854763
vn -0.222422 -0.467656 0.855468
vn -0.171076 -0.564549 0.807476
vn 0.171076 -0.564549 0.807476
vn -0.180308 -0.703398 0.687547
vn 0.180308 -0.703398 0.687547
vn 0.420679 -0.613696 0.668137
vn -0.420679 -0.613696 0.668137
vn 0.437336 -0.308531 0.844717
vn -0.437336 -0.308531 0.844717
vn 0.343363 -0.105650 0.933242
vn -0.343363 -0.105650 0.933242
vn 0.357888 -0.306761 0.881938
vn -0.322277 -0.276237 0.905445
vn 0.306946 0.211293 0.927976
vn -0.481543 -0.240772 0.842701
vn 0.386906 0.171414 0.906047
vn 0.292159 0.282884 0.913575
vn 0.429933 -0.721674 0.542535
vn -0.429933 -0.721674 0.542535
vn 0.386342 -0.044578 0.921278
vn -0.054742 -0.361903 0.930607
vn -0.062564 -0.137640 0.988504
vn 0.062564 -0.137640 0.988504
vn 0.020355 -0.783677 0.620835
vn -0.097666 -0.647680 0.755626
vn 0.207390 -0.518476 0.829561
vn -0.147043 -0.661693 0.735214
vn 0.482516 -0.140734 0.864507
vn -0.482516 -0.140734 0.864507
vn 0.281888 -0.044419 0.958419
vn -0.332048 -0.007298 0.943234
vn 0.359533 -0.089883 0.928793
vn -0.313971 -0.145772 0.938175
vn -0.030222 0.066489 0.997329
vn 0.030222 0.066489 0.997329
vn 0.000000 -0.064383 0.997925
vn 0.000000 0.000000 1.000000
vn 0.847337 -0.511933 -0.141223
vn -0.744073 -0.658218 0.114473
vn 0.944759 0.191904 -0.265713
vn -0.944759 0.191904 -0.265713
vn 0.098456 0.886108 -0.452900
vn -0.098456 0.886108 -0.452900
vn -0.854358 0.512615 -0.085436
vn 0.854358 0.512615 -0.085436
vn 0.398334 -0.876334 0.270867
vn -0.398334 -0.876334 0.270867
vn 0.287348 -0.574696 0.766261
vn -0.287348 -0.574696 0.766261
vn -0.781404 0.558146 0.279073
vn 0.520719 0.615395 0.591726
vn 0.089712 0.807410 0.583130
vn -0.127000 0.762001 0.635001
vn 0.745356 0.298142 0.596285
vn -0.745356 0.298142 0.596285
vn 0.604551 -0.654930 0.453413
vn 0.000000 -0.707107 0.707107
vn 0.048634 0.226961 0.972689
vn -0.048634 0.226961 0.972689
vn -0.056293 -0.262700 0.963234
vn -0.428571 -0.857143 0.285714
vn 0.006388 0.083044 0.996525
vn 0.781795 -0.366157 0.504703
vn -0.872872 -0.218218 0.436436
vn -0.581914 -0.363697 0.727393
vn 0.243483 -0.268670 0.931951
vn -0.243483 -0.268670 0.931951
vn 0.282005 0.033841 0.958816
vn -0.282005 0.033841 0.958816
vn 0.816497 0.408248 0.408248
vn -0.816497 0.408248 0.408248
vn 0.868220 0.325582 0.374420
vn -0.868220 0.325582 0.374420
vn 0.893156 0.430173 0.131239
vn -0.910178 -0.044591 0.411810
vn 0.357930 -0.835170 0.417585
vn -0.357930 -0.835170 0.417585
vn -0.135319 -0.202979 0.969788
vn 0.192450 -0.192450 0.962250
vn -0.356915 0.107075 0.927980
vn 0.188144 -0.282216 0.940721
vn -0.124035 0.000000 0.992278
vn 0.065512 0.393073 0.917171
vn -0.158235 0.949410 0.271261
vn 0.158235 0.949410 0.271261
vn -0.739600 0.647150 0.184901
vn 0.646159 0.758535 0.084282
vn -1.000000 -0.000000 0.000000
vn 1.000000 -0.000000 0.000000
vn 0.305141 -0.944953 0.118118
vn -0.305141 -0.944953 0.118118
vn 0.015962 -0.287311 0.957704
vn -0.052632 -0.315789 0.947368
vn 0.135293 -0.347895 0.927720
vn -0.135293 -0.347895 0.927720
vn -0.448143 -0.293016 0.844577
vn 0.598986 -0.245040 0.762346
vn -0.286864 -0.103271 0.952389
vn 0.521443 0.052144 0.851691
vn -0.270910 0.028025 0.962197
vn 0.270910 0.028025 0.962197
vn -0.577350 -0.577350 0.577350
vn 0.577350 -0.577350 0.577350
vn -0.265483 -0.829636 0.491144
vn 0.000000 -0.640184 0.768221
vn 0.418605 -0.581395 0.697674
vn -0.397220 -0.635553 0.662034
vn 0.591414 -0.511493 0.623382
vn -0.516784 -0.214514 0.828805
vn 0.544023 -0.077718 0.835464
vn -0.588227 -0.115717 0.800374
vn 0.573167 0.124602 0.809910
vn -0.573167 0.124602 0.809910
vn 0.434745 0.702281 0.563736
vn -0.434745 0.702281 0.563736
vn 0.406303 0.715093 0.568824
vn 0.061285 0.306426 0.949920
vn 0.152410 0.335302 0.929701
vn -0.177192 0.389823 0.903682
vn -0.021878 0.306290 0.951687
vn 0.012939 0.181147 0.983371
vn 0.280430 -0.218112 0.934765
vn -0.355266 -0.573890 0.737859
vn 0.266679 -0.304776 0.914327
vn -0.296334 -0.211667 0.931334
vn -0.276289 -0.303918 0.911755
vn 0.276289 -0.303918 0.911755
vn -0.116248 -0.929981 0.348743
vn 0.116248 -0.929981 0.348743
vn -0.381000 -0.254000 0.889001
vn 0.320713 -0.267261 0.908688
vn -0.439232 -0.038194 0.897561
vn 0.439232 -0.038194 0.897561
vn -0.221581 0.569780 0.791361
vn 0.053239 0.359362 0.931678
vn -0.082761 0.662085 0.744845
vn 0.082761 0.662085 0.744845
vn 0.366677 0.516064 0.774097
vn -0.366677 0.516064 0.774097
vn 0.498784 0.529958 0.685828
vn -0.498784 0.529958 0.685828
vn 0.601445 -0.240578 0.761831
vn -0.738200 -0.461375 0.492133
vn 0.829185 -0.082919 0.552790
vn -0.806064 -0.065357 0.588209
vn 0.779987 0.118180 0.614535
vn -0.790345 0.112906 0.602168
vn -0.694716 0.709497 -0.118250
vn 0.404311 0.855017 -0.324774
vn -0.855186 0.366508 -0.366508
vn 0.846507 0.372757 -0.380102
vn -0.267242 0.849692 -0.454539
vn 0.267242 0.849692 -0.454539
vn 0.596285 0.745356 -0.298142
vn -0.596285 0.745356 -0.298142
vn 0.383926 0.874593 -0.296122
vn -0.383926 0.874593 -0.296122
vn 0.278943 0.918076 -0.281652
vn -0.285868 0.911603 -0.295397
vn 0.793636 0.212659 -0.570015
vn -0.793636 0.212659 -0.570015
vn 0.452713 -0.728585 -0.514018
vn -0.595505 -0.712308 -0.371472
vn 0.440781 -0.819481 -0.366283
vn -0.249041 -0.774794 -0.581096
vn 0.043139 -0.413418 -0.909519
vn -0.043139 -0.413418 -0.909519
vn 0.318353 -0.094327 -0.943268
vn -0.318353 -0.094327 -0.943268
vn 0.309502 -0.535676 -0.785659
vn -0.309502 -0.535676 -0.785659
vn 0.058475 -0.977375 -0.203272
vn -0.177679 -0.981909 -0.065461
vn 0.101592 -0.965123 -0.241281
vn -0.134050 -0.968141 -0.211502
vn 0.608216 -0.331400 -0.721282
vn -0.980180 0.192192 0.048048
vn 0.920777 0.146009 -0.361734
vn -0.944069 0.184939 -0.273005
vn 0.087930 0.053124 -0.994709
vn -0.247475 -0.016921 -0.968747
vn -0.209312 -0.114950 -0.971069
vn 0.209312 -0.114950 -0.971069
vn 0.204116 0.123707 -0.971099
vn -0.204116 0.123707 -0.971099
vn 0.920408 0.139456 -0.365241
vn -0.918440 0.135786 -0.371525
vn 0.931845 0.289437 -0.218842
vn -0.931845 0.289437 -0.218842
vn 0.913248 0.296189 -0.279733
vn -0.913248 0.296189 -0.279733
vn 0.882456 0.455774 -0.116368
vn -0.882456 0.455774 -0.116368
vn 0.279448 -0.931493 -0.232873
vn -0.279448 -0.931493 -0.232873
vn 0.367655 -0.477093 -0.798255
vn -0.367655 -0.477093 -0.798255
vn 0.290628 -0.841642 -0.455163
vn -0.290628 -0.841642 -0.455163
vn 0.265974 -0.954013 -0.138263
vn -0.303090 -0.946422 -0.111459
vn 0.284208 -0.930136 -0.232534
vn -0.348743 -0.929981 -0.116248
vn 0.690268 -0.721850 0.049627
vn -0.690268 -0.721850 0.049627
vn 0.691649 -0.722163 0.010171
vn -0.861521 -0.337915 0.378940
vn 0.256742 -0.180715 -0.949434
vn -0.256742 -0.180715 -0.949434
vn 0.129094 0.960558 0.246297
vn -0.129094 0.960558 0.246297
vn 0.120926 0.976388 -0.179005
vn -0.137320 0.971291 -0.194258
vn 0.300033 0.640864 -0.706593
vn -0.387556 0.555474 -0.735696
vn 0.352190 0.932651 -0.078264
vn -0.565951 0.760496 -0.318347
vn -0.094386 0.670139 0.736210
vn -0.343166 0.696426 0.630260
vn 0.625482 0.766875 0.143789
vn -0.583767 0.791981 0.178834
vn 0.690128 0.696659 -0.195935
vn -0.715914 0.664472 -0.214346
vn 0.716578 0.217341 -0.662781
vn -0.716578 0.217341 -0.662781
vn 0.714499 0.426452 -0.554643
vn -0.058015 0.367429 -0.928241
vn 0.675140 0.723364 -0.144673
vn -0.595903 0.773063 -0.217424
vn 0.738071 0.653580 0.167585
vn -0.690541 0.710905 0.133295
vn 0.776627 0.335766 0.533022
vn -0.677195 0.482375 0.555627
vn 0.434689 0.895385 -0.096597
vn -0.434689 0.895385 -0.096597
vn 0.299340 0.493283 0.816742
vn -0.299340 0.493283 0.816742
vn -0.181856 0.114502 -0.976636
vn 0.181856 0.114502 -0.976636
vn 0.041931 0.372966 0.926897
vn -0.023299 0.968843 -0.246579
vn -0.161572 0.184654 0.969432
vn 0.161572 0.184654 0.969432
vn 0.966016 -0.164293 0.199549
vn -0.966016 -0.164293 0.199549
vn 0.933361 0.235393 0.270976
vn -0.945595 0.013329 0.325072
vn 0.901926 0.379315 -0.206516
vn -0.996980 0.075751 0.017105
vn 0.995115 -0.093955 0.030308
vn -0.995115 -0.093955 0.030308
vn 0.662474 -0.749076 -0.003701
vn -0.662474 -0.749076 -0.003701
vn 0.372238 -0.924278 0.084555
vn -0.372238 -0.924278 0.084555
vn 0.548020 -0.773958 0.317275
vn -0.387671 -0.903540 0.182554
vn 0.499284 -0.851720 0.159026
vn -0.848945 -0.221464 0.479839
vn 0.732489 -0.636817 0.240675
vn -0.732489 -0.636817 0.240675
vn 0.263732 -0.449896 0.853252
vn -0.263732 -0.449896 0.853252
vn 0.538262 -0.284111 -0.793445
vn -0.538262 -0.284111 -0.793445
vn 0.431030 -0.297118 -0.852017
vn -0.431030 -0.297118 -0.852017
vn 0.456721 -0.777659 -0.432033
vn -0.456721 -0.777659 -0.432033
vn 0.744954 -0.620629 -0.244671
vn -0.744954 -0.620629 -0.244671
vn 0.497205 -0.440774 -0.747333
vn -0.497205 -0.440774 -0.747333
vn 0.259062 0.456442 0.851203
vn -0.259062 0.456442 0.851203
vn 0.410191 0.274828 0.869605
vn -0.503292 0.047933 0.862786
vn 0.415279 0.123700 0.901244
vn -0.415279 0.123700 0.901244
vn 0.196561 -0.050960 0.979166
vn -0.196561 -0.050960 0.979166
vn 0.372046 0.212598 0.903540
vn -0.372046 0.212598 0.903540
vn 0.613244 -0.208998 0.761743
vn -0.624650 -0.412140 0.663289
vn 0.407491 0.750641 0.520087
vn -0.407491 0.750641 0.520087
vn -0.264198 0.830336 0.490653
vn 0.269338 0.831434 0.485979
vn -0.863868 0.259161 0.431934
vn 0.863868 0.259161 0.431934
vn -0.528033 -0.356779 0.770643
vn 0.528033 -0.356779 0.770643
vn 0.415649 -0.619625 0.665808
vn -0.415649 -0.619625 0.665808
vn 0.688357 -0.473246 0.549730
vn -0.714339 -0.416698 0.562212
vn 0.622061 -0.774466 -0.115081
vn -0.622061 -0.774466 -0.115081
vn -0.184950 0.249468 0.950557
vn 0.184950 0.249468 0.950557
vn 0.887036 -0.383852 -0.256564
vn -0.914238 -0.366421 -0.172931
vn 0.371135 0.037113 0.927837
vn 0.120386 0.240772 0.963087
vn 0.137793 0.803793 0.578731
vn -0.023355 0.994904 0.098089
vn 0.580247 0.197531 0.790123
vn -0.580247 0.197531 0.790123
vn 0.102194 0.817553 0.566713
vn -0.580199 0.193400 0.791180
vn 0.749675 -0.270716 0.603904
vn -0.749675 -0.270716 0.603904
vn 0.689502 -0.376092 0.618985
vn -0.689502 -0.376092 0.618985
vn 0.466760 -0.432937 0.771168
vn -0.466760 -0.432937 0.771168
vn 0.877870 -0.478838 0.007601
vn -0.877870 -0.478838 0.007601
vn 0.912871 -0.365148 -0.182574
vn -0.912871 -0.365148 -0.182574
vn 0.997202 -0.018131 -0.072524
vn -0.997202 -0.018131 -0.072524
vn 0.772350 -0.573034 0.274059
vn -0.676753 -0.728811 0.104116
vn 0.775715 -0.617699 0.129286
vn -0.775715 -0.617699 0.129286
vn 0.702247 -0.702247 0.117041
vn -0.702247 -0.702247 0.117041
vn 0.122756 0.982049 -0.143215
vn -0.122756 0.982049 -0.143215
vn 0.937043 0.312348 0.156174
vn -0.937043 0.312348 0.156174
vn -0.624695 -0.780869 -0.000000
vn 0.110432 0.993884 0.000000
vn 0.109335 0.984015 0.140574
vn 0.661828 -0.649341 0.374620
vn -0.586648 -0.752681 0.298858
vn 0.296806 -0.871867 0.389557
vn -0.252879 -0.908786 0.331904
vn -0.827110 -0.448433 -0.338816
vn 0.822210 -0.562565 -0.086549
vn -0.847427 0.254228 -0.466085
vn 0.847427 0.254228 -0.466085
vn -0.635053 0.589692 -0.498970
vn 0.635053 0.589692 -0.498970
vn -0.172328 0.984732 -0.024618
vn 0.172328 0.984732 -0.024618
vn 0.149019 0.055882 0.987254
vn -0.149019 0.055882 0.987254
vn 0.312348 0.156174 0.937043
vn -0.312348 0.156174 0.937043
vn 0.382991 0.011264 0.923684
vn -0.236807 0.035521 0.970907
vn 0.155869 -0.034638 0.987170
vn -0.155869 -0.034638 0.987170
vn 0.328721 0.595807 0.732774
vn -0.308264 -0.181332 0.933859
vn 0.400809 -0.007157 0.916134
vn -0.400809 -0.007157 0.916134
vn 0.082885 -0.062164 0.994618
vn -0.082885 -0.062164 0.994618
vn 0.041065 0.164260 0.985562
vn -0.071067 -0.071067 0.994937
vn -0.487049 0.608811 0.626205
vn 0.298142 0.745356 0.596285
vn 0.557086 -0.148556 0.817060
vn -0.557086 -0.148556 0.817060
vn 0.452596 -0.177557 0.873859
vn -0.452596 -0.177557 0.873859
vn 0.411054 -0.845597 0.340588
vn -0.411054 -0.845597 0.340588
vn 0.525068 0.302312 0.795557
vn -0.525058 0.196897 0.827977
vn 0.297964 0.580246 0.757979
vn -0.297964 0.580246 0.757979
vn 0.073694 -0.992789 -0.094551
vn -0.110453 -0.991568 -0.067778
vn 0.585489 -0.790410 0.180150
vn -0.446086 -0.890959 -0.084853
vn 0.924652 -0.253129 0.284508
vn -0.924652 -0.253129 0.284508
vn 0.847951 0.529969 0.010599
vn -0.847951 0.529969 0.010599
vn -0.298426 0.899733 -0.318469
vn 0.298426 0.899733 -0.318469
vn -0.542987 0.818859 -0.186104
vn 0.542987 0.818859 -0.186104
vn -0.548228 -0.003883 -0.836320
vn 0.548228 -0.003883 -0.836320
vn -0.266747 0.006422 -0.963745
vn 0.113643 -0.054588 -0.992021
vn 0.404624 0.026581 -0.914097
vn -0.404624 0.026581 -0.914097
vn -0.748378 0.662721 -0.027050
vn 0.748378 0.662721 -0.027050
vn 0.684353 -0.171088 -0.708794
vn -0.684353 -0.171088 -0.708794
vn 0.007891 -0.915403 -0.402462
vn 0.570200 -0.814571 -0.106521
vn 0.666010 -0.204926 0.717242
vn -0.663036 -0.192883 0.723312
vn 0.830101 -0.307090 0.465433
vn -0.828520 -0.299015 0.473440
vn 0.408092 -0.803818 0.432825
vn -0.425062 -0.779280 0.460484
vn 0.371366 -0.486617 0.790753
vn -0.338487 -0.548583 0.764515
vn -0.099184 -0.547220 0.831091
vn 0.039277 -0.523693 0.851001
vn -0.258889 -0.838801 0.478945
vn 0.283710 -0.844293 0.454619
vn -0.774251 -0.344719 0.530758
vn 0.774251 -0.344719 0.530758
vn -0.470597 -0.198146 0.859812
vn 0.470597 -0.198146 0.859812
vn -0.482283 0.203067 0.852154
vn 0.467208 0.169894 0.867671
vn -0.764039 0.327842 0.555665
vn 0.764039 0.327842 0.555665
vn -0.241291 0.814358 0.527825
vn 0.241291 0.814358 0.527825
vn -0.115470 0.577350 0.808290
vn 0.115470 0.577350 0.808290
vn 0.378344 0.513467 0.770200
vn -0.378344 0.513467 0.770200
vn 0.406930 0.777955 0.478742
vn -0.406930 0.777955 0.478742
vn 0.827165 0.292478 0.479847
vn -0.827165 0.292478 0.479847
vn 0.674819 0.209652 0.707577
vn -0.674819 0.209652 0.707577
vn 0.847998 0.317999 -0.423999
vn -0.847998 0.317999 -0.423999
vn 0.214297 0.826574 -0.520435
vn -0.214297 0.826574 -0.520435
vn -0.432041 0.750388 -0.500258
vn 0.432041 0.750388 -0.500258
vn -0.846181 0.352575 -0.399585
vn 0.846181 0.352575 -0.399585
vn -0.832845 -0.378566 -0.403804
vn 0.789474 -0.315789 -0.526316
vn -0.432041 -0.750388 -0.500259
vn 0.408248 -0.816497 -0.408248
vn 0.214297 -0.826574 -0.520435
vn -0.197727 -0.815623 -0.543749
vn 0.839964 -0.343622 -0.419982
vn -0.752217 -0.356313 -0.554265
vn 0.141433 -0.839474 0.524671
vn -0.141433 -0.839474 0.524671
vn 0.233571 -0.850198 0.471813
vn -0.233571 -0.850198 0.471813
vn 0.623035 -0.426287 0.655826
vn -0.548630 -0.488780 0.678306
vn 0.789793 -0.017320 0.613129
vn -0.756147 -0.069645 0.650685
vn 0.752771 0.054417 0.656029
vn -0.801465 0.121434 0.585582
vn 0.435894 -0.688253 0.579917
vn -0.229854 -0.896039 0.379843
vn 0.442082 -0.684793 0.579329
vn -0.442082 -0.684793 0.579329
vn 0.689836 -0.414590 0.593500
vn -0.689086 -0.423923 0.587750
vn 0.766752 -0.256891 0.588301
vn -0.766752 -0.256891 0.588301
vn 0.573765 -0.440072 0.690746
vn -0.573765 -0.440072 0.690746
vn 0.505128 0.650645 0.567015
vn -0.505128 0.650645 0.567015
vn 0.581007 0.510582 0.633827
vn -0.630433 0.520792 0.575613
vn -0.032791 0.655826 0.754200
vn 0.032791 0.655826 0.754200
vn -0.655169 0.326496 0.681289
vn 0.655169 0.326496 0.681289
vn -0.567735 0.555907 0.607161
vn 0.567735 0.555907 0.607161
vn 0.648351 -0.378710 0.660470
vn -0.648351 -0.378710 0.660470
vn 0.222422 -0.467656 0.855468
vn -0.218052 -0.470992 0.854763
vn 0.009908 -0.495403 0.868607
vn -0.009908 -0.495403 0.868607
vn 0.046213 -0.582801 0.811300
vn -0.046213 -0.582801 0.811300
vn -0.426251 -0.377537 0.822056
vn 0.426251 -0.377537 0.822056
vn -0.086092 0.012299 0.996211
vn 0.086092 0.012299 0.996211
vn 0.437362 -0.306154 0.845567
vn -0.437362 -0.306154 0.845567
vn 0.322277 -0.276237 0.905445
vn -0.357888 -0.306761 0.881938
vn 0.481543 -0.240772 0.842701
vn -0.306946 0.211293 0.927976
vn -0.292159 0.282884 0.913575
vn -0.386906 0.171414 0.906047
vn 0.334643 -0.185509 0.923905
vn -0.334643 -0.185509 0.923905
vn 0.054742 -0.361903 0.930607
vn -0.386342 -0.044578 0.921278
vn 0.057130 -0.231242 0.971217
vn -0.057130 -0.231242 0.971217
vn 0.097666 -0.647680 0.755626
vn -0.020355 -0.783677 0.620835
vn 0.147043 -0.661693 0.735214
vn -0.207390 -0.518476 0.829561
vn 0.175467 -0.363467 0.914934
vn -0.175467 -0.363467 0.914934
vn 0.332048 -0.007298 0.943234
vn -0.281888 -0.044419 0.958419
vn 0.313971 -0.145772 0.938175
vn -0.359533 -0.089883 0.928793
vn 0.000000 0.049938 0.998752
vn -0.004434 -0.066518 0.997775
vn 0.004434 -0.066518 0.997775
vn 0.000000 -0.000001 1.000000
vn 0.744073 -0.658218 0.114473
vn -0.847337 -0.511933 -0.141223
vn 0.949990 0.269164 -0.158332
vn -0.949990 0.269164 -0.158332
vn 0.070860 0.921175 -0.382642
vn -0.070860 0.921175 -0.382642
vn -0.722993 0.097702 0.683912
vn 0.722993 0.097702 0.683912
vn 0.440225 -0.880451 0.176090
vn -0.440225 -0.880451 0.176090
vn -0.520719 0.615395 0.591726
vn 0.781404 0.558146 0.279073
vn 0.127000 0.762001 0.635001
vn -0.089712 0.807410 0.583130
vn 0.766261 0.287348 0.574696
vn -0.766261 0.287348 0.574696
vn -0.604551 -0.654930 0.453413
vn 0.040390 0.242338 0.969351
vn -0.040390 0.242338 0.969351
vn 0.428571 -0.857143 0.285714
vn 0.056293 -0.262700 0.963234
vn -0.781795 -0.366157 0.504703
vn -0.006388 0.083044 0.996525
vn 0.581914 -0.363696 0.727393
vn 0.872872 -0.218218 0.436436
vn 0.729421 0.162094 0.664583
vn -0.729421 0.162094 0.664583
vn 0.332822 0.078311 0.939732
vn -0.332822 0.078311 0.939732
vn 0.791554 0.186248 0.582025
vn -0.791554 0.186248 0.582025
vn 0.877266 0.194948 0.438633
vn -0.877266 0.194948 0.438633
vn 0.910178 -0.044591 0.411810
vn -0.893156 0.430173 0.131239
vn 0.033615 -0.336146 0.941210
vn -0.033615 -0.336146 0.941210
vn -0.192450 -0.192450 0.962250
vn 0.135319 -0.202979 0.969788
vn -0.188144 -0.282216 0.940721
vn 0.356915 0.107075 0.927980
vn -0.065512 0.393073 0.917171
vn 0.124035 0.000000 0.992278
vn -0.646159 0.758535 0.084282
vn 0.739600 0.647150 0.184901
vn 0.052632 -0.315789 0.947368
vn -0.015962 -0.287311 0.957704
vn -0.598986 -0.245040 0.762346
vn 0.448143 -0.293016 0.844577
vn -0.521443 0.052144 0.851691
vn 0.286864 -0.103271 0.952389
vn -0.123882 0.049553 0.991059
vn 0.123882 0.049553 0.991059
vn -0.548821 -0.329293 0.768350
vn 0.548821 -0.329293 0.768350
vn 0.265483 -0.829636 0.491144
vn 0.397220 -0.635553 0.662034
vn -0.418605 -0.581395 0.697674
vn 0.516784 -0.214514 0.828805
vn -0.591414 -0.511493 0.623382
vn 0.588227 -0.115717 0.800374
vn -0.544023 -0.077718 0.835464
vn 0.567152 0.110664 0.816145
vn -0.567152 0.110664 0.816145
vn 0.528094 0.215149 0.821479
vn -0.528094 0.215149 0.821479
vn -0.061285 0.306426 0.949920
vn -0.406303 0.715093 0.568824
vn 0.177192 0.389823 0.903682
vn -0.152410 0.335302 0.929701
vn -0.012939 0.181147 0.983371
vn 0.021878 0.306290 0.951687
vn 0.355266 -0.573890 0.737859
vn -0.280430 -0.218112 0.934765
vn 0.296334 -0.211667 0.931334
vn -0.266679 -0.304776 0.914327
vn -0.182574 -0.912871 0.365148
vn 0.182574 -0.912871 0.365148
vn 0.045478 -0.750388 0.659432
vn -0.045478 -0.750388 0.659432
vn -0.320713 -0.267261 0.908688
vn 0.381000 -0.254000 0.889001
vn -0.230391 0.025599 0.972761
vn 0.230391 0.025599 0.972761
vn -0.053239 0.359362 0.931678
vn 0.221581 0.569780 0.791361
vn 0.025206 0.554524 0.831786
vn -0.025206 0.554524 0.831786
vn 0.350177 0.654679 0.669904
vn -0.350177 0.654679 0.669904
vn 0.738200 -0.461375 0.492133
vn -0.601445 -0.240578 0.761831
vn 0.806064 -0.065357 0.588209
vn -0.829185 -0.082919 0.552790
vn 0.790345 0.112906 0.602168
vn -0.779987 0.118180 0.614535
vn -0.404311 0.855017 -0.324774
vn 0.694716 0.709497 -0.118250
vn -0.846507 0.372757 -0.380102
vn 0.855186 0.366508 -0.366508
vn -0.215621 0.888361 -0.405368
vn 0.215621 0.888361 -0.405368
vn 0.587871 0.747790 -0.308575
vn -0.587871 0.747790 -0.308575
vn 0.350238 0.876606 -0.329992
vn -0.350238 0.876606 -0.329992
vn 0.285868 0.911603 -0.295397
vn -0.278943 0.918076 -0.281652
vn 0.898143 0.067270 -0.434527
vn -0.898143 0.067270 -0.434527
vn 0.595505 -0.712308 -0.371472
vn -0.452713 -0.728585 -0.514018
vn 0.249041 -0.774794 -0.581096
vn -0.440781 -0.819481 -0.366283
vn 0.368294 -0.677996 -0.636145
vn -0.368294 -0.677996 -0.636145
vn 0.171779 -0.022904 -0.984869
vn -0.171779 -0.022904 -0.984869
vn -0.064999 -0.357494 -0.931651
vn 0.064999 -0.357494 -0.931651
vn 0.177679 -0.981909 -0.065461
vn -0.058475 -0.977375 -0.203272
vn 0.134050 -0.968141 -0.211502
vn -0.101592 -0.965123 -0.241281
vn 0.980180 0.192192 0.048048
vn -0.608216 -0.331400 -0.721282
vn 0.944069 0.184939 -0.273005
vn -0.920777 0.146009 -0.361734
vn 0.247475 -0.016921 -0.968747
vn -0.087930 0.053124 -0.994709
vn 0.199158 -0.322167 -0.925497
vn -0.199158 -0.322167 -0.925497
vn 0.870302 -0.477813 -0.119453
vn -0.870302 -0.477813 -0.119453
vn 0.918440 0.135786 -0.371525
vn -0.920408 0.139456 -0.365241
vn 0.924627 0.346735 -0.157607
vn -0.924627 0.346735 -0.157607
vn 0.907920 0.373419 -0.190370
vn -0.907920 0.373419 -0.190370
vn 0.991801 0.123975 0.030994
vn -0.991801 0.123975 0.030994
vn 0.079745 -0.797452 -0.598089
vn -0.079745 -0.797452 -0.598089
vn 0.373117 -0.470405 -0.799689
vn -0.373117 -0.470405 -0.799689
vn 0.330884 -0.814402 -0.476723
vn -0.330884 -0.814402 -0.476723
vn 0.303090 -0.946422 -0.111459
vn -0.265974 -0.954013 -0.138263
vn 0.348743 -0.929981 -0.116248
vn -0.284208 -0.930136 -0.232534
vn 0.956962 0.257365 -0.134120
vn -0.956962 0.257365 -0.134120
vn 0.861521 -0.337915 0.378940
vn -0.691649 -0.722163 0.010171
vn 0.436826 -0.042787 -0.898528
vn -0.436826 -0.042787 -0.898528
vn 0.112859 0.967467 0.226428
vn -0.112859 0.967467 0.226428
vn 0.137320 0.971291 -0.194258
vn -0.120926 0.976388 -0.179005
vn 0.387556 0.555474 -0.735696
vn -0.300033 0.640864 -0.706593
vn 0.565951 0.760496 -0.318347
vn -0.352190 0.932651 -0.078264
vn 0.343166 0.696426 0.630260
vn 0.094386 0.670139 0.736210
vn 0.583767 0.791981 0.178834
vn -0.625482 0.766875 0.143789
vn 0.715914 0.664472 -0.214346
vn -0.690128 0.696659 -0.195935
vn 0.590457 0.174525 -0.787973
vn -0.590457 0.174525 -0.787973
vn 0.058015 0.367429 -0.928240
vn -0.714499 0.426452 -0.554643
vn 0.595903 0.773063 -0.217424
vn -0.675140 0.723364 -0.144673
vn 0.690541 0.710905 0.133295
vn -0.738071 0.653580 0.167585
vn 0.677195 0.482375 0.555627
vn -0.776627 0.335766 0.533022
vn 0.158041 0.950572 -0.267276
vn -0.158041 0.950572 -0.267276
vn 0.156987 0.642722 0.749842
vn -0.156987 0.642722 0.749842
vn -0.168134 0.100505 -0.980627
vn 0.168134 0.100505 -0.980627
vn 0.023299 0.968843 -0.246579
vn -0.041931 0.372966 0.926897
vn 0.498048 0.820648 -0.280152
vn -0.498048 0.820648 -0.280152
vn 0.945595 0.013329 0.325072
vn -0.933361 0.235393 0.270976
vn 0.996980 0.075751 0.017105
vn -0.901926 0.379315 -0.206516
vn 0.961699 0.146796 -0.231485
vn -0.961699 0.146796 -0.231485
vn 0.746041 -0.659560 0.091670
vn -0.746041 -0.659560 0.091670
vn 0.371878 -0.924382 0.085001
vn -0.371878 -0.924382 0.085001
vn 0.387671 -0.903540 0.182554
vn -0.548020 -0.773958 0.317275
vn 0.848945 -0.221464 0.479839
vn -0.499284 -0.851720 0.159026
vn 0.570582 -0.344303 -0.745582
vn -0.570582 -0.344303 -0.745582
vn 0.562892 -0.263733 -0.783325
vn -0.562892 -0.263733 -0.783325
vn 0.105938 -0.916539 -0.385660
vn -0.105938 -0.916539 -0.385660
vn 0.697614 -0.647014 -0.307746
vn -0.697614 -0.647014 -0.307746
vn 0.480811 0.254547 0.839063
vn -0.480811 0.254547 0.839063
vn 0.503292 0.047933 0.862786
vn -0.410191 0.274828 0.869605
vn 0.145938 0.091211 0.985080
vn -0.145938 0.091211 0.985080
vn 0.283452 -0.103074 0.953431
vn -0.283452 -0.103074 0.953431
vn 0.505826 -0.246744 0.826594
vn -0.505826 -0.246744 0.826594
vn 0.624650 -0.412140 0.663289
vn -0.613244 -0.208998 0.761743
vn 0.484318 0.558018 0.673834
vn -0.484318 0.558018 0.673833
vn -0.269338 0.831434 0.485979
vn 0.264198 0.830336 0.490653
vn -0.800022 0.207413 0.562978
vn 0.800022 0.207413 0.562978
vn -0.522496 -0.356527 0.774523
vn 0.522496 -0.356527 0.774523
vn 0.486190 -0.519041 0.703005
vn -0.486190 -0.519041 0.703005
vn 0.714339 -0.416698 0.562212
vn -0.688357 -0.473246 0.549730
vn 0.996972 -0.037764 -0.067975
vn -0.996972 -0.037764 -0.067975
vn -0.197104 0.314030 0.928728
vn 0.197104 0.314030 0.928728
vn 0.914238 -0.366421 -0.172931
vn -0.887036 -0.383852 -0.256564
vn -0.120386 0.240772 0.963087
vn -0.371135 0.037113 0.927837
vn 0.023355 0.994904 0.098089
vn -0.137793 0.803793 0.578731
vn 0.606788 -0.606788 0.513436
vn -0.606788 -0.606788 0.513436
vn 0.580199 0.193400 0.791180
vn -0.102194 0.817553 0.566713
vn 0.701334 -0.701334 -0.127515
vn -0.701334 -0.701334 -0.127515
vn 0.457983 -0.441913 0.771339
vn -0.457983 -0.441913 0.771339
vn 0.715512 -0.415459 0.561638
vn -0.715512 -0.415459 0.561638
vn 0.827147 0.532322 -0.180171
vn -0.827147 0.532322 -0.180171
vn 0.900500 -0.433574 -0.033352
vn -0.900500 -0.433574 -0.033352
vn 0.676753 -0.728811 0.104116
vn -0.772350 -0.573034 0.274059
vn 0.797077 -0.597808 0.085401
vn -0.797077 -0.597808 0.085401
vn 0.242338 0.969351 0.040390
vn -0.242338 0.969351 0.040390
vn 0.931907 0.349465 0.097074
vn -0.931907 0.349465 0.097074
vn 0.624695 -0.780869 -0.000000
vn -0.109335 0.984015 0.140574
vn -0.110432 0.993884 0.000000
vn 0.586648 -0.752681 0.298858
vn -0.661828 -0.649341 0.374620
vn 0.252879 -0.908786 0.331904
vn -0.296806 -0.871867 0.389557
vn -0.822210 -0.562565 -0.086549
vn 0.827110 -0.448433 -0.338816
vn -0.816910 0.218382 -0.533823
vn 0.816910 0.218382 -0.533823
vn -0.483417 0.872662 -0.069060
vn 0.483417 0.872662 -0.069060
vn 0.040373 0.989142 0.141306
vn -0.040373 0.989142 0.141306
vn 0.137516 -0.027503 0.990118
vn -0.137516 -0.027503 0.990118
vn 0.339983 -0.029999 0.939953
vn -0.339983 -0.029999 0.939953
vn 0.236807 0.035521 0.970907
vn -0.382991 0.011264 0.923684
vn 0.180460 0.067673 0.981252
vn -0.180460 0.067673 0.981252
vn 0.308264 -0.181332 0.933859
vn -0.328721 0.595807 0.732774
vn 0.399963 -0.065300 0.914202
vn -0.399963 -0.065300 0.914202
vn 0.361833 -0.058152 0.930428
vn -0.361833 -0.058152 0.930428
vn 0.071067 -0.071067 0.994937
vn -0.041065 0.164260 0.985562
vn -0.298142 0.745356 0.596285
vn 0.487049 0.608811 0.626205
vn 0.669312 0.180199 0.720798
vn -0.669312 0.180199 0.720798
vn 0.443738 -0.214293 0.870158
vn -0.443738 -0.214293 0.870158
vn 0.493213 -0.104785 0.863575
vn -0.493213 -0.104785 0.863575
vn 0.525058 0.196897 0.827977
vn -0.525068 0.302312 0.795557
vn 0.110453 -0.991568 -0.067778
vn -0.073694 -0.992789 -0.094551
vn 0.446086 -0.890959 -0.084853
vn -0.585489 -0.790410 0.180150
vn 0.934096 -0.244495 0.260168
vn -0.934096 -0.244495 0.260168
vn 0.832821 0.549401 -0.067585
vn -0.832821 0.549401 -0.067585
vn -0.191998 0.956991 -0.217498
vn 0.191998 0.956991 -0.217498
vn -0.355407 0.931910 -0.072321
vn 0.355407 0.931910 -0.072321
vn -0.521508 -0.019655 -0.853020
vn 0.521508 -0.019655 -0.853020
vn -0.113643 -0.054588 -0.992021
vn 0.266747 0.006422 -0.963745
vn -0.821852 0.563467 0.084053
vn 0.821852 0.563467 0.084053
vn 0.419982 -0.229081 -0.878144
vn -0.419982 -0.229081 -0.878144
vn -0.570200 -0.814571 -0.106521
vn -0.007891 -0.915403 -0.402462
s off
f 47 1 1 1 2 1 45 3 1
f 4 4 2 2 5 2 46 6 2
f 45 3 3 3 7 3 43 8 3
f 6 9 4 4 4 4 44 10 4
f 3 11 5 9 12 5 5 13 5
f 8 14 6 10 15 6 6 9 6
f 1 2 7 11 16 7 3 7 7
f 10 15 8 12 17 8 4 4 8
f 11 18 9 13 19 9 9 20 9
f 16 21 10 14 22 10 10 15 10
f 9 20 11 15 23 11 7 24 11
f 18 25 12 16 21 12 8 14 12
f 15 23 13 21 26 13 19 27 13
f 20 28 14 22 29 14 16 30 14
f 13 19 15 23 31 15 21 26 15
f 22 29 16 24 32 16 14 33 16
f 23 34 17 25 35 17 21 36 17
f 28 37 18 26 38 18 22 29 18
f 21 36 19 27 39 19 29 40 19
f 30 41 20 28 37 20 22 29 20
f 27 39 21 33 42 21 31 43 21
f 32 44 22 34 45 22 28 37 22
f 25 46 23 35 47 23 33 48 23
f 34 45 24 36 49 24 26 38 24
f 35 47 25 37 50 25 39 51 25
f 40 52 26 38 53 26 36 54 26
f 33 48 27 39 51 27 41 55 27
f 42 56 28 40 52 28 34 57 28
f 39 51 29 45 3 29 43 8 29
f 44 58 30 46 59 30 40 52 30
f 37 50 31 47 1 31 45 3 31
f 46 59 32 48 60 32 38 53 32
f 47 61 33 37 62 33 51 63 33
f 52 64 34 38 53 34 48 60 34
f 37 62 35 35 65 35 53 66 35
f 54 67 36 36 68 36 38 69 36
f 35 70 37 25 35 37 55 71 37
f 56 72 38 26 73 38 36 68 38
f 25 35 39 23 34 39 57 74 39
f 58 75 40 24 76 40 26 73 40
f 23 77 41 13 78 41 57 79 41
f 60 80 42 14 81 42 58 82 42
f 13 78 43 11 83 43 59 84 43
f 64 85 44 12 86 44 60 80 44
f 11 87 45 1 88 45 63 89 45
f 66 90 46 2 91 46 64 92 46
f 1 88 47 47 93 47 65 94 47
f 50 95 48 48 96 48 66 90 48
f 61 97 49 65 98 49 49 99 49
f 50 100 50 66 101 50 62 102 50
f 63 103 51 65 98 51 61 97 51
f 62 102 52 66 101 52 64 104 52
f 61 97 53 59 105 53 63 103 53
f 64 106 54 60 107 54 62 108 54
f 61 97 55 57 109 55 59 105 55
f 60 107 56 58 110 56 62 108 56
f 61 97 57 55 111 57 57 109 57
f 58 110 58 56 112 58 62 108 58
f 61 97 59 53 113 59 55 111 59
f 56 112 60 54 114 60 62 108 60
f 61 97 61 51 115 61 53 113 61
f 54 114 62 52 116 62 62 108 62
f 61 97 63 49 99 63 51 115 63
f 52 117 64 50 100 64 62 102 64
f 89 118 65 174 119 65 176 120 65
f 176 120 66 175 121 66 90 122 66
f 87 123 67 172 124 67 174 119 67
f 175 121 68 173 125 68 88 126 68
f 85 127 69 170 128 69 87 129 69
f 173 125 70 171 130 70 88 126 70
f 83 131 71 168 132 71 85 127 71
f 171 130 72 169 133 72 86 134 72
f 81 135 73 166 136 73 83 131 73
f 169 137 74 167 138 74 84 139 74
f 79 140 75 92 141 75 164 142 75
f 147 143 76 93 144 76 165 145 76
f 92 146 77 94 147 77 148 148 77
f 149 149 78 95 150 78 93 144 78
f 94 151 79 96 152 79 148 153 79
f 151 154 80 97 155 80 149 149 80
f 96 152 81 98 156 81 152 157 81
f 153 158 82 99 159 82 97 155 82
f 98 156 83 100 160 83 154 161 83
f 155 162 84 101 163 84 99 164 84
f 100 160 85 102 165 85 156 166 85
f 157 167 86 103 168 86 101 163 86
f 102 165 87 104 169 87 156 166 87
f 159 170 88 105 171 88 157 167 88
f 104 169 89 106 172 89 160 173 89
f 161 174 90 107 175 90 105 176 90
f 106 177 91 108 178 91 162 179 91
f 163 180 92 109 181 92 107 175 92
f 108 178 93 67 182 93 68 183 93
f 68 184 94 67 185 94 109 181 94
f 110 186 95 128 187 95 160 173 95
f 161 188 96 129 189 96 111 190 96
f 128 187 97 179 191 97 160 173 97
f 159 192 98 180 193 98 161 188 98
f 126 194 99 156 195 99 158 196 99
f 159 192 100 157 197 100 127 198 100
f 124 199 101 154 200 101 156 195 101
f 157 197 102 155 201 102 125 202 102
f 122 203 103 152 204 103 154 200 103
f 155 201 104 153 158 104 123 205 104
f 120 206 105 150 207 105 152 157 105
f 153 158 106 151 154 106 121 208 106
f 118 209 107 148 153 107 150 207 107
f 151 154 108 149 149 108 119 210 108
f 116 211 109 146 212 109 118 209 109
f 149 149 110 147 143 110 119 210 110
f 114 213 111 164 214 111 116 211 111
f 147 215 112 165 216 112 117 217 112
f 114 213 113 181 218 113 164 214 113
f 177 219 114 182 220 114 165 216 114
f 110 186 115 162 221 115 68 222 115
f 68 223 116 163 224 116 111 190 116
f 112 225 117 68 222 117 183 226 117
f 178 227 118 68 223 118 184 228 118
f 177 219 119 181 218 119 183 226 119
f 184 229 120 182 220 120 177 219 120
f 135 230 121 137 231 121 174 119 121
f 176 120 122 137 231 122 175 121 122
f 133 232 123 135 230 123 172 124 123
f 175 121 124 136 233 124 173 125 124
f 131 234 125 133 235 125 172 236 125
f 173 125 126 134 237 126 132 238 126
f 166 136 127 187 239 127 168 132 127
f 186 240 128 188 241 128 169 242 128
f 131 234 129 170 128 129 185 243 129
f 169 133 130 171 130 130 186 244 130
f 144 245 131 190 246 131 189 247 131
f 189 247 132 190 246 132 145 248 132
f 185 243 133 187 239 133 189 247 133
f 189 247 133 188 241 133 186 240 133
f 130 249 134 131 234 134 185 243 134
f 186 240 134 132 250 134 130 249 134
f 142 251 135 193 252 135 144 253 135
f 192 254 136 194 255 136 145 256 136
f 140 257 137 195 258 137 193 259 137
f 194 260 138 196 261 138 141 262 138
f 139 263 139 197 264 139 195 258 139
f 196 265 140 198 266 140 139 267 140
f 138 268 141 71 269 141 197 270 141
f 198 271 142 71 272 142 138 273 142
f 190 274 143 144 253 143 191 275 143
f 192 254 144 145 256 144 190 276 144
f 70 277 145 191 278 145 206 279 145
f 207 280 146 192 254 146 70 277 146
f 71 269 147 199 281 147 197 270 147
f 201 282 148 199 283 148 198 271 148
f 197 284 149 200 285 149 195 286 149
f 203 287 150 201 288 150 196 261 150
f 195 286 151 202 289 151 204 290 151
f 205 291 152 203 287 152 196 261 152
f 193 252 153 204 292 153 191 275 153
f 207 280 154 205 293 154 192 254 154
f 199 294 155 204 290 155 202 289 155
f 203 295 156 205 296 156 199 283 156
f 199 297 157 208 298 157 204 299 157
f 207 280 158 208 298 158 205 293 158
f 139 300 159 140 301 159 177 302 159
f 165 216 160 141 303 160 177 219 160
f 140 301 161 142 304 161 164 305 161
f 212 306 162 143 307 162 165 216 162
f 142 308 163 144 245 163 213 309 163
f 214 310 164 145 256 164 143 311 164
f 144 245 165 187 239 165 166 136 165
f 167 312 166 188 241 166 145 248 166
f 81 135 167 209 313 167 213 309 167
f 214 314 168 210 315 168 82 316 168
f 209 313 169 215 317 169 211 318 169
f 212 319 170 216 320 170 210 315 170
f 79 321 171 164 322 171 215 317 171
f 212 319 172 165 323 172 216 320 172
f 131 324 173 130 325 173 72 326 173
f 72 326 174 130 325 174 132 238 174
f 133 232 175 131 324 175 220 327 175
f 223 328 176 132 329 176 221 330 176
f 135 230 177 133 232 177 218 331 177
f 221 330 178 134 332 178 219 333 178
f 137 334 179 135 335 179 217 336 179
f 219 333 180 136 337 180 217 336 180
f 217 338 181 218 339 181 229 340 181
f 230 341 182 219 342 182 217 343 182
f 218 339 183 220 344 183 229 340 183
f 228 345 184 221 346 184 230 341 184
f 220 344 185 222 347 185 227 348 185
f 226 349 186 223 350 186 228 351 186
f 222 352 187 72 353 187 224 354 187
f 224 355 188 72 326 188 223 356 188
f 224 357 189 231 358 189 225 359 189
f 230 360 190 231 358 190 226 361 190
f 225 359 191 229 362 191 227 363 191
f 228 364 192 230 365 192 226 366 192
f 183 367 193 181 368 193 232 369 193
f 235 370 194 182 220 194 233 371 194
f 112 372 195 183 367 195 254 373 195
f 233 371 196 184 229 196 255 374 196
f 110 186 197 112 225 197 254 375 197
f 255 374 198 113 376 198 111 377 198
f 181 368 199 114 378 199 252 379 199
f 253 380 200 115 381 200 182 220 200
f 114 378 201 116 382 201 252 379 201
f 251 383 202 117 384 202 253 385 202
f 116 211 203 118 209 203 250 386 203
f 249 387 204 119 210 204 251 383 204
f 118 209 205 120 206 205 248 388 205
f 247 389 206 121 208 206 249 387 206
f 120 206 207 122 390 207 246 391 207
f 245 392 208 123 205 208 247 389 208
f 122 390 209 124 393 209 242 394 209
f 243 395 210 125 396 210 123 397 210
f 124 393 211 126 398 211 240 399 211
f 241 400 212 127 401 212 125 396 212
f 126 398 213 179 191 213 240 399 213
f 237 402 214 180 403 214 241 400 214
f 179 191 215 128 187 215 236 404 215
f 239 405 216 129 406 216 237 407 216
f 128 187 217 110 186 217 238 408 217
f 257 409 218 111 377 218 239 405 218
f 238 408 219 256 410 219 276 411 219
f 259 412 220 257 413 220 277 414 220
f 236 404 221 238 408 221 278 415 221
f 277 414 222 239 416 222 279 417 222
f 240 418 223 236 419 223 278 420 223
f 279 417 224 237 421 224 241 422 224
f 242 423 225 240 418 225 274 424 225
f 275 425 226 241 422 226 243 426 226
f 244 427 227 242 423 227 270 428 227
f 273 429 228 243 430 228 271 431 228
f 246 432 229 244 427 229 270 428 229
f 271 431 230 245 433 230 247 434 230
f 248 388 231 246 391 231 266 435 231
f 269 436 232 247 434 232 267 437 232
f 250 386 233 248 388 233 266 435 233
f 267 437 234 249 438 234 251 439 234
f 252 440 235 250 386 235 264 441 235
f 265 442 236 251 443 236 253 444 236
f 234 445 237 252 440 237 280 446 237
f 263 447 238 253 444 238 281 448 238
f 256 410 239 254 375 239 258 449 239
f 261 450 240 255 451 240 259 412 240
f 254 375 241 232 452 241 260 453 241
f 283 454 242 233 455 242 261 450 242
f 232 452 243 234 445 243 282 456 243
f 281 448 244 235 457 244 283 458 244
f 67 182 245 108 178 245 73 459 245
f 285 460 246 109 461 246 73 462 246
f 108 178 247 106 177 247 284 463 247
f 287 464 248 107 465 248 285 460 248
f 106 466 249 104 467 249 288 468 249
f 289 469 250 105 470 250 107 465 250
f 104 467 251 102 471 251 290 472 251
f 291 473 252 103 168 252 105 171 252
f 102 471 253 100 474 253 292 475 253
f 293 476 254 101 163 254 103 168 254
f 100 474 255 98 477 255 292 475 255
f 295 478 256 99 164 256 293 476 256
f 98 477 257 96 479 257 296 480 257
f 297 481 258 97 482 258 99 483 258
f 96 484 259 94 485 259 296 486 259
f 299 487 260 95 488 260 297 481 260
f 94 485 261 92 141 261 298 489 261
f 301 490 262 93 491 262 299 487 262
f 308 492 263 309 493 263 328 494 263
f 329 495 264 309 496 264 308 497 264
f 307 498 265 308 497 265 338 499 265
f 339 500 266 308 497 266 307 498 266
f 306 501 267 307 498 267 336 502 267
f 337 503 268 307 498 268 306 501 268
f 89 504 269 91 505 269 340 506 269
f 306 507 270 91 508 270 341 509 270
f 87 510 271 89 504 271 334 511 271
f 341 512 272 90 513 272 335 514 272
f 85 515 273 87 510 273 330 516 273
f 335 517 274 88 518 274 331 519 274
f 83 520 275 85 521 275 332 522 275
f 331 523 276 86 524 276 333 525 276
f 330 526 277 336 502 277 332 527 277
f 339 500 278 337 503 278 333 528 278
f 330 526 279 334 529 279 340 530 279
f 341 531 280 335 517 280 331 519 280
f 326 532 281 332 533 281 338 534 281
f 339 500 282 333 528 282 327 535 282
f 81 536 283 83 520 283 326 537 283
f 333 525 284 84 139 284 327 538 284
f 209 539 285 342 540 285 344 541 285
f 345 542 286 343 543 286 210 315 286
f 81 536 287 326 537 287 342 540 287
f 343 543 288 327 538 288 82 316 288
f 79 544 289 215 545 289 344 541 289
f 345 542 290 216 320 290 80 546 290
f 79 140 291 346 547 291 300 548 291
f 301 490 292 347 549 292 80 550 292
f 77 551 293 324 552 293 352 553 293
f 353 554 294 325 555 294 77 556 294
f 304 557 295 352 553 295 350 558 295
f 351 559 296 353 554 296 304 560 296
f 78 561 297 350 558 297 305 562 297
f 349 563 298 351 564 298 305 565 298
f 305 562 299 348 566 299 309 493 299
f 329 567 300 349 563 300 309 568 300
f 326 532 301 328 494 301 348 566 301
f 349 569 302 329 570 302 327 538 302
f 296 486 303 298 489 303 310 571 303
f 319 572 304 299 573 304 311 574 304
f 76 575 305 316 576 305 324 577 305
f 325 555 306 317 578 306 76 575 306
f 302 579 307 358 580 307 356 581 307
f 357 582 308 359 583 308 302 584 308
f 303 585 309 356 581 309 75 586 309
f 355 587 310 357 588 310 75 586 310
f 75 586 311 354 589 311 76 590 311
f 317 578 312 355 591 312 76 575 312
f 292 475 313 294 592 313 364 593 313
f 363 594 314 295 478 314 365 595 314
f 364 596 315 362 597 315 366 598 315
f 369 599 316 363 594 316 367 600 316
f 366 601 317 368 602 317 372 603 317
f 371 604 318 369 599 318 373 605 318
f 372 603 319 370 606 319 374 607 319
f 377 608 320 371 604 320 375 609 320
f 314 610 321 378 611 321 374 607 321
f 375 612 322 379 613 322 315 614 322
f 316 615 323 354 589 323 378 611 323
f 375 612 324 355 591 324 379 613 324
f 354 589 325 356 581 325 374 607 325
f 373 605 326 357 582 326 375 609 326
f 356 581 327 358 580 327 372 603 327
f 367 600 328 359 583 328 373 605 328
f 358 616 329 360 617 329 366 598 329
f 365 595 330 361 618 330 367 600 330
f 290 472 331 292 475 331 364 593 331
f 365 595 332 293 476 332 291 473 332
f 74 619 333 360 617 333 358 616 333
f 359 620 334 361 621 334 74 619 334
f 284 622 335 286 623 335 288 624 335
f 289 625 336 287 626 336 285 627 336
f 284 628 337 290 629 337 74 630 337
f 361 618 338 291 473 338 74 631 338
f 73 632 339 284 633 339 74 634 339
f 74 634 340 285 635 340 73 632 340
f 294 592 341 296 480 341 310 636 341
f 311 637 342 297 638 342 295 478 342
f 310 639 343 312 640 343 362 597 343
f 369 599 344 313 641 344 363 594 344
f 312 642 345 382 643 345 368 602 345
f 371 604 346 383 644 346 369 599 346
f 314 645 347 376 646 347 370 647 347
f 371 604 348 377 608 348 315 648 348
f 348 566 349 350 558 349 386 649 349
f 387 650 350 351 564 350 349 563 350
f 318 651 351 384 652 351 386 649 351
f 387 650 352 385 653 352 319 572 352
f 298 489 353 300 548 353 318 651 353
f 385 653 354 301 654 354 319 572 354
f 300 548 355 344 655 355 384 652 355
f 343 656 356 345 657 356 385 653 356
f 342 658 357 348 566 357 384 652 357
f 385 653 358 349 563 358 343 656 358
f 300 659 359 346 660 359 344 661 359
f 345 657 360 347 662 360 301 654 360
f 314 663 361 322 664 361 380 665 361
f 381 666 362 323 667 362 315 614 362
f 316 668 363 378 669 363 380 665 363
f 381 666 364 379 613 364 317 578 364
f 320 670 365 386 649 365 380 665 365
f 381 666 366 387 671 366 321 672 366
f 350 558 367 352 553 367 380 665 367
f 381 666 368 353 554 368 351 559 368
f 324 552 369 380 665 369 352 553 369
f 353 554 370 381 666 370 325 555 370
f 400 673 371 388 674 371 414 675 371
f 415 676 372 389 677 372 401 678 372
f 400 673 373 402 679 373 398 680 373
f 405 681 374 403 682 374 399 683 374
f 398 680 375 404 684 375 406 685 375
f 407 686 376 405 687 376 399 688 376
f 396 689 377 406 685 377 408 690 377
f 409 691 378 407 686 378 397 692 378
f 394 693 379 408 690 379 410 694 379
f 411 695 380 409 696 380 395 697 380
f 392 698 381 410 694 381 390 699 381
f 413 700 382 411 695 382 391 701 382
f 410 694 383 420 702 383 418 703 383
f 419 704 384 421 705 384 411 706 384
f 408 707 385 422 708 385 410 709 385
f 421 710 386 423 711 386 411 712 386
f 406 713 387 424 714 387 422 708 387
f 423 711 388 425 715 388 407 686 388
f 404 716 389 426 717 389 424 718 389
f 425 715 390 427 719 390 405 687 390
f 402 679 391 428 720 391 426 721 391
f 427 722 392 429 723 392 403 724 392
f 402 679 393 414 675 393 428 720 393
f 417 725 394 415 726 394 429 723 394
f 318 651 395 320 670 395 444 727 395
f 445 728 396 321 729 396 319 572 396
f 320 730 397 390 699 397 412 731 397
f 413 732 398 391 733 398 321 734 398
f 310 571 399 318 651 399 312 735 399
f 443 736 400 319 737 400 313 738 400
f 382 739 401 430 740 401 388 674 401
f 415 676 402 431 741 402 389 677 402
f 412 742 403 418 743 403 444 744 403
f 441 745 404 419 704 404 445 746 404
f 438 747 405 446 748 405 444 749 405
f 445 750 406 447 751 406 439 752 406
f 434 753 407 446 748 407 436 754 407
f 439 755 408 447 756 408 437 757 408
f 432 758 409 448 759 409 446 760 409
f 447 761 410 449 762 410 433 763 410
f 430 740 411 448 764 411 432 765 411
f 433 763 412 449 762 412 431 766 412
f 414 675 413 430 740 413 450 767 413
f 451 768 414 431 766 414 415 726 414
f 312 735 415 448 759 415 430 769 415
f 431 770 416 449 771 416 313 641 416
f 312 735 417 442 772 417 446 760 417
f 447 761 418 443 773 418 313 774 418
f 442 772 419 444 727 419 446 760 419
f 447 775 420 445 776 420 443 777 420
f 416 778 421 450 779 421 476 780 421
f 453 781 422 451 768 422 477 782 422
f 450 779 423 432 758 423 462 783 423
f 463 784 424 433 763 424 451 768 424
f 432 758 425 434 785 425 462 783 425
f 461 786 426 435 787 426 463 784 426
f 434 788 427 436 789 427 458 790 427
f 459 791 428 437 757 428 435 792 428
f 436 754 429 438 747 429 456 793 429
f 457 794 430 439 755 430 437 757 430
f 438 795 425 440 796 425 456 797 425
f 455 798 431 441 799 431 457 800 431
f 440 801 432 418 743 432 454 802 432
f 475 803 433 419 804 433 455 805 433
f 428 806 434 416 778 434 464 807 434
f 477 782 435 417 725 435 465 808 435
f 426 809 436 428 806 436 466 810 436
f 465 808 437 429 723 437 467 811 437
f 424 812 438 426 813 438 468 814 438
f 467 815 439 427 816 439 469 817 439
f 422 818 440 424 812 440 468 814 440
f 469 819 441 425 820 441 423 821 441
f 420 822 442 422 708 442 470 823 442
f 471 824 443 423 821 443 421 825 443
f 418 743 444 420 826 444 472 827 444
f 473 828 445 421 825 445 419 804 445
f 458 829 446 456 793 446 480 830 446
f 481 831 447 457 832 447 459 833 447
f 478 834 448 480 830 448 482 835 448
f 483 836 449 481 831 449 479 837 449
f 484 838 450 482 835 450 486 839 450
f 489 840 451 483 836 451 487 841 451
f 486 839 452 488 842 452 490 843 452
f 491 844 453 489 840 453 487 841 453
f 464 845 454 476 846 454 492 847 454
f 487 841 455 477 848 455 493 849 455
f 452 850 456 484 838 456 486 839 456
f 487 851 457 485 852 457 453 781 457
f 452 850 458 462 853 458 478 834 458
f 479 837 459 463 854 459 453 855 459
f 458 829 460 478 834 460 460 856 460
f 463 854 461 479 837 461 461 857 461
f 454 858 462 474 859 462 456 860 462
f 481 831 463 475 861 463 457 832 463
f 472 862 464 482 835 464 480 830 464
f 481 863 465 483 864 465 473 865 465
f 470 866 466 488 842 466 482 835 466
f 483 864 467 489 867 467 471 868 467
f 468 869 468 490 843 468 488 842 468
f 489 867 469 491 870 469 469 871 469
f 466 872 470 492 847 470 468 869 470
f 491 873 471 493 874 471 469 875 471
f 464 845 472 492 847 472 466 872 472
f 467 876 473 493 874 473 465 146 473
f 392 877 474 390 878 474 502 879 474
f 505 880 475 391 701 475 503 881 475
f 394 882 476 392 877 476 500 883 476
f 503 881 477 393 884 477 501 885 477
f 396 886 478 394 882 478 500 883 478
f 501 885 479 395 697 479 397 887 479
f 398 888 480 396 889 480 498 890 480
f 499 891 481 397 892 481 399 893 481
f 400 894 482 398 888 482 496 895 482
f 497 896 483 399 897 483 401 898 483
f 388 899 484 400 900 484 494 901 484
f 495 902 485 401 898 485 389 903 485
f 494 904 486 502 905 486 504 621 486
f 505 906 487 503 907 487 495 902 487
f 494 904 488 496 908 488 502 905 488
f 501 909 489 497 910 489 503 911 489
f 496 895 490 498 890 490 500 912 490
f 501 909 491 499 913 491 497 910 491
f 314 914 492 382 915 492 388 899 492
f 389 903 493 383 916 493 315 917 493
f 314 663 494 506 918 494 504 919 494
f 505 920 495 507 921 495 315 614 495
f 320 922 496 322 923 496 390 924 496
f 505 925 497 323 926 497 391 927 497
f 1 2 498 3 7 498 45 3 498
f 2 5 499 48 928 499 46 6 499
f 3 7 500 5 929 500 43 8 500
f 4 4 501 46 6 501 44 10 501
f 9 12 502 7 930 502 5 13 502
f 10 15 503 4 4 503 6 9 503
f 11 16 504 9 931 504 3 7 504
f 12 17 505 2 5 505 4 4 505
f 13 19 506 15 23 506 9 20 506
f 14 22 507 12 17 507 10 15 507
f 15 23 508 17 932 508 7 24 508
f 16 21 509 10 15 509 8 14 509
f 17 932 510 15 23 510 19 27 510
f 18 933 511 20 28 511 16 30 511
f 15 23 512 13 19 512 21 26 512
f 16 30 513 22 29 513 14 33 513
f 25 35 514 27 39 514 21 36 514
f 26 38 515 24 32 515 22 29 515
f 19 934 516 21 36 516 29 40 516
f 20 28 517 30 41 517 22 29 517
f 29 40 518 27 39 518 31 43 518
f 30 41 519 32 44 519 28 37 519
f 27 935 520 25 46 520 33 48 520
f 28 37 521 34 45 521 26 38 521
f 33 48 522 35 47 522 39 51 522
f 34 57 523 40 52 523 36 54 523
f 31 936 524 33 48 524 41 55 524
f 32 937 525 42 56 525 34 57 525
f 41 55 526 39 51 526 43 8 526
f 42 56 527 44 58 527 40 52 527
f 39 51 528 37 50 528 45 3 528
f 40 52 529 46 59 529 38 53 529
f 49 938 530 47 61 530 51 63 530
f 50 939 531 52 64 531 48 60 531
f 51 63 532 37 62 532 53 66 532
f 52 940 533 54 67 533 38 69 533
f 53 941 534 35 70 534 55 71 534
f 54 67 535 56 72 535 36 68 535
f 55 71 536 25 35 536 57 74 536
f 56 72 537 58 75 537 26 73 537
f 13 78 538 59 84 538 57 79 538
f 14 81 539 24 942 539 58 82 539
f 11 83 540 63 943 540 59 84 540
f 12 86 541 14 81 541 60 80 541
f 1 88 542 65 94 542 63 89 542
f 2 91 543 12 944 543 64 92 543
f 47 93 544 49 945 544 65 94 544
f 48 96 545 2 91 545 66 90 545
f 91 508 546 89 118 546 176 120 546
f 91 508 547 176 120 547 90 122 547
f 89 118 548 87 123 548 174 119 548
f 90 122 549 175 121 549 88 126 549
f 170 128 550 172 236 550 87 129 550
f 171 130 551 86 134 551 88 126 551
f 168 132 552 170 128 552 85 127 552
f 169 133 553 84 946 553 86 134 553
f 166 136 554 168 132 554 83 131 554
f 167 138 555 82 316 555 84 139 555
f 92 141 556 146 947 556 164 142 556
f 93 144 557 80 948 557 165 145 557
f 146 949 558 92 146 558 148 148 558
f 147 143 559 149 149 559 93 144 559
f 96 152 560 150 207 560 148 153 560
f 97 155 561 95 150 561 149 149 561
f 150 207 562 96 152 562 152 157 562
f 151 154 563 153 158 563 97 155 563
f 152 157 564 98 156 564 154 161 564
f 153 950 565 155 162 565 99 164 565
f 154 161 566 100 160 566 156 166 566
f 155 162 567 157 167 567 101 163 567
f 104 169 568 158 951 568 156 166 568
f 105 171 569 103 168 569 157 167 569
f 158 951 570 104 169 570 160 173 570
f 159 952 571 161 174 571 105 176 571
f 160 953 572 106 177 572 162 179 572
f 161 174 573 163 180 573 107 175 573
f 162 179 574 108 178 574 68 183 574
f 163 180 575 68 184 575 109 181 575
f 162 221 576 110 186 576 160 173 576
f 163 224 577 161 188 577 111 190 577
f 179 191 578 158 951 578 160 173 578
f 180 193 579 129 189 579 161 188 579
f 179 954 580 126 194 580 158 196 580
f 180 193 581 159 192 581 127 198 581
f 126 194 582 124 199 582 156 195 582
f 127 198 583 157 197 583 125 202 583
f 124 199 584 122 203 584 154 200 584
f 125 202 585 155 201 585 123 205 585
f 122 390 586 120 206 586 152 157 586
f 123 205 587 153 158 587 121 208 587
f 120 206 588 118 209 588 150 207 588
f 121 208 589 151 154 589 119 210 589
f 146 212 590 148 153 590 118 209 590
f 147 143 591 117 384 591 119 210 591
f 164 214 592 146 212 592 116 211 592
f 165 216 593 115 381 593 117 217 593
f 181 218 594 177 219 594 164 214 594
f 182 220 595 115 381 595 165 216 595
f 112 225 596 110 186 596 68 222 596
f 113 955 597 68 223 597 111 190 597
f 68 222 598 178 956 598 183 226 598
f 68 223 599 113 955 599 184 228 599
f 178 956 600 177 219 600 183 226 600
f 178 956 601 184 229 601 177 219 601
f 137 231 602 176 120 602 174 119 602
f 137 231 603 136 233 603 175 121 603
f 135 230 604 174 119 604 172 124 604
f 136 233 605 134 237 605 173 125 605
f 170 128 606 131 234 606 172 236 606
f 171 130 607 173 125 607 132 238 607
f 187 239 608 185 243 608 168 132 608
f 188 241 609 167 312 609 169 242 609
f 170 128 610 168 132 610 185 243 610
f 171 130 611 132 238 611 186 244 611
f 187 239 612 144 245 612 189 247 612
f 188 241 612 189 247 612 145 248 612
f 69 957 613 185 243 613 189 247 613
f 69 957 614 189 247 614 186 240 614
f 69 957 615 130 249 615 185 243 615
f 69 957 615 186 240 615 130 249 615
f 193 252 616 191 275 616 144 253 616
f 194 255 617 143 311 617 145 256 617
f 142 958 618 140 257 618 193 259 618
f 143 959 619 194 260 619 141 262 619
f 140 257 620 139 263 620 195 258 620
f 141 960 621 196 265 621 139 267 621
f 139 961 622 138 268 622 197 270 622
f 139 962 623 198 271 623 138 273 623
f 70 963 624 190 274 624 191 275 624
f 70 277 625 192 254 625 190 276 625
f 208 298 145 70 277 145 206 279 145
f 208 298 146 207 280 146 70 277 146
f 199 281 626 200 964 626 197 270 626
f 199 283 627 71 272 627 198 271 627
f 200 285 628 202 289 628 195 286 628
f 201 288 629 198 965 629 196 261 629
f 193 966 630 195 286 630 204 290 630
f 194 260 631 205 291 631 196 261 631
f 204 292 154 206 967 154 191 275 154
f 205 293 632 194 255 632 192 254 632
f 200 285 633 199 294 633 202 289 633
f 201 282 634 203 295 634 199 283 634
f 208 298 635 206 279 635 204 299 635
f 208 298 636 199 297 636 205 293 636
f 140 301 637 164 305 637 177 302 637
f 141 303 638 139 968 638 177 219 638
f 142 304 639 211 969 639 164 305 639
f 143 307 640 141 303 640 165 216 640
f 211 318 641 142 308 641 213 309 641
f 212 970 642 214 310 642 143 311 642
f 213 309 643 144 245 643 166 136 643
f 214 971 644 167 312 644 145 248 644
f 166 136 645 81 135 645 213 309 645
f 167 138 646 214 314 646 82 316 646
f 213 309 647 209 313 647 211 318 647
f 214 314 648 212 319 648 210 315 648
f 164 322 649 211 318 649 215 317 649
f 165 323 650 80 546 650 216 320 650
f 222 972 651 131 324 651 72 326 651
f 223 356 652 72 326 652 132 238 652
f 131 324 653 222 972 653 220 327 653
f 132 329 654 134 332 654 221 330 654
f 133 232 655 220 327 655 218 331 655
f 134 332 656 136 337 656 219 333 656
f 135 335 657 218 973 657 217 336 657
f 136 337 658 137 334 658 217 336 658
f 231 974 181 217 338 181 229 340 181
f 231 975 182 230 341 182 217 343 182
f 220 344 659 227 348 659 229 340 659
f 221 346 660 219 342 660 230 341 660
f 222 347 185 225 976 185 227 348 185
f 223 350 186 221 977 186 228 351 186
f 225 978 187 222 352 187 224 354 187
f 226 979 188 224 355 188 223 356 188
f 231 358 661 229 362 661 225 359 661
f 231 358 662 224 357 662 226 361 662
f 181 368 663 234 980 663 232 369 663
f 182 220 664 184 229 664 233 371 664
f 183 367 665 232 369 665 254 373 665
f 184 229 666 113 376 666 255 374 666
f 256 410 667 110 186 667 254 375 667
f 257 409 668 255 374 668 111 377 668
f 234 980 669 181 368 669 252 379 669
f 235 370 670 253 380 670 182 220 670
f 116 382 202 250 981 202 252 379 202
f 117 384 671 115 982 671 253 385 671
f 118 209 672 248 388 672 250 386 672
f 119 210 673 117 384 673 251 383 673
f 120 206 674 246 391 674 248 388 674
f 121 208 675 119 210 675 249 387 675
f 122 390 676 244 983 676 246 391 676
f 123 205 677 121 208 677 247 389 677
f 244 983 678 122 390 678 242 394 678
f 245 984 679 243 395 679 123 397 679
f 242 394 680 124 393 680 240 399 680
f 243 395 681 241 400 681 125 396 681
f 179 191 682 236 404 682 240 399 682
f 180 403 683 127 401 683 241 400 683
f 128 187 684 238 408 684 236 404 684
f 129 406 685 180 985 685 237 407 685
f 110 186 686 256 410 686 238 408 686
f 111 377 687 129 406 687 239 405 687
f 256 410 688 258 449 688 276 411 688
f 257 413 689 239 416 689 277 414 689
f 238 408 690 276 411 690 278 415 690
f 239 416 691 237 421 691 279 417 691
f 274 424 692 240 418 692 278 420 692
f 275 425 693 279 417 693 241 422 693
f 272 986 694 242 423 694 274 424 694
f 273 987 695 275 425 695 243 426 695
f 242 423 696 272 986 696 270 428 696
f 243 430 697 245 433 697 271 431 697
f 268 988 698 246 432 698 270 428 698
f 269 436 699 271 431 699 247 434 699
f 246 391 700 268 989 700 266 435 700
f 247 434 701 249 438 701 267 437 701
f 264 441 702 250 386 702 266 435 702
f 265 990 703 267 437 703 251 439 703
f 262 991 704 252 440 704 264 441 704
f 263 447 705 265 442 705 253 444 705
f 252 440 237 262 991 237 280 446 237
f 253 444 238 235 457 238 281 448 238
f 254 375 706 260 453 706 258 449 706
f 255 451 707 257 413 707 259 412 707
f 232 452 708 282 456 708 260 453 708
f 233 455 709 255 451 709 261 450 709
f 234 445 710 280 446 710 282 456 710
f 235 457 711 233 992 711 283 458 711
f 108 178 712 284 463 712 73 459 712
f 109 461 713 67 993 713 73 462 713
f 106 177 714 286 994 714 284 463 714
f 107 465 715 109 461 715 285 460 715
f 286 995 716 106 466 716 288 468 716
f 287 464 717 289 469 717 107 465 717
f 288 468 718 104 467 718 290 472 718
f 289 996 719 291 473 719 105 171 719
f 290 472 720 102 471 720 292 475 720
f 291 473 721 293 476 721 103 168 721
f 98 477 722 294 592 722 292 475 722
f 99 164 723 101 163 723 293 476 723
f 294 592 724 98 477 724 296 480 724
f 295 997 725 297 481 725 99 483 725
f 94 485 726 298 489 726 296 486 726
f 95 488 727 97 482 727 297 481 727
f 92 141 728 300 548 728 298 489 728
f 93 491 729 95 488 729 299 487 729
f 338 534 730 308 492 730 328 494 730
f 339 500 731 329 495 731 308 497 731
f 336 502 732 307 498 732 338 499 732
f 337 503 733 339 500 733 307 498 733
f 340 530 734 306 501 734 336 502 734
f 341 531 735 337 503 735 306 501 735
f 91 505 736 306 998 736 340 506 736
f 91 508 737 90 122 737 341 509 737
f 89 504 738 340 506 738 334 511 738
f 90 513 739 88 999 739 335 514 739
f 87 510 740 334 511 740 330 516 740
f 88 518 741 86 1000 741 331 519 741
f 85 521 742 330 1001 742 332 522 742
f 86 524 743 84 139 743 333 525 743
f 336 502 744 338 499 744 332 527 744
f 337 503 745 331 519 745 333 528 745
f 336 502 746 330 526 746 340 530 746
f 337 503 747 341 531 747 331 519 747
f 328 494 748 326 532 748 338 534 748
f 329 495 749 339 500 749 327 535 749
f 83 520 750 332 522 750 326 537 750
f 84 139 751 82 316 751 327 538 751
f 215 545 752 209 539 752 344 541 752
f 216 320 753 345 542 753 210 315 753
f 209 539 754 81 536 754 342 540 754
f 210 315 755 343 543 755 82 316 755
f 346 1002 756 79 544 756 344 541 756
f 347 1003 757 345 542 757 80 546 757
f 92 141 758 79 140 758 300 548 758
f 93 491 759 301 490 759 80 550 759
f 304 557 760 77 551 760 352 553 760
f 304 560 761 353 554 761 77 556 761
f 78 561 762 304 557 762 350 558 762
f 78 1004 763 351 559 763 304 560 763
f 350 558 764 348 566 764 305 562 764
f 351 564 765 78 1005 765 305 565 765
f 348 566 766 328 494 766 309 493 766
f 349 563 767 305 565 767 309 568 767
f 342 658 768 326 532 768 348 566 768
f 343 543 769 349 569 769 327 538 769
f 298 489 770 318 651 770 310 571 770
f 299 573 771 297 1006 771 311 574 771
f 77 556 772 76 575 772 324 577 772
f 77 556 773 325 555 773 76 575 773
f 303 585 774 302 579 774 356 581 774
f 303 1007 775 357 582 775 302 584 775
f 356 581 776 354 589 776 75 586 776
f 357 588 777 303 585 777 75 586 777
f 354 589 778 316 615 778 76 590 778
f 355 591 779 75 1008 779 76 575 779
f 294 592 780 362 1009 780 364 593 780
f 295 478 781 293 476 781 365 595 781
f 362 597 782 368 1010 782 366 598 782
f 363 594 783 365 595 783 367 600 783
f 368 602 784 370 606 784 372 603 784
f 369 599 785 367 600 785 373 605 785
f 370 606 786 376 1011 786 374 607 786
f 371 604 787 373 605 787 375 609 787
f 376 1011 788 314 610 788 374 607 788
f 377 1012 789 375 612 789 315 614 789
f 354 589 790 374 607 790 378 611 790
f 355 591 791 317 578 791 379 613 791
f 356 581 792 372 603 792 374 607 792
f 357 582 793 355 1013 793 375 609 793
f 358 580 794 366 601 794 372 603 794
f 359 583 795 357 582 795 373 605 795
f 360 617 796 364 596 796 366 598 796
f 361 618 797 359 583 797 367 600 797
f 360 1014 798 290 472 798 364 593 798
f 361 618 799 365 595 799 291 473 799
f 302 1015 800 74 619 800 358 616 800
f 302 1015 801 359 620 801 74 619 801
f 290 1016 802 284 622 802 288 624 802
f 291 1017 803 289 625 803 285 627 803
f 290 629 804 360 1018 804 74 630 804
f 291 473 805 285 1019 805 74 631 805
f 362 1009 806 294 592 806 310 636 806
f 363 594 807 311 637 807 295 478 807
f 312 640 808 368 1010 808 362 597 808
f 313 641 809 311 637 809 363 594 809
f 382 643 810 370 606 810 368 602 810
f 383 644 811 313 641 811 369 599 811
f 382 1020 812 314 645 812 370 647 812
f 383 644 813 371 604 813 315 648 813
f 384 652 814 348 566 814 386 649 814
f 385 653 815 387 650 815 349 563 815
f 320 670 816 318 651 816 386 649 816
f 321 729 817 387 650 817 319 572 817
f 300 548 818 384 652 818 318 651 818
f 301 654 819 299 573 819 319 572 819
f 344 655 820 342 658 820 384 652 820
f 345 657 821 301 654 821 385 653 821
f 378 669 822 314 663 822 380 665 822
f 379 613 823 381 666 823 315 614 823
f 324 552 824 316 668 824 380 665 824
f 325 555 825 381 666 825 317 578 825
f 322 664 826 320 670 826 380 665 826
f 323 667 827 381 666 827 321 672 827
f 386 649 828 350 558 828 380 665 828
f 387 671 829 381 666 829 351 559 829
f 402 679 830 400 673 830 414 675 830
f 403 1021 831 415 676 831 401 678 831
f 402 679 832 404 684 832 398 680 832
f 403 682 833 401 1022 833 399 683 833
f 396 689 834 398 680 834 406 685 834
f 397 692 835 407 686 835 399 688 835
f 394 693 836 396 689 836 408 690 836
f 395 1023 837 409 691 837 397 692 837
f 392 698 838 394 693 838 410 694 838
f 393 884 839 411 695 839 395 697 839
f 410 694 840 412 731 840 390 699 840
f 411 695 841 393 884 841 391 701 841
f 412 731 842 410 694 842 418 703 842
f 413 1024 843 419 704 843 411 706 843
f 422 708 844 420 822 844 410 709 844
f 423 711 845 409 691 845 411 712 845
f 408 707 846 406 713 846 422 708 846
f 409 691 847 423 711 847 407 686 847
f 406 1025 848 404 716 848 424 718 848
f 407 686 849 425 715 849 405 687 849
f 404 684 850 402 679 850 426 721 850
f 405 1026 851 427 722 851 403 724 851
f 414 675 852 416 1027 852 428 720 852
f 415 726 853 403 724 853 429 723 853
f 442 772 854 318 651 854 444 727 854
f 443 1028 855 445 728 855 319 572 855
f 444 1029 856 320 730 856 412 731 856
f 445 1030 857 413 732 857 321 734 857
f 318 651 858 442 772 858 312 735 858
f 319 737 859 311 1031 859 313 738 859
f 430 740 860 414 675 860 388 674 860
f 431 741 861 383 1032 861 389 677 861
f 418 743 862 440 801 862 444 744 862
f 419 704 863 413 1024 863 445 746 863
f 440 1033 864 438 747 864 444 749 864
f 441 799 865 445 750 865 439 752 865
f 446 748 866 438 747 866 436 754 866
f 447 756 867 435 792 867 437 757 867
f 434 785 868 432 758 868 446 760 868
f 435 787 869 447 761 869 433 763 869
f 450 767 870 430 740 870 432 765 870
f 451 768 871 433 763 871 431 766 871
f 416 1027 872 414 675 872 450 767 872
f 417 725 873 451 768 873 415 726 873
f 382 1034 874 312 735 874 430 769 874
f 383 644 875 431 770 875 313 641 875
f 448 759 876 312 735 876 446 760 876
f 449 762 877 447 761 877 313 774 877
f 450 779 878 452 1035 878 476 780 878
f 451 768 879 417 725 879 477 782 879
f 452 1035 880 450 779 880 462 783 880
f 453 781 881 463 784 881 451 768 881
f 434 785 425 460 1036 425 462 783 425
f 435 787 426 433 763 426 463 784 426
f 460 1037 882 434 788 882 458 790 882
f 461 1038 883 459 791 883 435 792 883
f 458 829 884 436 754 884 456 793 884
f 459 791 885 457 794 885 437 757 885
f 440 796 886 454 1039 886 456 797 886
f 441 799 426 439 752 426 457 800 426
f 418 743 887 474 1040 887 454 802 887
f 419 804 888 441 1041 888 455 805 888
f 416 778 889 476 780 889 464 807 889
f 417 725 890 429 723 890 465 808 890
f 428 806 891 464 807 891 466 810 891
f 429 723 892 427 722 892 467 811 892
f 426 813 893 466 1042 893 468 814 893
f 427 816 894 425 1043 894 469 817 894
f 470 1044 895 422 818 895 468 814 895
f 471 824 896 469 819 896 423 821 896
f 472 1045 897 420 822 897 470 823 897
f 473 828 898 471 824 898 421 825 898
f 474 1040 899 418 743 899 472 827 899
f 475 803 900 473 828 900 419 804 900
f 478 834 901 458 829 901 480 830 901
f 479 837 902 481 831 902 459 833 902
f 484 838 903 478 834 903 482 835 903
f 485 1046 904 483 836 904 479 837 904
f 482 835 905 488 842 905 486 839 905
f 483 836 906 485 1046 906 487 841 906
f 492 847 907 486 839 907 490 843 907
f 493 849 908 491 844 908 487 841 908
f 476 846 909 486 839 909 492 847 909
f 477 848 910 465 1047 910 493 849 910
f 476 846 911 452 850 911 486 839 911
f 477 782 912 487 851 912 453 781 912
f 484 838 913 452 850 913 478 834 913
f 485 1046 914 479 837 914 453 855 914
f 478 834 915 462 853 915 460 856 915
f 479 837 916 459 833 916 461 857 916
f 474 859 917 480 1048 917 456 860 917
f 475 861 918 455 1049 918 457 832 918
f 474 1050 919 472 862 919 480 830 919
f 475 1051 920 481 863 920 473 865 920
f 472 862 921 470 866 921 482 835 921
f 473 865 922 483 864 922 471 868 922
f 470 866 923 468 869 923 488 842 923
f 471 868 924 489 867 924 469 871 924
f 492 847 925 490 843 925 468 869 925
f 493 874 926 467 876 926 469 875 926
f 390 878 927 504 1052 927 502 879 927
f 391 701 928 393 884 928 503 881 928
f 392 877 929 502 879 929 500 883 929
f 393 884 930 395 697 930 501 885 930
f 498 1053 931 396 886 931 500 883 931
f 499 1054 932 501 885 932 397 887 932
f 496 895 933 398 888 933 498 890 933
f 497 1055 934 499 891 934 399 893 934
f 494 1056 935 400 894 935 496 895 935
f 495 902 936 497 896 936 401 898 936
f 506 1057 937 388 899 937 494 901 937
f 507 1058 938 495 902 938 389 903 938
f 506 1059 939 494 904 939 504 621 939
f 507 1058 940 505 906 940 495 902 940
f 496 908 941 500 1060 941 502 905 941
f 497 910 942 495 1061 942 503 911 942
f 506 1057 943 314 914 943 388 899 943
f 507 1058 944 389 903 944 315 917 944
f 322 664 945 314 663 945 504 919 945
f 323 667 946 505 920 946 315 614 946
f 322 923 947 504 1062 947 390 924 947
f 323 926 948 321 1063 948 391 927 948
